run_id,method,dataset,mode,partition,alpha,n_parties,seed,config.gbdt.n_rounds,config.gbdt.max_depth,config.gbdt.eta,config.gbdt.reg_lambda,config.gbdt.gamma,config.gbdt.min_child_weight,config.gbdt.max_bin,config.gbdt.tree_method,config.lsh.L,config.lsh.max_L,config.lsh.r,config.lsh.p_stable,config.lsh.tie_break,config.schedule,config.n_threads,config.network.latency_ms,config.network.bandwidth_mbps,config.test_size,config.split_seed,config.min_party_size,config.inference.n_single,config.inference.n_warmup,config.drop_cols,data.n_train,data.n_test,data.n_features,data.class_names,data.party_sizes,timing.train_total_s,timing.setup_s,timing.lsh_preprocessing_s,timing.local_gradients_s,timing.tree_building_s,timing.aggregation_comm_s,timing.prediction_update_s,timing.model_merge_s,communication.scaler_rounds,communication.hash_exchange_rounds,communication.preprocessing_rounds,communication.training_rounds,communication.scaler_bytes,communication.hash_exchange_bytes,communication.preprocessing_bytes,communication.gradient_bytes,communication.tree_bytes,communication.training_bytes,communication.messages,communication.total_rounds,communication.total_bytes,network.latency_ms,network.bandwidth_mbps,network.preprocessing_s,network.training_s,network.total_s,quality.accuracy,quality.macro_f1,quality.weighted_f1,quality.macro_precision,quality.macro_recall,quality.fpr,quality.precision.benign,quality.precision.attack,quality.recall.benign,quality.recall.attack,inference.batch_per_sample_s,inference.single_median_s,inference.n_single,model.bytes,model.n_trees,model.n_boosting_rounds,model.total_nodes,simfl.L,simfl.r,simfl.p_stable,simfl.tie_break,simfl.schedule,simfl.trees_per_party,simfl.unmatched_samples,simfl.mean_matching_hashes,quality.precision.BENIGN,quality.precision.Bot,quality.precision.BruteForce,quality.precision.DoS,quality.precision.Infiltration,quality.precision.PortScan,quality.precision.WebAttack,quality.recall.BENIGN,quality.recall.Bot,quality.recall.BruteForce,quality.recall.DoS,quality.recall.Infiltration,quality.recall.PortScan,quality.recall.WebAttack,quality.precision.Normal,quality.precision.MITM ARP Spoofing,quality.precision.Mirai,quality.precision.Scan,quality.recall.Normal,quality.recall.MITM ARP Spoofing,quality.recall.Mirai,quality.recall.Scan
CICIDS2017__binary__ALL-IN__pooled__M1__seed0,ALL-IN,CICIDS2017,binary,pooled,,1,0,50,8,0.1,1.0,1.0,1.0,256,hist,,40,4.0,gaussian,random,proportional_blocks,4,20.0,100.0,0.2,42,20,1000,100,[],21440,5360,77,"[""benign"", ""attack""]",[21440],0.29627389300003415,0.008201209000048948,0.0,0.0,0.28803841499995997,0.0,0.0,0.0,0,0,0,0,0,0,0,0,0,0,0,0,0,20.0,100.0,0.0,0.0,0.0,0.9934701492537313,0.9925031894413259,0.9934726608376597,0.9921256069511883,0.9928833379324686,0.0054869684499314125,0.9958791208791209,0.9883720930232558,0.9945130315500685,0.9912536443148688,4.0521026120579826e-07,0.00014670150000029025,1000.0,185927.0,50.0,50.0,4476.0,,,,,,,,,,,,,,,,,,,,,,,,,,,,,,
CICIDS2017__binary__ALL-IN__pooled__M1__seed1,ALL-IN,CICIDS2017,binary,pooled,,1,1,50,8,0.1,1.0,1.0,1.0,256,hist,,40,4.0,gaussian,random,proportional_blocks,4,20.0,100.0,0.2,42,20,1000,100,[],21440,5360,77,"[""benign"", ""attack""]",[21440],0.24713434099999176,0.007849882000073194,0.0,0.0,0.2392456449999827,0.0,0.0,0.0,0,0,0,0,0,0,0,0,0,0,0,0,0,20.0,100.0,0.0,0.0,0.0,0.9934701492537313,0.9925031894413259,0.9934726608376597,0.9921256069511883,0.9928833379324686,0.0054869684499314125,0.9958791208791209,0.9883720930232558,0.9945130315500685,0.9912536443148688,4.164503731395435e-07,0.0001435545000276761,1000.0,185927.0,50.0,50.0,4476.0,,,,,,,,,,,,,,,,,,,,,,,,,,,,,,
CICIDS2017__binary__ALL-IN__pooled__M1__seed2,ALL-IN,CICIDS2017,binary,pooled,,1,2,50,8,0.1,1.0,1.0,1.0,256,hist,,40,4.0,gaussian,random,proportional_blocks,4,20.0,100.0,0.2,42,20,1000,100,[],21440,5360,77,"[""benign"", ""attack""]",[21440],0.2820109350000166,0.00920036100001198,0.0,0.0,0.2727680999998938,0.0,0.0,0.0,0,0,0,0,0,0,0,0,0,0,0,0,0,20.0,100.0,0.0,0.0,0.0,0.9934701492537313,0.9925031894413259,0.9934726608376597,0.9921256069511883,0.9928833379324686,0.0054869684499314125,0.9958791208791209,0.9883720930232558,0.9945130315500685,0.9912536443148688,3.9073917910071084e-07,0.00014759149996734777,1000.0,185927.0,50.0,50.0,4476.0,,,,,,,,,,,,,,,,,,,,,,,,,,,,,,
CICIDS2017__binary__ALL-IN__pooled__M1__seed3,ALL-IN,CICIDS2017,binary,pooled,,1,3,50,8,0.1,1.0,1.0,1.0,256,hist,,40,4.0,gaussian,random,proportional_blocks,4,20.0,100.0,0.2,42,20,1000,100,[],21440,5360,77,"[""benign"", ""attack""]",[21440],0.2552350280000155,0.007436547999986942,0.0,0.0,0.2477594899999076,0.0,0.0,0.0,0,0,0,0,0,0,0,0,0,0,0,0,0,20.0,100.0,0.0,0.0,0.0,0.9934701492537313,0.9925031894413259,0.9934726608376597,0.9921256069511883,0.9928833379324686,0.0054869684499314125,0.9958791208791209,0.9883720930232558,0.9945130315500685,0.9912536443148688,4.232429104370146e-07,0.00014471600002252671,1000.0,185927.0,50.0,50.0,4476.0,,,,,,,,,,,,,,,,,,,,,,,,,,,,,,
CICIDS2017__binary__ALL-IN__pooled__M1__seed4,ALL-IN,CICIDS2017,binary,pooled,,1,4,50,8,0.1,1.0,1.0,1.0,256,hist,,40,4.0,gaussian,random,proportional_blocks,4,20.0,100.0,0.2,42,20,1000,100,[],21440,5360,77,"[""benign"", ""attack""]",[21440],0.2484616179999648,0.008929658000170093,0.0,0.0,0.23949760899995454,0.0,0.0,0.0,0,0,0,0,0,0,0,0,0,0,0,0,0,20.0,100.0,0.0,0.0,0.0,0.9934701492537313,0.9925031894413259,0.9934726608376597,0.9921256069511883,0.9928833379324686,0.0054869684499314125,0.9958791208791209,0.9883720930232558,0.9945130315500685,0.9912536443148688,3.8855074624687186e-07,0.0001498685001024569,1000.0,185927.0,50.0,50.0,4476.0,,,,,,,,,,,,,,,,,,,,,,,,,,,,,,
CICIDS2017__binary__SOLO__dirichlet_a0.1__M10__seed0,SOLO,CICIDS2017,binary,dirichlet,0.1,10,0,50,8,0.1,1.0,1.0,1.0,256,hist,,40,4.0,gaussian,random,proportional_blocks,4,20.0,100.0,0.2,42,20,1000,100,[],21440,5360,77,"[""benign"", ""attack""]","[2522, 2417, 248, 101, 59, 495, 9474, 1315, 3613, 1196]",0.04246533600002067,0.0011245502999940981,0.0,0.0,0.04130383599997458,0.0,0.0,0.0,0,0,0,0,0,0,0,0,0,0,0,0,0,20.0,100.0,0.0,0.0,0.0,0.6393283582089553,0.5557453935226679,0.5688064104835765,0.636694088317187,0.6314016964810615,0.3465843621399177,0.5574910321819488,0.7158971444524252,0.6534156378600823,0.6093877551020409,4.0495826492112985e-07,0.00016022410001141906,1000.0,53012.9,50.0,50.0,568.2,,,,,,,,,,,,,,,,,,,,,,,,,,,,,,
CICIDS2017__binary__SOLO__dirichlet_a0.1__M10__seed1,SOLO,CICIDS2017,binary,dirichlet,0.1,10,1,50,8,0.1,1.0,1.0,1.0,256,hist,,40,4.0,gaussian,random,proportional_blocks,4,20.0,100.0,0.2,42,20,1000,100,[],21440,5360,77,"[""benign"", ""attack""]","[7862, 1152, 780, 23, 2259, 2403, 20, 169, 964, 5808]",0.04127352119999159,0.0010373931000003723,0.0,0.0,0.04020151130000613,0.0,0.0,0.0,0,0,0,0,0,0,0,0,0,0,0,0,0,20.0,100.0,0.0,0.0,0.0,0.5637313432835821,0.48129098841734413,0.4656947817615741,0.513602805619115,0.6025866337128619,0.5053223593964334,0.3936768019977934,0.6335288092404365,0.49467764060356656,0.7104956268221574,2.7854263059941617e-07,0.00014604589998725714,1000.0,55332.1,50.0,50.0,636.4,,,,,,,,,,,,,,,,,,,,,,,,,,,,,,
CICIDS2017__binary__SOLO__dirichlet_a0.1__M10__seed2,SOLO,CICIDS2017,binary,dirichlet,0.1,10,2,50,8,0.1,1.0,1.0,1.0,256,hist,,40,4.0,gaussian,random,proportional_blocks,4,20.0,100.0,0.2,42,20,1000,100,[],21440,5360,77,"[""benign"", ""attack""]","[52, 722, 160, 1991, 573, 827, 3837, 83, 403, 12792]",0.03559638790002282,0.0011248714000203109,0.0,0.0,0.03443806769998901,0.0,0.0,0.0,0,0,0,0,0,0,0,0,0,0,0,0,0,20.0,100.0,0.0,0.0,0.0,0.5687873134328358,0.5117013740311165,0.48178437618443287,0.5110233054791354,0.6378420456954094,0.5539368998628258,0.42922836173753465,0.5928182492207363,0.4460631001371742,0.8296209912536444,2.5890242537526765e-07,0.00014151169998513068,1000.0,52586.0,50.0,50.0,555.8,,,,,,,,,,,,,,,,,,,,,,,,,,,,,,
CICIDS2017__binary__SOLO__dirichlet_a0.1__M10__seed3,SOLO,CICIDS2017,binary,dirichlet,0.1,10,3,50,8,0.1,1.0,1.0,1.0,256,hist,,40,4.0,gaussian,random,proportional_blocks,4,20.0,100.0,0.2,42,20,1000,100,[],21440,5360,77,"[""benign"", ""attack""]","[68, 117, 4850, 46, 1513, 7697, 889, 5705, 168, 387]",0.039907239700028185,0.0010765250000758896,0.0,0.0,0.03879441610001777,0.0,0.0,0.0,0,0,0,0,0,0,0,0,0,0,0,0,0,20.0,100.0,0.0,0.0,0.0,0.5693656716417912,0.4973523252591214,0.4765397520954989,0.5100253539136386,0.6185386747291509,0.5180246913580248,0.40604130834198393,0.614009399485293,0.48197530864197524,0.7551020408163266,2.6190748134715604e-07,0.0001394492499912303,1000.0,55244.7,50.0,50.0,634.0,,,,,,,,,,,,,,,,,,,,,,,,,,,,,,
CICIDS2017__binary__SOLO__dirichlet_a0.1__M10__seed4,SOLO,CICIDS2017,binary,dirichlet,0.1,10,4,50,8,0.1,1.0,1.0,1.0,256,hist,,40,4.0,gaussian,random,proportional_blocks,4,20.0,100.0,0.2,42,20,1000,100,[],21440,5360,77,"[""benign"", ""attack""]","[8228, 2236, 732, 1461, 189, 3091, 2831, 556, 1382, 734]",0.04444358699997793,0.0011082416000135708,0.0,0.0,0.043302132299982074,0.0,0.0,0.0,0,0,0,0,0,0,0,0,0,0,0,0,0,20.0,100.0,0.0,0.0,0.0,0.6719962686567164,0.5995619752256296,0.6058527066299799,0.6529560583580974,0.6715681051962232,0.32724279835390946,0.5735336070472591,0.7323785096689359,0.6727572016460905,0.6703790087463556,3.0649199626412756e-07,0.00013649625004745757,1000.0,60237.9,50.0,50.0,780.6,,,,,,,,,,,,,,,,,,,,,,,,,,,,,,
CICIDS2017__binary__SOLO__dirichlet_a0.1__M2__seed0,SOLO,CICIDS2017,binary,dirichlet,0.1,2,0,50,8,0.1,1.0,1.0,1.0,256,hist,,40,4.0,gaussian,random,proportional_blocks,4,20.0,100.0,0.2,42,20,1000,100,[],21440,5360,77,"[""benign"", ""attack""]","[17749, 3691]",0.11273012000003746,0.003617279499962933,0.0,0.0,0.10907414349998135,0.0,0.0,0.0,0,0,0,0,0,0,0,0,0,0,0,0,0,20.0,100.0,0.0,0.0,0.0,0.6530783582089552,0.6132076046791943,0.5706293285850464,0.5739940119238864,0.7401390538578747,0.5016460905349794,0.49161028416779434,0.6563777396799785,0.49835390946502056,0.9819241982507289,2.8267220149069515e-07,0.00014502075001132653,1000.0,100745.5,50.0,50.0,1972.0,,,,,,,,,,,,,,,,,,,,,,,,,,,,,,
CICIDS2017__binary__SOLO__dirichlet_a0.1__M2__seed1,SOLO,CICIDS2017,binary,dirichlet,0.1,2,1,50,8,0.1,1.0,1.0,1.0,256,hist,,40,4.0,gaussian,random,proportional_blocks,4,20.0,100.0,0.2,42,20,1000,100,[],21440,5360,77,"[""benign"", ""attack""]","[14764, 6676]",0.13014741400002094,0.0038353295000206344,0.0,0.0,0.12626741750000292,0.0,0.0,0.0,0,0,0,0,0,0,0,0,0,0,0,0,0,20.0,100.0,0.0,0.0,0.0,0.8903917910447762,0.8553259805363673,0.8805841155806148,0.9150981128879784,0.8496344687198807,0.03717421124828532,0.9001930081140752,0.9300032176618817,0.9628257887517147,0.7364431486880467,3.6833712687551393e-07,0.00014078200001677033,1000.0,114165.0,50.0,50.0,2366.0,,,,,,,,,,,,,,,,,,,,,,,,,,,,,,
CICIDS2017__binary__SOLO__dirichlet_a0.1__M2__seed2,SOLO,CICIDS2017,binary,dirichlet,0.1,2,2,50,8,0.1,1.0,1.0,1.0,256,hist,,40,4.0,gaussian,random,proportional_blocks,4,20.0,100.0,0.2,42,20,1000,100,[],21440,5360,77,"[""benign"", ""attack""]","[16693, 4747]",0.16677333950008233,0.005199160999950436,0.0,0.0,0.1615341519999447,0.0,0.0,0.0,0,0,0,0,0,0,0,0,0,0,0,0,0,20.0,100.0,0.0,0.0,0.0,0.9402985074626866,0.9274192567197186,0.9384147987838294,0.9562710810815361,0.909252660499826,0.004526748971193416,0.9235644506593641,0.9889777115037082,0.9954732510288066,0.8230320699708454,4.0278003729778236e-07,0.00014695349995008655,1000.0,135449.0,50.0,50.0,2992.0,,,,,,,,,,,,,,,,,,,,,,,,,,,,,,
CICIDS2017__binary__SOLO__dirichlet_a0.1__M2__seed3,SOLO,CICIDS2017,binary,dirichlet,0.1,2,3,50,8,0.1,1.0,1.0,1.0,256,hist,,40,4.0,gaussian,random,proportional_blocks,4,20.0,100.0,0.2,42,20,1000,100,[],21440,5360,77,"[""benign"", ""attack""]","[5340, 16100]",0.11135198750002928,0.003944875999991382,0.0,0.0,0.1073687749999408,0.0,0.0,0.0,0,0,0,0,0,0,0,0,0,0,0,0,0,20.0,100.0,0.0,0.0,0.0,0.6459888059701493,0.604756130810062,0.563401436242777,0.5696197421163041,0.7285200382328123,0.5006858710562414,0.4808454425363276,0.6583940416962806,0.4993141289437586,0.9577259475218659,3.0531268657541794e-07,0.00014143425005386234,1000.0,88062.0,50.0,50.0,1599.0,,,,,,,,,,,,,,,,,,,,,,,,,,,,,,
CICIDS2017__binary__SOLO__dirichlet_a0.1__M2__seed4,SOLO,CICIDS2017,binary,dirichlet,0.1,2,4,50,8,0.1,1.0,1.0,1.0,256,hist,,40,4.0,gaussian,random,proportional_blocks,4,20.0,100.0,0.2,42,20,1000,100,[],21440,5360,77,"[""benign"", ""attack""]","[14180, 7260]",0.14755555900001127,0.003883547000100407,0.0,0.0,0.1436312954999721,0.0,0.0,0.0,0,0,0,0,0,0,0,0,0,0,0,0,0,20.0,100.0,0.0,0.0,0.0,0.8682835820895523,0.8253446196038651,0.8564812778859616,0.9146071381437977,0.7957899914816015,0.002880658436213992,0.8404153075776997,0.9887989687098957,0.997119341563786,0.5944606413994169,3.8785820896097915e-07,0.00014838300006658756,1000.0,131098.5,50.0,50.0,2864.0,,,,,,,,,,,,,,,,,,,,,,,,,,,,,,
CICIDS2017__binary__SOLO__dirichlet_a0.1__M5__seed0,SOLO,CICIDS2017,binary,dirichlet,0.1,5,0,50,8,0.1,1.0,1.0,1.0,256,hist,,40,4.0,gaussian,random,proportional_blocks,4,20.0,100.0,0.2,42,20,1000,100,[],21440,5360,77,"[""benign"", ""attack""]","[16000, 58, 1421, 2509, 1452]",0.07310767520000354,0.001766986999996334,0.0,0.0,0.07130169139998088,0.0,0.0,0.0,0,0,0,0,0,0,0,0,0,0,0,0,0,20.0,100.0,0.0,0.0,0.0,0.6487313432835821,0.6229794690148125,0.6050285521477441,0.6868806836615227,0.7154853287581935,0.4699039780521262,0.7544106806735918,0.6193506866494533,0.5300960219478739,0.9008746355685131,3.0317619402226294e-07,0.0001521800000091389,1000.0,67787.8,50.0,50.0,1002.8,,,,,,,,,,,,,,,,,,,,,,,,,,,,,,
CICIDS2017__binary__SOLO__dirichlet_a0.1__M5__seed1,SOLO,CICIDS2017,binary,dirichlet,0.1,5,1,50,8,0.1,1.0,1.0,1.0,256,hist,,40,4.0,gaussian,random,proportional_blocks,4,20.0,100.0,0.2,42,20,1000,100,[],21440,5360,77,"[""benign"", ""attack""]","[2057, 12806, 1633, 2465, 2479]",0.06695166760000575,0.0016736548000608309,0.0,0.0,0.06523380540002108,0.0,0.0,0.0,0,0,0,0,0,0,0,0,0,0,0,0,0,20.0,100.0,0.0,0.0,0.0,0.7079477611940299,0.628344763885397,0.652490152101606,0.7107158692858366,0.6808509600195164,0.2438957475994513,0.6539892304205417,0.7674425081511316,0.7561042524005487,0.605597667638484,3.0254884328864575e-07,0.00013720299998567497,1000.0,72727.8,50.0,50.0,1147.6,,,,,,,,,,,,,,,,,,,,,,,,,,,,,,
CICIDS2017__binary__SOLO__dirichlet_a0.1__M5__seed2,SOLO,CICIDS2017,binary,dirichlet,0.1,5,2,50,8,0.1,1.0,1.0,1.0,256,hist,,40,4.0,gaussian,random,proportional_blocks,4,20.0,100.0,0.2,42,20,1000,100,[],21440,5360,77,"[""benign"", ""attack""]","[1709, 1251, 354, 15260, 2866]",0.06730104379994373,0.00226279099997555,0.0,0.0,0.06500181319997864,0.0,0.0,0.0,0,0,0,0,0,0,0,0,0,0,0,0,0,20.0,100.0,0.0,0.0,0.0,0.6424626865671643,0.5832957299884244,0.5685937617564059,0.6017376750076769,0.6730245113918583,0.4118518518518518,0.5048316451930848,0.6986437048222692,0.5881481481481481,0.7579008746355685,3.0724089551360733e-07,0.00014408240006105188,1000.0,73927.6,50.0,50.0,1183.2,,,,,,,,,,,,,,,,,,,,,,,,,,,,,,
CICIDS2017__binary__SOLO__dirichlet_a0.1__M5__seed3,SOLO,CICIDS2017,binary,dirichlet,0.1,5,3,50,8,0.1,1.0,1.0,1.0,256,hist,,40,4.0,gaussian,random,proportional_blocks,4,20.0,100.0,0.2,42,20,1000,100,[],21440,5360,77,"[""benign"", ""attack""]","[149, 2835, 12835, 1525, 4096]",0.0552350457999637,0.0018283553999935975,0.0,0.0,0.05337034159997529,0.0,0.0,0.0,0,0,0,0,0,0,0,0,0,0,0,0,0,20.0,100.0,0.0,0.0,0.0,0.586679104477612,0.528634865243036,0.511510962987316,0.5689532600575319,0.6414878002935448,0.510727023319616,0.5224108449176946,0.6154956751973691,0.4892729766803841,0.7937026239067055,3.175357835855843e-07,0.00015161680000801424,1000.0,60713.8,50.0,50.0,794.8,,,,,,,,,,,,,,,,,,,,,,,,,,,,,,
CICIDS2017__binary__SOLO__dirichlet_a0.1__M5__seed4,SOLO,CICIDS2017,binary,dirichlet,0.1,5,4,50,8,0.1,1.0,1.0,1.0,256,hist,,40,4.0,gaussian,random,proportional_blocks,4,20.0,100.0,0.2,42,20,1000,100,[],21440,5360,77,"[""benign"", ""attack""]","[11066, 4386, 1485, 2807, 1696]",0.05033822120003606,0.0018423321999762265,0.0,0.0,0.048451450999937154,0.0,0.0,0.0,0,0,0,0,0,0,0,0,0,0,0,0,0,20.0,100.0,0.0,0.0,0.0,0.5216417910447763,0.4463087803752396,0.4131571847591623,0.45348406278744824,0.5904579539046659,0.6006584362139918,0.31841618523639326,0.5885519403385031,0.39934156378600827,0.7815743440233236,2.6979324627179144e-07,0.00016383359995870707,1000.0,55138.2,50.0,50.0,630.8,,,,,,,,,,,,,,,,,,,,,,,,,,,,,,
CICIDS2017__binary__SOLO__dirichlet_a0.5__M10__seed0,SOLO,CICIDS2017,binary,dirichlet,0.5,10,0,50,8,0.1,1.0,1.0,1.0,256,hist,,40,4.0,gaussian,random,proportional_blocks,4,20.0,100.0,0.2,42,20,1000,100,[],21440,5360,77,"[""benign"", ""attack""]","[2408, 701, 825, 503, 1060, 2217, 3247, 1549, 3885, 5045]",0.07719911179999599,0.0010303056999987348,0.0,0.0,0.07612924860000021,0.0,0.0,0.0,0,0,0,0,0,0,0,0,0,0,0,0,0,20.0,100.0,0.0,0.0,0.0,0.9397388059701492,0.9317329128457187,0.9397698104312975,0.9412873124467753,0.9307772538762713,0.04433470507544582,0.9574933703780341,0.9250812545155165,0.9556652949245541,0.9058892128279883,3.773692164194567e-07,0.0001475521999850571,1000.0,89613.7,50.0,50.0,1644.0,,,,,,,,,,,,,,,,,,,,,,,,,,,,,,
CICIDS2017__binary__SOLO__dirichlet_a0.5__M10__seed1,SOLO,CICIDS2017,binary,dirichlet,0.5,10,1,50,8,0.1,1.0,1.0,1.0,256,hist,,40,4.0,gaussian,random,proportional_blocks,4,20.0,100.0,0.2,42,20,1000,100,[],21440,5360,77,"[""benign"", ""attack""]","[6277, 1474, 742, 477, 2298, 2348, 503, 434, 1997, 4890]",0.0613030297000023,0.0010516863999555427,0.0,0.0,0.0602137959999709,0.0,0.0,0.0,0,0,0,0,0,0,0,0,0,0,0,0,0,20.0,100.0,0.0,0.0,0.0,0.8132276119402986,0.7946965443080068,0.7958610855115148,0.8189507196188212,0.8310288465768435,0.21840877914951987,0.8485977021382446,0.7893037370993974,0.7815912208504802,0.8804664723032068,3.2979003731355335e-07,0.00013885940001046038,1000.0,74444.3,50.0,50.0,1198.2,,,,,,,,,,,,,,,,,,,,,,,,,,,,,,
CICIDS2017__binary__SOLO__dirichlet_a0.5__M10__seed2,SOLO,CICIDS2017,binary,dirichlet,0.5,10,2,50,8,0.1,1.0,1.0,1.0,256,hist,,40,4.0,gaussian,random,proportional_blocks,4,20.0,100.0,0.2,42,20,1000,100,[],21440,5360,77,"[""benign"", ""attack""]","[241, 724, 1002, 3193, 2588, 1214, 2029, 7582, 787, 2080]",0.06880552399993575,0.0010585222000145222,0.0,0.0,0.06771033059997081,0.0,0.0,0.0,0,0,0,0,0,0,0,0,0,0,0,0,0,20.0,100.0,0.0,0.0,0.0,0.8755410447761195,0.8595165811096293,0.8733183715296576,0.8927808605332084,0.8654215807428203,0.10647462277091906,0.9302916121544484,0.8552701089119681,0.893525377229081,0.8373177842565598,3.726003171650586e-07,0.00014663299999710943,1000.0,80455.8,50.0,50.0,1374.8,,,,,,,,,,,,,,,,,,,,,,,,,,,,,,
CICIDS2017__binary__SOLO__dirichlet_a0.5__M10__seed3,SOLO,CICIDS2017,binary,dirichlet,0.5,10,3,50,8,0.1,1.0,1.0,1.0,256,hist,,40,4.0,gaussian,random,proportional_blocks,4,20.0,100.0,0.2,42,20,1000,100,[],21440,5360,77,"[""benign"", ""attack""]","[901, 1424, 3290, 2442, 480, 2162, 6685, 740, 2733, 583]",0.06125108830001409,0.001161174500020934,0.0,0.0,0.06001220900000135,0.0,0.0,0.0,0,0,0,0,0,0,0,0,0,0,0,0,0,20.0,100.0,0.0,0.0,0.0,0.8157462686567165,0.7913583613541635,0.7979632271379431,0.8149364378927793,0.8174899118965634,0.18735253772290805,0.8239928739818051,0.8058800018037531,0.812647462277092,0.8223323615160348,3.360149813444416e-07,0.0001394493499901728,1000.0,75285.5,50.0,50.0,1222.8,,,,,,,,,,,,,,,,,,,,,,,,,,,,,,
CICIDS2017__binary__SOLO__dirichlet_a0.5__M10__seed4,SOLO,CICIDS2017,binary,dirichlet,0.5,10,4,50,8,0.1,1.0,1.0,1.0,256,hist,,40,4.0,gaussian,random,proportional_blocks,4,20.0,100.0,0.2,42,20,1000,100,[],21440,5360,77,"[""benign"", ""attack""]","[4748, 2553, 1256, 828, 1172, 2992, 3436, 1111, 986, 2358]",0.07407491540000137,0.0010364160999870365,0.0,0.0,0.07299709499993697,0.0,0.0,0.0,0,0,0,0,0,0,0,0,0,0,0,0,0,20.0,100.0,0.0,0.0,0.0,0.9218656716417911,0.9054252491601152,0.9191876496999803,0.9287250644307102,0.9014887601130986,0.041920438957476006,0.9345558193649934,0.9228943094964268,0.9580795610425239,0.8448979591836734,3.7102944030018635e-07,0.00014590975002874983,1000.0,86037.6,50.0,50.0,1538.8,,,,,,,,,,,,,,,,,,,,,,,,,,,,,,
CICIDS2017__binary__SOLO__dirichlet_a0.5__M2__seed0,SOLO,CICIDS2017,binary,dirichlet,0.5,2,0,50,8,0.1,1.0,1.0,1.0,256,hist,,40,4.0,gaussian,random,proportional_blocks,4,20.0,100.0,0.2,42,20,1000,100,[],21440,5360,77,"[""benign"", ""attack""]","[16460, 4980]",0.14930301899994447,0.00395068099993523,0.0,0.0,0.14531095849997655,0.0,0.0,0.0,0,0,0,0,0,0,0,0,0,0,0,0,0,20.0,100.0,0.0,0.0,0.0,0.9754664179104477,0.9723906586514995,0.9757035087359394,0.9689580772799145,0.9777163893188081,0.02853223593964335,0.9925092162148776,0.9454069383449515,0.9714677640603566,0.9839650145772595,5.220520522462422e-07,0.00015389374999585925,1000.0,130384.5,50.0,50.0,2843.0,,,,,,,,,,,,,,,,,,,,,,,,,,,,,,
CICIDS2017__binary__SOLO__dirichlet_a0.5__M2__seed1,SOLO,CICIDS2017,binary,dirichlet,0.5,2,1,50,8,0.1,1.0,1.0,1.0,256,hist,,40,4.0,gaussian,random,proportional_blocks,4,20.0,100.0,0.2,42,20,1000,100,[],21440,5360,77,"[""benign"", ""attack""]","[13625, 7815]",0.15642189150003105,0.0038188945000001695,0.0,0.0,0.15256027900011304,0.0,0.0,0.0,0,0,0,0,0,0,0,0,0,0,0,0,0,20.0,100.0,0.0,0.0,0.0,0.9859141791044777,0.9838337826887211,0.9859209437221095,0.9839539501421398,0.9840859918335353,0.01083676268861454,0.9902344536738785,0.9776734466104011,0.9891632373113854,0.9790087463556851,4.436127798527847e-07,0.00014466725002648673,1000.0,144799.0,50.0,50.0,3267.0,,,,,,,,,,,,,,,,,,,,,,,,,,,,,,
CICIDS2017__binary__SOLO__dirichlet_a0.5__M2__seed2,SOLO,CICIDS2017,binary,dirichlet,0.5,2,2,50,8,0.1,1.0,1.0,1.0,256,hist,,40,4.0,gaussian,random,proportional_blocks,4,20.0,100.0,0.2,42,20,1000,100,[],21440,5360,77,"[""benign"", ""attack""]","[6960, 14480]",0.18460040599995864,0.0038168615000131467,0.0,0.0,0.18074159650018373,0.0,0.0,0.0,0,0,0,0,0,0,0,0,0,0,0,0,0,20.0,100.0,0.0,0.0,0.0,0.9893656716417911,0.9877570876499883,0.9893548365736636,0.9886813312346054,0.9869324566981408,0.006310013717421125,0.9907343499062324,0.9866283125629786,0.9936899862825789,0.9801749271137026,4.740891790958419e-07,0.00015170425001542753,1000.0,146605.5,50.0,50.0,3320.0,,,,,,,,,,,,,,,,,,,,,,,,,,,,,,
CICIDS2017__binary__SOLO__dirichlet_a0.5__M2__seed3,SOLO,CICIDS2017,binary,dirichlet,0.5,2,3,50,8,0.1,1.0,1.0,1.0,256,hist,,40,4.0,gaussian,random,proportional_blocks,4,20.0,100.0,0.2,42,20,1000,100,[],21440,5360,77,"[""benign"", ""attack""]","[4139, 17301]",0.14941873550003493,0.004136044500000935,0.0,0.0,0.14524042449988883,0.0,0.0,0.0,0,0,0,0,0,0,0,0,0,0,0,0,0,20.0,100.0,0.0,0.0,0.0,0.964179104477612,0.9605190158390009,0.964837232417994,0.9550584965649849,0.9708838738317197,0.04773662551440329,0.9950539015335772,0.9150630915963927,0.9522633744855967,0.9895043731778426,4.016734141795998e-07,0.00014606200005573555,1000.0,130797.0,50.0,50.0,2855.0,,,,,,,,,,,,,,,,,,,,,,,,,,,,,,
CICIDS2017__binary__SOLO__dirichlet_a0.5__M2__seed4,SOLO,CICIDS2017,binary,dirichlet,0.5,2,4,50,8,0.1,1.0,1.0,1.0,256,hist,,40,4.0,gaussian,random,proportional_blocks,4,20.0,100.0,0.2,42,20,1000,100,[],21440,5360,77,"[""benign"", ""attack""]","[14326, 7114]",0.15354737299992394,0.0037725369999179748,0.0,0.0,0.1497353045000409,0.0,0.0,0.0,0,0,0,0,0,0,0,0,0,0,0,0,0,20.0,100.0,0.0,0.0,0.0,0.957089552238806,0.9488113646388148,0.9562216805125497,0.9685257692601686,0.9342567597291709,0.0023319615912208505,0.9427502193303114,0.9943013191900258,0.9976680384087792,0.8708454810495627,3.8850447761284e-07,0.0001440149999325513,1000.0,140729.5,50.0,50.0,3147.0,,,,,,,,,,,,,,,,,,,,,,,,,,,,,,
CICIDS2017__binary__SOLO__dirichlet_a0.5__M5__seed0,SOLO,CICIDS2017,binary,dirichlet,0.5,5,0,50,8,0.1,1.0,1.0,1.0,256,hist,,40,4.0,gaussian,random,proportional_blocks,4,20.0,100.0,0.2,42,20,1000,100,[],21440,5360,77,"[""benign"", ""attack""]","[10004, 2218, 1976, 3153, 4089]",0.10701959379998698,0.0018660573999795815,0.0,0.0,0.105110524800034,0.0,0.0,0.0,0,0,0,0,0,0,0,0,0,0,0,0,0,20.0,100.0,0.0,0.0,0.0,0.9479850746268657,0.936181776019882,0.9460062300181201,0.9569394523535909,0.926991485600707,0.014705075445816188,0.9448598772787182,0.9690190274284636,0.9852949245541838,0.8686880466472303,3.927342910460809e-07,0.00014879049997489345,1000.0,108575.4,50.0,50.0,2201.6,,,,,,,,,,,,,,,,,,,,,,,,,,,,,,
CICIDS2017__binary__SOLO__dirichlet_a0.5__M5__seed1,SOLO,CICIDS2017,binary,dirichlet,0.5,5,1,50,8,0.1,1.0,1.0,1.0,256,hist,,40,4.0,gaussian,random,proportional_blocks,4,20.0,100.0,0.2,42,20,1000,100,[],21440,5360,77,"[""benign"", ""attack""]","[11081, 2708, 1240, 2994, 3417]",0.08290524740000364,0.0017969871999412134,0.0,0.0,0.0810686536000503,0.0,0.0,0.0,0,0,0,0,0,0,0,0,0,0,0,0,0,20.0,100.0,0.0,0.0,0.0,0.7663805970149254,0.7442055983847476,0.7331745703477502,0.7567150050272214,0.8039633348930402,0.3004115226337448,0.7590546234212245,0.7543753866332183,0.6995884773662551,0.9083381924198249,3.71743320885744e-07,0.000147978800009696,1000.0,84964.4,50.0,50.0,1507.6,,,,,,,,,,,,,,,,,,,,,,,,,,,,,,
CICIDS2017__binary__SOLO__dirichlet_a0.5__M5__seed2,SOLO,CICIDS2017,binary,dirichlet,0.5,5,2,50,8,0.1,1.0,1.0,1.0,256,hist,,40,4.0,gaussian,random,proportional_blocks,4,20.0,100.0,0.2,42,20,1000,100,[],21440,5360,77,"[""benign"", ""attack""]","[1006, 2284, 2456, 7190, 8504]",0.10470563200005926,0.0018240202000470163,0.0,0.0,0.10284189719995993,0.0,0.0,0.0,0,0,0,0,0,0,0,0,0,0,0,0,0,20.0,100.0,0.0,0.0,0.0,0.9558208955223881,0.9492880145126333,0.9558076653291623,0.9535309986172218,0.9476341647770219,0.029629629629629634,0.9653250398236297,0.9417369574108138,0.9703703703703704,0.9248979591836737,3.9312414179703275e-07,0.00014814379997005745,1000.0,110411.6,50.0,50.0,2255.6,,,,,,,,,,,,,,,,,,,,,,,,,,,,,,
CICIDS2017__binary__SOLO__dirichlet_a0.5__M5__seed3,SOLO,CICIDS2017,binary,dirichlet,0.5,5,3,50,8,0.1,1.0,1.0,1.0,256,hist,,40,4.0,gaussian,random,proportional_blocks,4,20.0,100.0,0.2,42,20,1000,100,[],21440,5360,77,"[""benign"", ""attack""]","[1434, 1411, 10016, 6215, 2364]",0.08134988360002353,0.001779729999952906,0.0,0.0,0.07953192139993917,0.0,0.0,0.0,0,0,0,0,0,0,0,0,0,0,0,0,0,20.0,100.0,0.0,0.0,0.0,0.8719029850746269,0.8650848998710787,0.874926053724351,0.8728613469877388,0.8851922238619139,0.15171467764060356,0.9564252323924375,0.7892974615830399,0.8482853223593964,0.9220991253644314,3.870464925413936e-07,0.00013926179997270083,1000.0,85662.8,50.0,50.0,1528.0,,,,,,,,,,,,,,,,,,,,,,,,,,,,,,
CICIDS2017__binary__SOLO__dirichlet_a0.5__M5__seed4,SOLO,CICIDS2017,binary,dirichlet,0.5,5,4,50,8,0.1,1.0,1.0,1.0,256,hist,,40,4.0,gaussian,random,proportional_blocks,4,20.0,100.0,0.2,42,20,1000,100,[],21440,5360,77,"[""benign"", ""attack""]","[9581, 6006, 1558, 3324, 971]",0.09124885199998971,0.00174688439988131,0.0,0.0,0.08946550539990313,0.0,0.0,0.0,0,0,0,0,0,0,0,0,0,0,0,0,0,20.0,100.0,0.0,0.0,0.0,0.9279104477611939,0.912338309841503,0.9255041802262616,0.9341731581232292,0.9050687270793091,0.03149519890260631,0.9334824241109254,0.9348638921355328,0.9685048010973937,0.8416326530612246,4.035764552317056e-07,0.00014396260000921758,1000.0,100387.4,50.0,50.0,1960.8,,,,,,,,,,,,,,,,,,,,,,,,,,,,,,
CICIDS2017__binary__SOLO__dirichlet_a1.0__M10__seed0,SOLO,CICIDS2017,binary,dirichlet,1.0,10,0,50,8,0.1,1.0,1.0,1.0,256,hist,,40,4.0,gaussian,random,proportional_blocks,4,20.0,100.0,0.2,42,20,1000,100,[],21440,5360,77,"[""benign"", ""attack""]","[966, 3453, 858, 4036, 2812, 373, 2197, 1741, 2851, 2153]",0.07861769650000952,0.0011084607000043435,0.0,0.0,0.07746987139997827,0.0,0.0,0.0,0,0,0,0,0,0,0,0,0,0,0,0,0,20.0,100.0,0.0,0.0,0.0,0.9553358208955224,0.9495774188644452,0.9556461183168661,0.9512315770296595,0.9505347394689799,0.03613168724279836,0.9702627815595095,0.932200372499809,0.9638683127572015,0.937201166180758,3.699436380630761e-07,0.0001437403499892298,1000.0,92755.9,50.0,50.0,1736.4,,,,,,,,,,,,,,,,,,,,,,,,,,,,,,
CICIDS2017__binary__SOLO__dirichlet_a1.0__M10__seed1,SOLO,CICIDS2017,binary,dirichlet,1.0,10,1,50,8,0.1,1.0,1.0,1.0,256,hist,,40,4.0,gaussian,random,proportional_blocks,4,20.0,100.0,0.2,42,20,1000,100,[],21440,5360,77,"[""benign"", ""attack""]","[1578, 3459, 2080, 2216, 629, 1028, 1143, 1256, 6054, 1997]",0.0724940252000124,0.0012665952000361358,0.0,0.0,0.07118965260003733,0.0,0.0,0.0,0,0,0,0,0,0,0,0,0,0,0,0,0,20.0,100.0,0.0,0.0,0.0,0.9096268656716419,0.8996891494696666,0.9090166259873242,0.9204945128100714,0.9064607053873871,0.08474622770919069,0.9556138471379791,0.885375178482164,0.9152537722908093,0.8976676384839649,3.5500277984982547e-07,0.00014274390000537096,1000.0,84648.0,50.0,50.0,1498.0,,,,,,,,,,,,,,,,,,,,,,,,,,,,,,
CICIDS2017__binary__SOLO__dirichlet_a1.0__M10__seed2,SOLO,CICIDS2017,binary,dirichlet,1.0,10,2,50,8,0.1,1.0,1.0,1.0,256,hist,,40,4.0,gaussian,random,proportional_blocks,4,20.0,100.0,0.2,42,20,1000,100,[],21440,5360,77,"[""benign"", ""attack""]","[1282, 1209, 2542, 434, 1650, 2849, 1965, 2133, 4248, 3128]",0.08065390379999826,0.0011326774000053775,0.0,0.0,0.07948184050001146,0.0,0.0,0.0,0,0,0,0,0,0,0,0,0,0,0,0,0,20.0,100.0,0.0,0.0,0.0,0.949365671641791,0.9427715511591577,0.9495539660725429,0.9494787572997175,0.9441383419917055,0.04134430727023321,0.9685571454014651,0.93040036919797,0.9586556927297668,0.9296209912536444,3.970244776157292e-07,0.00015160679997734406,1000.0,90757.6,50.0,50.0,1677.6,,,,,,,,,,,,,,,,,,,,,,,,,,,,,,
CICIDS2017__binary__SOLO__dirichlet_a1.0__M10__seed3,SOLO,CICIDS2017,binary,dirichlet,1.0,10,3,50,8,0.1,1.0,1.0,1.0,256,hist,,40,4.0,gaussian,random,proportional_blocks,4,20.0,100.0,0.2,42,20,1000,100,[],21440,5360,77,"[""benign"", ""attack""]","[794, 4830, 777, 2967, 1933, 841, 1928, 2920, 3887, 563]",0.07148610140000074,0.001072858099973928,0.0,0.0,0.07037282240000878,0.0,0.0,0.0,0,0,0,0,0,0,0,0,0,0,0,0,0,20.0,100.0,0.0,0.0,0.0,0.8846641791044776,0.8798494266785314,0.8853886386045298,0.9052884517889357,0.8994221886285377,0.14156378600823044,0.9726019792072849,0.8379749243705866,0.8584362139917696,0.9404081632653062,3.840969962773181e-07,0.0001451026999802707,1000.0,84243.3,50.0,50.0,1486.2,,,,,,,,,,,,,,,,,,,,,,,,,,,,,,
CICIDS2017__binary__SOLO__dirichlet_a1.0__M10__seed4,SOLO,CICIDS2017,binary,dirichlet,1.0,10,4,50,8,0.1,1.0,1.0,1.0,256,hist,,40,4.0,gaussian,random,proportional_blocks,4,20.0,100.0,0.2,42,20,1000,100,[],21440,5360,77,"[""benign"", ""attack""]","[4324, 1555, 999, 993, 2149, 3477, 1935, 2084, 1857, 2067]",0.0777553965000152,0.001096140000026935,0.0,0.0,0.0766199414999619,0.0,0.0,0.0,0,0,0,0,0,0,0,0,0,0,0,0,0,20.0,100.0,0.0,0.0,0.0,0.9473880597014924,0.9368695289007251,0.9459956965767118,0.9534106646779689,0.9302883057985101,0.022222222222222223,0.9496767060033712,0.9571446233525664,0.9777777777777776,0.882798833819242,3.8470304104551893e-07,0.000140683050028656,1000.0,91152.8,50.0,50.0,1689.2,,,,,,,,,,,,,,,,,,,,,,,,,,,,,,
CICIDS2017__binary__SOLO__dirichlet_a1.0__M2__seed0,SOLO,CICIDS2017,binary,dirichlet,1.0,2,0,50,8,0.1,1.0,1.0,1.0,256,hist,,40,4.0,gaussian,random,proportional_blocks,4,20.0,100.0,0.2,42,20,1000,100,[],21440,5360,77,"[""benign"", ""attack""]","[5701, 15739]",0.1901816679999797,0.003667590499958351,0.0,0.0,0.18647333000001254,0.0,0.0,0.0,0,0,0,0,0,0,0,0,0,0,0,0,0,20.0,100.0,0.0,0.0,0.0,0.9873134328358208,0.9854551229541064,0.987326746114259,0.9849534800915852,0.9861182097765621,0.010562414266117969,0.9919285345497666,0.9779784256334041,0.989437585733882,0.9827988338192419,3.9245186566906554e-07,0.00015179324998371158,1000.0,133409.0,50.0,50.0,2932.0,,,,,,,,,,,,,,,,,,,,,,,,,,,,,,
CICIDS2017__binary__SOLO__dirichlet_a1.0__M2__seed1,SOLO,CICIDS2017,binary,dirichlet,1.0,2,1,50,8,0.1,1.0,1.0,1.0,256,hist,,40,4.0,gaussian,random,proportional_blocks,4,20.0,100.0,0.2,42,20,1000,100,[],21440,5360,77,"[""benign"", ""attack""]","[6974, 14466]",0.15875741349998407,0.003956398500008618,0.0,0.0,0.1547584534998805,0.0,0.0,0.0,0,0,0,0,0,0,0,0,0,0,0,0,0,20.0,100.0,0.0,0.0,0.0,0.9824626865671642,0.9796778741609844,0.9823866208092487,0.9839888544016993,0.9756821717517107,0.005486968449931413,0.979999239903877,0.9879784688995216,0.9945130315500685,0.9568513119533528,4.2980942162985367e-07,0.00014292500003421083,1000.0,139121.0,50.0,50.0,3100.0,,,,,,,,,,,,,,,,,,,,,,,,,,,,,,
CICIDS2017__binary__SOLO__dirichlet_a1.0__M2__seed2,SOLO,CICIDS2017,binary,dirichlet,1.0,2,2,50,8,0.1,1.0,1.0,1.0,256,hist,,40,4.0,gaussian,random,proportional_blocks,4,20.0,100.0,0.2,42,20,1000,100,[],21440,5360,77,"[""benign"", ""attack""]","[14051, 7389]",0.16031209449988637,0.004515795999964212,0.0,0.0,0.1557575795000048,0.0,0.0,0.0,0,0,0,0,0,0,0,0,0,0,0,0,0,20.0,100.0,0.0,0.0,0.0,0.991044776119403,0.9896963886069967,0.9910384474501657,0.9903475181577286,0.9890932504689118,0.005486968449931413,0.9923513241035734,0.9883437122118837,0.9945130315500685,0.9836734693877551,4.07033208947479e-07,0.00013927499998089843,1000.0,148852.0,50.0,50.0,3386.0,,,,,,,,,,,,,,,,,,,,,,,,,,,,,,
CICIDS2017__binary__SOLO__dirichlet_a1.0__M2__seed3,SOLO,CICIDS2017,binary,dirichlet,1.0,2,3,50,8,0.1,1.0,1.0,1.0,256,hist,,40,4.0,gaussian,random,proportional_blocks,4,20.0,100.0,0.2,42,20,1000,100,[],21440,5360,77,"[""benign"", ""attack""]","[4073, 17367]",0.14104572600001575,0.003747730999975829,0.0,0.0,0.13725829949987656,0.0,0.0,0.0,0,0,0,0,0,0,0,0,0,0,0,0,0,20.0,100.0,0.0,0.0,0.0,0.9365671641791045,0.9322919864650161,0.9383746193665248,0.9282435965844875,0.9510452035017417,0.08916323731138547,0.9958426374743569,0.8606445556946183,0.9108367626886146,0.9912536443148688,4.2030447760331e-07,0.0001452587499670699,1000.0,125151.0,50.0,50.0,2689.0,,,,,,,,,,,,,,,,,,,,,,,,,,,,,,
CICIDS2017__binary__SOLO__dirichlet_a1.0__M2__seed4,SOLO,CICIDS2017,binary,dirichlet,1.0,2,4,50,8,0.1,1.0,1.0,1.0,256,hist,,40,4.0,gaussian,random,proportional_blocks,4,20.0,100.0,0.2,42,20,1000,100,[],21440,5360,77,"[""benign"", ""attack""]","[14737, 6703]",0.17606094550001217,0.0038225490000058926,0.0,0.0,0.17219925150004656,0.0,0.0,0.0,0,0,0,0,0,0,0,0,0,0,0,0,0,20.0,100.0,0.0,0.0,0.0,0.9887126865671642,0.9869708134732622,0.988686170870062,0.9891205023829546,0.9849086371762108,0.004526748971193415,0.988027432894353,0.9902135718715562,0.9954732510288066,0.9743440233236151,4.3170149253842623e-07,0.00015611625002520668,1000.0,159531.0,50.0,50.0,3700.0,,,,,,,,,,,,,,,,,,,,,,,,,,,,,,
CICIDS2017__binary__SOLO__dirichlet_a1.0__M5__seed0,SOLO,CICIDS2017,binary,dirichlet,1.0,5,0,50,8,0.1,1.0,1.0,1.0,256,hist,,40,4.0,gaussian,random,proportional_blocks,4,20.0,100.0,0.2,42,20,1000,100,[],21440,5360,77,"[""benign"", ""attack""]","[1231, 6113, 1414, 7578, 5104]",0.10270508680000603,0.0016839426000160528,0.0,0.0,0.1009800364000057,0.0,0.0,0.0,0,0,0,0,0,0,0,0,0,0,0,0,0,20.0,100.0,0.0,0.0,0.0,0.974402985074627,0.9703404635244623,0.974291046399949,0.9731583928418184,0.967934668282363,0.01410150891632373,0.9768709602950514,0.9694458253885854,0.9858984910836762,0.9499708454810495,3.8965839551602635e-07,0.00014854109999760113,1000.0,109553.0,50.0,50.0,2230.4,,,,,,,,,,,,,,,,,,,,,,,,,,,,,,
CICIDS2017__binary__SOLO__dirichlet_a1.0__M5__seed1,SOLO,CICIDS2017,binary,dirichlet,1.0,5,1,50,8,0.1,1.0,1.0,1.0,256,hist,,40,4.0,gaussian,random,proportional_blocks,4,20.0,100.0,0.2,42,20,1000,100,[],21440,5360,77,"[""benign"", ""attack""]","[3910, 7094, 4163, 4071, 2202]",0.10605412639997666,0.0017199857999457891,0.0,0.0,0.10429355739997845,0.0,0.0,0.0,0,0,0,0,0,0,0,0,0,0,0,0,0,20.0,100.0,0.0,0.0,0.0,0.9671641791044776,0.962559202489707,0.9672454711079379,0.9658585715798875,0.9624888121033246,0.02452674897119341,0.9770066205944244,0.9547105225653505,0.9754732510288067,0.9495043731778425,4.065695149260571e-07,0.0001594527999714046,1000.0,107501.0,50.0,50.0,2170.0,,,,,,,,,,,,,,,,,,,,,,,,,,,,,,
CICIDS2017__binary__SOLO__dirichlet_a1.0__M5__seed2,SOLO,CICIDS2017,binary,dirichlet,1.0,5,2,50,8,0.1,1.0,1.0,1.0,256,hist,,40,4.0,gaussian,random,proportional_blocks,4,20.0,100.0,0.2,42,20,1000,100,[],21440,5360,77,"[""benign"", ""attack""]","[3924, 2437, 9187, 2001, 3891]",0.10605964459996357,0.001812108200010698,0.0,0.0,0.10420669399995859,0.0,0.0,0.0,0,0,0,0,0,0,0,0,0,0,0,0,0,20.0,100.0,0.0,0.0,0.0,0.971268656716418,0.9676950415445041,0.9715418467473574,0.9664984697120346,0.9713109935332158,0.028806584362139915,0.9866642135862763,0.9463327258377928,0.97119341563786,0.9714285714285715,4.296426119532016e-07,0.0001473499000439915,1000.0,110397.8,50.0,50.0,2255.2,,,,,,,,,,,,,,,,,,,,,,,,,,,,,,
CICIDS2017__binary__SOLO__dirichlet_a1.0__M5__seed3,SOLO,CICIDS2017,binary,dirichlet,1.0,5,3,50,8,0.1,1.0,1.0,1.0,256,hist,,40,4.0,gaussian,random,proportional_blocks,4,20.0,100.0,0.2,42,20,1000,100,[],21440,5360,77,"[""benign"", ""attack""]","[1627, 8302, 2497, 5908, 3106]",0.10291575259998353,0.0018069891999857647,0.0,0.0,0.10106775300005211,0.0,0.0,0.0,0,0,0,0,0,0,0,0,0,0,0,0,0,20.0,100.0,0.0,0.0,0.0,0.943731343283582,0.939186472853678,0.9448288554207049,0.9444014514927599,0.945969837670518,0.060246913580246905,0.9777463050796301,0.9110565979058893,0.9397530864197531,0.9521865889212828,3.806753731264032e-07,0.0001479436999943573,1000.0,107977.0,50.0,50.0,2184.0,,,,,,,,,,,,,,,,,,,,,,,,,,,,,,
CICIDS2017__binary__SOLO__dirichlet_a1.0__M5__seed4,SOLO,CICIDS2017,binary,dirichlet,1.0,5,4,50,8,0.1,1.0,1.0,1.0,256,hist,,40,4.0,gaussian,random,proportional_blocks,4,20.0,100.0,0.2,42,20,1000,100,[],21440,5360,77,"[""benign"", ""attack""]","[8437, 3727, 1405, 1697, 6174]",0.10783898919999046,0.001674050400060878,0.0,0.0,0.10612539219996506,0.0,0.0,0.0,0,0,0,0,0,0,0,0,0,0,0,0,0,20.0,100.0,0.0,0.0,0.0,0.9607835820895522,0.9538307470811173,0.9602628871092627,0.9641247330873112,0.9469297372094048,0.014595336076817558,0.9590543163653095,0.9691951498093128,0.9854046639231825,0.9084548104956267,4.0917287313433593e-07,0.0001472409999678348,1000.0,109431.8,50.0,50.0,2226.8,,,,,,,,,,,,,,,,,,,,,,,,,,,,,,
CICIDS2017__binary__SOLO__iid__M10__seed0,SOLO,CICIDS2017,binary,iid,,10,0,50,8,0.1,1.0,1.0,1.0,256,hist,,40,4.0,gaussian,random,proportional_blocks,4,20.0,100.0,0.2,42,20,1000,100,[],21440,5360,77,"[""benign"", ""attack""]","[2144, 2144, 2144, 2144, 2144, 2144, 2144, 2144, 2144, 2144]",0.09151929559999417,0.003292530299984264,0.0,0.0,0.08818432640001675,0.0,0.0,0.0,0,0,0,0,0,0,0,0,0,0,0,0,0,20.0,100.0,0.0,0.0,0.0,0.9836567164179104,0.9811525469277607,0.9836262085186351,0.9828678372534242,0.979508572388391,0.00897119341563786,0.9850415909674888,0.9806940835393597,0.9910288065843622,0.9679883381924199,4.4502628731391326e-07,0.00014789279999831705,1000.0,101585.0,50.0,50.0,1996.0,,,,,,,,,,,,,,,,,,,,,,,,,,,,,,
CICIDS2017__binary__SOLO__iid__M10__seed1,SOLO,CICIDS2017,binary,iid,,10,1,50,8,0.1,1.0,1.0,1.0,256,hist,,40,4.0,gaussian,random,proportional_blocks,4,20.0,100.0,0.2,42,20,1000,100,[],21440,5360,77,"[""benign"", ""attack""]","[2144, 2144, 2144, 2144, 2144, 2144, 2144, 2144, 2144, 2144]",0.08585002320000967,0.0010393231000307424,0.0,0.0,0.08477147769997373,0.0,0.0,0.0,0,0,0,0,0,0,0,0,0,0,0,0,0,20.0,100.0,0.0,0.0,0.0,0.9827425373134329,0.9801089054222704,0.9827150171989633,0.981633538390296,0.9786357364815416,0.009958847736625514,0.9846705732444934,0.9785965035360984,0.9900411522633746,0.9672303206997086,7.950322574687044e-07,0.00014222855002117286,1000.0,100748.4,50.0,50.0,1971.4,,,,,,,,,,,,,,,,,,,,,,,,,,,,,,
CICIDS2017__binary__SOLO__iid__M10__seed2,SOLO,CICIDS2017,binary,iid,,10,2,50,8,0.1,1.0,1.0,1.0,256,hist,,40,4.0,gaussian,random,proportional_blocks,4,20.0,100.0,0.2,42,20,1000,100,[],21440,5360,77,"[""benign"", ""attack""]","[2144, 2144, 2144, 2144, 2144, 2144, 2144, 2144, 2144, 2144]",0.08821259080002619,0.0017519704999813257,0.0,0.0,0.08642180270001062,0.0,0.0,0.0,0,0,0,0,0,0,0,0,0,0,0,0,0,20.0,100.0,0.0,0.0,0.0,0.9829104477611941,0.9803119220841916,0.982887285099016,0.9816814884719716,0.9790061868368746,0.010150891632373114,0.9851020555314364,0.9782609214125063,0.989849108367627,0.9681632653061225,4.0519792911091733e-07,0.00014247905003230698,1000.0,101319.7,50.0,50.0,1988.2,,,,,,,,,,,,,,,,,,,,,,,,,,,,,,
CICIDS2017__binary__SOLO__iid__M10__seed3,SOLO,CICIDS2017,binary,iid,,10,3,50,8,0.1,1.0,1.0,1.0,256,hist,,40,4.0,gaussian,random,proportional_blocks,4,20.0,100.0,0.2,42,20,1000,100,[],21440,5360,77,"[""benign"", ""attack""]","[2144, 2144, 2144, 2144, 2144, 2144, 2144, 2144, 2144, 2144]",0.0895416525999508,0.001105631700011145,0.0,0.0,0.08839260830002331,0.0,0.0,0.0,0,0,0,0,0,0,0,0,0,0,0,0,0,20.0,100.0,0.0,0.0,0.0,0.9835074626865673,0.9809910763155679,0.983481356472413,0.9825216313624269,0.9795223298019973,0.009410150891632375,0.9852464251747481,0.9797968375501055,0.9905898491083678,0.9684548104956269,4.2854080223816104e-07,0.00015716140001131862,1000.0,101469.0,50.0,50.0,1992.6,,,,,,,,,,,,,,,,,,,,,,,,,,,,,,
CICIDS2017__binary__SOLO__iid__M10__seed4,SOLO,CICIDS2017,binary,iid,,10,4,50,8,0.1,1.0,1.0,1.0,256,hist,,40,4.0,gaussian,random,proportional_blocks,4,20.0,100.0,0.2,42,20,1000,100,[],21440,5360,77,"[""benign"", ""attack""]","[2144, 2144, 2144, 2144, 2144, 2144, 2144, 2144, 2144, 2144]",0.0887583649999442,0.0011129750000009153,0.0,0.0,0.08760653820002062,0.0,0.0,0.0,0,0,0,0,0,0,0,0,0,0,0,0,0,20.0,100.0,0.0,0.0,0.0,0.9846455223880598,0.982297315104853,0.9846188131344089,0.983981547425239,0.9806832715449495,0.00831275720164609,0.9858270808163114,0.9821360140341664,0.991687242798354,0.9696793002915453,4.105107089543056e-07,0.00014669409999896744,1000.0,102672.8,50.0,50.0,2028.0,,,,,,,,,,,,,,,,,,,,,,,,,,,,,,
CICIDS2017__binary__SOLO__iid__M2__seed0,SOLO,CICIDS2017,binary,iid,,2,0,50,8,0.1,1.0,1.0,1.0,256,hist,,40,4.0,gaussian,random,proportional_blocks,4,20.0,100.0,0.2,42,20,1000,100,[],21440,5360,77,"[""benign"", ""attack""]","[10720, 10720]",0.1761978324999518,0.003967549999970288,0.0,0.0,0.17216856849995565,0.0,0.0,0.0,0,0,0,0,0,0,0,0,0,0,0,0,0,20.0,100.0,0.0,0.0,0.0,0.9918843283582089,0.9906847965091877,0.9918884277862463,0.9902748666227803,0.9910998732238339,0.006721536351165981,0.9947784755177813,0.9857712577277795,0.9932784636488341,0.9889212827988338,4.4054328358302246e-07,0.0001599710000164123,1000.0,150657.5,50.0,50.0,3439.0,,,,,,,,,,,,,,,,,,,,,,,,,,,,,,
CICIDS2017__binary__SOLO__iid__M2__seed1,SOLO,CICIDS2017,binary,iid,,2,1,50,8,0.1,1.0,1.0,1.0,256,hist,,40,4.0,gaussian,random,proportional_blocks,4,20.0,100.0,0.2,42,20,1000,100,[],21440,5360,77,"[""benign"", ""attack""]","[10720, 10720]",0.16370827649996045,0.004202082000006158,0.0,0.0,0.1594662855000024,0.0,0.0,0.0,0,0,0,0,0,0,0,0,0,0,0,0,0,20.0,100.0,0.0,0.0,0.0,0.992070895522388,0.9908949129757865,0.9920731553690345,0.9906318567050285,0.9911598619459542,0.006310013717421125,0.9946449670585971,0.9866187463514599,0.9936899862825789,0.9886297376093295,3.9320111938816654e-07,0.00014324549999855662,1000.0,150691.0,50.0,50.0,3440.0,,,,,,,,,,,,,,,,,,,,,,,,,,,,,,
CICIDS2017__binary__SOLO__iid__M2__seed2,SOLO,CICIDS2017,binary,iid,,2,2,50,8,0.1,1.0,1.0,1.0,256,hist,,40,4.0,gaussian,random,proportional_blocks,4,20.0,100.0,0.2,42,20,1000,100,[],21440,5360,77,"[""benign"", ""attack""]","[10720, 10720]",0.16449836249989858,0.003927002500063281,0.0,0.0,0.16052875000002587,0.0,0.0,0.0,0,0,0,0,0,0,0,0,0,0,0,0,0,20.0,100.0,0.0,0.0,0.0,0.9911380597014925,0.9898334004967311,0.9911447762400803,0.9891278939477961,0.9905511763788408,0.007818930041152264,0.9947741629422486,0.9834816249533436,0.9921810699588478,0.9889212827988338,5.823589552108781e-07,0.00014637875000289569,1000.0,153106.0,50.0,50.0,3511.0,,,,,,,,,,,,,,,,,,,,,,,,,,,,,,
CICIDS2017__binary__SOLO__iid__M2__seed3,SOLO,CICIDS2017,binary,iid,,2,3,50,8,0.1,1.0,1.0,1.0,256,hist,,40,4.0,gaussian,random,proportional_blocks,4,20.0,100.0,0.2,42,20,1000,100,[],21440,5360,77,"[""benign"", ""attack""]","[10720, 10720]",0.187487911000062,0.0037674684999728925,0.0,0.0,0.18367772300007346,0.0,0.0,0.0,0,0,0,0,0,0,0,0,0,0,0,0,0,20.0,100.0,0.0,0.0,0.0,0.9922574626865672,0.9911087446694732,0.992259493153966,0.9908451632791517,0.9913742216463304,0.006172839506172839,0.9947827445025518,0.9869075820557518,0.9938271604938271,0.9889212827988338,4.2526576490204274e-07,0.00014772524991712999,1000.0,151847.5,50.0,50.0,3474.0,,,,,,,,,,,,,,,,,,,,,,,,,,,,,,
CICIDS2017__binary__SOLO__iid__M2__seed4,SOLO,CICIDS2017,binary,iid,,2,4,50,8,0.1,1.0,1.0,1.0,256,hist,,40,4.0,gaussian,random,proportional_blocks,4,20.0,100.0,0.2,42,20,1000,100,[],21440,5360,77,"[""benign"", ""attack""]","[10720, 10720]",0.16828448850003497,0.003673709999929997,0.0,0.0,0.16457140099998924,0.0,0.0,0.0,0,0,0,0,0,0,0,0,0,0,0,0,0,20.0,100.0,0.0,0.0,0.0,0.9934701492537313,0.992498963039231,0.9934708241407345,0.992423843169387,0.9925745959759565,0.0049382716049382715,0.995334494287557,0.9895131920512169,0.9950617283950617,0.9900874635568513,4.3807649252636083e-07,0.00014351225001973944,1000.0,152628.5,50.0,50.0,3497.0,,,,,,,,,,,,,,,,,,,,,,,,,,,,,,
CICIDS2017__binary__SOLO__iid__M5__seed0,SOLO,CICIDS2017,binary,iid,,5,0,50,8,0.1,1.0,1.0,1.0,256,hist,,40,4.0,gaussian,random,proportional_blocks,4,20.0,100.0,0.2,42,20,1000,100,[],21440,5360,77,"[""benign"", ""attack""]","[4288, 4288, 4288, 4288, 4288]",0.11785142859998814,0.0018037014000356066,0.0,0.0,0.1160037026000282,0.0,0.0,0.0,0,0,0,0,0,0,0,0,0,0,0,0,0,20.0,100.0,0.0,0.0,0.0,0.9886567164179105,0.986947869652715,0.9886483712936072,0.9876615949561443,0.9862568237171413,0.007078189300411522,0.9904273634267415,0.9848958264855469,0.9929218106995885,0.9795918367346939,4.236231343265356e-07,0.00015082289997963015,1000.0,119387.4,50.0,50.0,2519.6,,,,,,,,,,,,,,,,,,,,,,,,,,,,,,
CICIDS2017__binary__SOLO__iid__M5__seed1,SOLO,CICIDS2017,binary,iid,,5,1,50,8,0.1,1.0,1.0,1.0,256,hist,,40,4.0,gaussian,random,proportional_blocks,4,20.0,100.0,0.2,42,20,1000,100,[],21440,5360,77,"[""benign"", ""attack""]","[4288, 4288, 4288, 4288, 4288]",0.12378082339996581,0.0018426561999604018,0.0,0.0,0.12189448720000655,0.0,0.0,0.0,0,0,0,0,0,0,0,0,0,0,0,0,0,20.0,100.0,0.0,0.0,0.0,0.9894029850746268,0.9878159881276263,0.9893993264933554,0.9881217968248107,0.9875156270621123,0.007242798353909464,0.9916712600834231,0.9845723335661983,0.9927572016460905,0.9822740524781342,1.2539729850635947e-06,0.00014422229996853276,1000.0,122501.8,50.0,50.0,2611.2,,,,,,,,,,,,,,,,,,,,,,,,,,,,,,
CICIDS2017__binary__SOLO__iid__M5__seed2,SOLO,CICIDS2017,binary,iid,,5,2,50,8,0.1,1.0,1.0,1.0,256,hist,,40,4.0,gaussian,random,proportional_blocks,4,20.0,100.0,0.2,42,20,1000,100,[],21440,5360,77,"[""benign"", ""attack""]","[4288, 4288, 4288, 4288, 4288]",0.11405505520001498,0.0016902687999845512,0.0,0.0,0.11232500459996117,0.0,0.0,0.0,0,0,0,0,0,0,0,0,0,0,0,0,0,20.0,100.0,0.0,0.0,0.0,0.987537313432836,0.9856625841755925,0.9875293586672134,0.9862458484377303,0.9850941622974881,0.008120713305898492,0.989820047726117,0.9826716491493434,0.9918792866941015,0.9783090379008748,4.2436309701851813e-07,0.00014828780010702757,1000.0,119006.6,50.0,50.0,2508.4,,,,,,,,,,,,,,,,,,,,,,,,,,,,,,
CICIDS2017__binary__SOLO__iid__M5__seed3,SOLO,CICIDS2017,binary,iid,,5,3,50,8,0.1,1.0,1.0,1.0,256,hist,,40,4.0,gaussian,random,proportional_blocks,4,20.0,100.0,0.2,42,20,1000,100,[],21440,5360,77,"[""benign"", ""attack""]","[4288, 4288, 4288, 4288, 4288]",0.11636189060000106,0.0017810417999953644,0.0,0.0,0.11454036060004,0.0,0.0,0.0,0,0,0,0,0,0,0,0,0,0,0,0,0,20.0,100.0,0.0,0.0,0.0,0.9874626865671642,0.9855712983966708,0.9874522816335702,0.9861913570000427,0.9849775442216864,0.008120713305898492,0.989720532277574,0.9826621817225114,0.9918792866941015,0.9780758017492712,4.4552003731638905e-07,0.00014739460004875582,1000.0,119890.6,50.0,50.0,2534.4,,,,,,,,,,,,,,,,,,,,,,,,,,,,,,
CICIDS2017__binary__SOLO__iid__M5__seed4,SOLO,CICIDS2017,binary,iid,,5,4,50,8,0.1,1.0,1.0,1.0,256,hist,,40,4.0,gaussian,random,proportional_blocks,4,20.0,100.0,0.2,42,20,1000,100,[],21440,5360,77,"[""benign"", ""attack""]","[4288, 4288, 4288, 4288, 4288]",0.11288937519998399,0.0018140538000352535,0.0,0.0,0.11102219280001009,0.0,0.0,0.0,0,0,0,0,0,0,0,0,0,0,0,0,0,20.0,100.0,0.0,0.0,0.0,0.9890671641791045,0.9874332549639278,0.9890648672924929,0.9876621128337424,0.9872069650905629,0.0076268861454046625,0.9915569621046346,0.9837672635628503,0.9923731138545954,0.9820408163265306,3.99422089563515e-07,0.00014542079998136614,1000.0,119700.2,50.0,50.0,2528.8,,,,,,,,,,,,,,,,,,,,,,,,,,,,,,
CICIDS2017__binary__SimFL__dirichlet_a0.1__M10__seed0,SimFL,CICIDS2017,binary,dirichlet,0.1,10,0,50,8,0.1,1.0,1.0,1.0,256,hist,,40,4.0,gaussian,random,proportional_blocks,4,20.0,100.0,0.2,42,20,1000,100,[],21440,5360,77,"[""benign"", ""attack""]","[2522, 2417, 248, 101, 59, 495, 9474, 1315, 3613, 1196]",5.583596612000065,0.009556275000022652,4.5531046160000415,0.014364765999516749,0.4352625400005081,0.16014423300202907,0.365805658999534,0.03465149500004827,1,1,2,50,111600,31645440,31757040,2987880,2498373,5486253,1080,52,37243293,20.0,100.0,2.5805632,1.43890024,4.01946344,0.9166044776119403,0.901430827040665,0.9153562410219114,0.9149800012093714,0.8908281243126293,0.03758573388203018,0.9188056574122577,0.9111543450064851,0.9624142661179699,0.8192419825072886,5.015134328334116e-07,0.00018049350001092535,1000.0,237418.0,50.0,50.0,5990.0,40.0,4.0,gaussian,random,proportional_blocks,"[5, 5, 0, 0, 0, 1, 22, 3, 8, 6]",1.0,29.35994506633499,,,,,,,,,,,,,,,,,,,,,,
CICIDS2017__binary__SimFL__dirichlet_a0.1__M10__seed1,SimFL,CICIDS2017,binary,dirichlet,0.1,10,1,50,8,0.1,1.0,1.0,1.0,256,hist,,40,4.0,gaussian,random,proportional_blocks,4,20.0,100.0,0.2,42,20,1000,100,[],21440,5360,77,"[""benign"", ""attack""]","[7862, 1152, 780, 23, 2259, 2403, 20, 169, 964, 5808]",5.8483572499999354,0.009593437999910748,4.921760672999881,0.013359848995150969,0.3593991799998548,0.15578214799597845,0.3463602350034307,0.03165278699998453,1,1,2,50,111600,31645440,31757040,3526284,2394324,5920608,1080,52,37677648,20.0,100.0,2.5805632,1.47364864,4.05421184,0.9423507462686567,0.9327744763166044,0.9419105124053148,0.9398217328744214,0.9265846020948061,0.02962962962962963,0.9462279293739968,0.9334155363748459,0.9703703703703703,0.882798833819242,3.91616044789228e-07,0.00015751599994473509,1000.0,225857.0,50.0,50.0,5650.0,40.0,4.0,gaussian,random,proportional_blocks,"[18, 2, 1, 0, 5, 5, 0, 0, 2, 17]",3.0,27.846714344941958,,,,,,,,,,,,,,,,,,,,,,
CICIDS2017__binary__SimFL__dirichlet_a0.1__M10__seed2,SimFL,CICIDS2017,binary,dirichlet,0.1,10,2,50,8,0.1,1.0,1.0,1.0,256,hist,,40,4.0,gaussian,random,proportional_blocks,4,20.0,100.0,0.2,42,20,1000,100,[],21440,5360,77,"[""benign"", ""attack""]","[52, 722, 160, 1991, 573, 827, 3837, 83, 403, 12792]",4.809286048000104,0.0087440400000105,3.9283056289998513,0.013999907998822891,0.3519806919985058,0.1377009759999055,0.32948877600119886,0.029445461000022988,1,1,2,50,111600,31645440,31757040,2333188,2281572,4614760,1080,52,36371800,20.0,100.0,2.5805632,1.3691808,3.949744,0.9520522388059701,0.9445724858434551,0.9519040872744626,0.9473952381322575,0.9418993229272896,0.0299039780521262,0.9598262757871878,0.934964200477327,0.9700960219478738,0.9137026239067055,4.6224701492716504e-07,0.00014454550012032996,1000.0,213329.0,50.0,50.0,5282.0,40.0,4.0,gaussian,random,proportional_blocks,"[0, 1, 0, 4, 1, 1, 8, 0, 0, 35]",2.0,26.755425995024876,,,,,,,,,,,,,,,,,,,,,,
CICIDS2017__binary__SimFL__dirichlet_a0.1__M10__seed3,SimFL,CICIDS2017,binary,dirichlet,0.1,10,3,50,8,0.1,1.0,1.0,1.0,256,hist,,40,4.0,gaussian,random,proportional_blocks,4,20.0,100.0,0.2,42,20,1000,100,[],21440,5360,77,"[""benign"", ""attack""]","[68, 117, 4850, 46, 1513, 7697, 889, 5705, 168, 387]",5.510733348000031,0.009244755000054283,4.55467852799984,0.013442668999687157,0.38152499099987836,0.16608304899955328,0.33632222599931083,0.03947990399979062,1,1,2,50,111600,31645440,31757040,3492560,3010032,6502592,1080,52,38259632,20.0,100.0,2.5805632,1.5202073600000001,4.10077056,0.9291044776119403,0.9166206950644266,0.9282377154678507,0.9278705368265099,0.9074286034225566,0.032373113854595334,0.9308524676695699,0.92488860598345,0.9676268861454047,0.8472303206997085,4.317309701355722e-07,0.0001482994999832954,1000.0,294269.0,50.0,50.0,7662.0,40.0,4.0,gaussian,random,proportional_blocks,"[0, 0, 11, 0, 3, 17, 2, 13, 0, 4]",3.0,27.20074108623549,,,,,,,,,,,,,,,,,,,,,,
CICIDS2017__binary__SimFL__dirichlet_a0.1__M10__seed4,SimFL,CICIDS2017,binary,dirichlet,0.1,10,4,50,8,0.1,1.0,1.0,1.0,256,hist,,40,4.0,gaussian,random,proportional_blocks,4,20.0,100.0,0.2,42,20,1000,100,[],21440,5360,77,"[""benign"", ""attack""]","[8228, 2236, 732, 1461, 189, 3091, 2831, 556, 1382, 734]",5.635536456999944,0.009207731000060448,4.729324114000065,0.013145835998329858,0.3524569539999902,0.1572656890007238,0.3386626329993305,0.025663402999953178,1,1,2,50,111600,31645440,31757040,3653164,2045898,5699062,1080,52,37456102,20.0,100.0,2.5805632,1.45592496,4.036488159999999,0.9662313432835821,0.9611226114435916,0.9661971623706022,0.9620645379732076,0.9601974828732198,0.023045267489711935,0.9734827774740296,0.9506462984723855,0.9769547325102881,0.9434402332361516,3.665725746113414e-07,0.0001458089999459844,1000.0,187143.0,50.0,50.0,4512.0,40.0,4.0,gaussian,random,proportional_blocks,"[19, 5, 1, 3, 0, 7, 6, 1, 3, 5]",1.0,30.9132048092869,,,,,,,,,,,,,,,,,,,,,,
CICIDS2017__binary__SimFL__dirichlet_a0.1__M2__seed0,SimFL,CICIDS2017,binary,dirichlet,0.1,2,0,50,8,0.1,1.0,1.0,1.0,256,hist,,40,4.0,gaussian,random,proportional_blocks,4,20.0,100.0,0.2,42,20,1000,100,[],21440,5360,77,"[""benign"", ""attack""]","[17749, 3691]",2.0760285150000755,0.007304798999939521,1.4792589759999828,0.009516840000515003,0.38841108600013285,0.05066600899931473,0.11314664400003949,0.024537945000020045,1,1,2,50,2480,3516160,3518640,986220,217180,1203400,104,52,4722040,20.0,100.0,0.3214912,1.096272,1.4177632,0.9828358208955223,0.9801235025716266,0.9827673280085553,0.9840861158858453,0.9764196331089755,0.005761316872427984,0.9807848443843031,0.9873873873873874,0.994238683127572,0.958600583090379,3.878115671753547e-07,0.00015071199999283635,1000.0,177001.0,50.0,50.0,4214.0,40.0,4.0,gaussian,random,proportional_blocks,"[41, 9]",0.0,30.053731343283584,,,,,,,,,,,,,,,,,,,,,,
CICIDS2017__binary__SimFL__dirichlet_a0.1__M2__seed1,SimFL,CICIDS2017,binary,dirichlet,0.1,2,1,50,8,0.1,1.0,1.0,1.0,256,hist,,40,4.0,gaussian,random,proportional_blocks,4,20.0,100.0,0.2,42,20,1000,100,[],21440,5360,77,"[""benign"", ""attack""]","[14764, 6676]",2.8569701379999515,0.007793791000040073,2.3223248980000335,0.009429671998987033,0.33094966999965436,0.05207019400199897,0.10640057600016917,0.024959576000128436,1,1,2,50,2480,3516160,3518640,1096704,214122,1310826,104,52,4829466,20.0,100.0,0.3214912,1.10486608,1.42635728,0.9664179104477612,0.961355443403028,0.966391815256809,0.9620774177501594,0.9606433990409803,0.023319615912208505,0.9740082079343365,0.9501466275659824,0.9766803840877915,0.9446064139941691,3.8653600745249997e-07,0.00014984049994382076,1000.0,173943.0,50.0,50.0,4124.0,40.0,4.0,gaussian,random,proportional_blocks,"[34, 16]",0.0,36.35214552238806,,,,,,,,,,,,,,,,,,,,,,
CICIDS2017__binary__SimFL__dirichlet_a0.1__M2__seed2,SimFL,CICIDS2017,binary,dirichlet,0.1,2,2,50,8,0.1,1.0,1.0,1.0,256,hist,,40,4.0,gaussian,random,proportional_blocks,4,20.0,100.0,0.2,42,20,1000,100,[],21440,5360,77,"[""benign"", ""attack""]","[16693, 4747]",2.3507971300000463,0.007890726999903563,1.8025447929999245,0.00914218200000505,0.3433561119998103,0.04978504999962752,0.10928307499921175,0.025717178000149943,1,1,2,50,2480,3516160,3518640,1416792,219493,1636285,104,52,5154925,20.0,100.0,0.3214912,1.1309028,1.452394,0.9822761194029851,0.9794786306733456,0.9822068536385827,0.9833517055983194,0.9758537394969746,0.006310013717421125,0.9805089334055225,0.9861944777911165,0.9936899862825789,0.9580174927113703,3.72464925401719e-07,0.0001434834999827217,1000.0,179314.0,50.0,50.0,4282.0,40.0,4.0,gaussian,random,proportional_blocks,"[38, 12]",0.0,36.649253731343286,,,,,,,,,,,,,,,,,,,,,,
CICIDS2017__binary__SimFL__dirichlet_a0.1__M2__seed3,SimFL,CICIDS2017,binary,dirichlet,0.1,2,3,50,8,0.1,1.0,1.0,1.0,256,hist,,40,4.0,gaussian,random,proportional_blocks,4,20.0,100.0,0.2,42,20,1000,100,[],21440,5360,77,"[""benign"", ""attack""]","[5340, 16100]",2.316350222999972,0.008200473999977476,1.7560026400001334,0.009373204001349222,0.3454249340006754,0.05175042200085045,0.11351576100196326,0.028967529000055947,1,1,2,50,2480,3516160,3518640,800928,246092,1047020,104,52,4565660,20.0,100.0,0.3214912,1.0837616,1.4052528,0.9563432835820895,0.9493797910487662,0.9561401233371536,0.9537322411113272,0.9453630717425123,0.024142661179698217,0.9605725087766676,0.9468919734459867,0.9758573388203018,0.914868804664723,4.764604477459351e-07,0.00014357850000124017,1000.0,205913.0,50.0,50.0,5064.0,40.0,4.0,gaussian,random,proportional_blocks,"[12, 38]",0.0,27.536986940298508,,,,,,,,,,,,,,,,,,,,,,
CICIDS2017__binary__SimFL__dirichlet_a0.1__M2__seed4,SimFL,CICIDS2017,binary,dirichlet,0.1,2,4,50,8,0.1,1.0,1.0,1.0,256,hist,,40,4.0,gaussian,random,proportional_blocks,4,20.0,100.0,0.2,42,20,1000,100,[],21440,5360,77,"[""benign"", ""attack""]","[14180, 7260]",2.8914575579999564,0.007409708000068349,2.323752551000098,0.009482473999696595,0.35394073499992373,0.05661188799967931,0.1083650950010906,0.028725786999984848,1,1,2,50,2480,3516160,3518640,2130108,242418,2372526,104,52,5891166,20.0,100.0,0.3214912,1.18980208,1.5112932799999999,0.9869402985074627,0.9849101793709926,0.9869031244032345,0.9877383321044483,0.9822161433650474,0.004663923182441701,0.9856017386579734,0.9898749255509232,0.9953360768175583,0.9690962099125364,3.9371716415793505e-07,0.00014929700000720914,1000.0,202239.0,50.0,50.0,4956.0,40.0,4.0,gaussian,random,proportional_blocks,"[33, 17]",0.0,36.660960820895525,,,,,,,,,,,,,,,,,,,,,,
CICIDS2017__binary__SimFL__dirichlet_a0.1__M5__seed0,SimFL,CICIDS2017,binary,dirichlet,0.1,5,0,50,8,0.1,1.0,1.0,1.0,256,hist,,40,4.0,gaussian,random,proportional_blocks,4,20.0,100.0,0.2,42,20,1000,100,[],21440,5360,77,"[""benign"", ""attack""]","[16000, 58, 1421, 2509, 1452]",2.856448124999929,0.008552382999937436,2.075397229000032,0.01184439500048029,0.38952347400027065,0.0863230919999296,0.2541315580007222,0.0249244470001031,1,1,2,50,24800,14064640,14089440,972336,874448,1846784,440,52,15936224,20.0,100.0,1.1671552,1.14774272,2.31489792,0.9652985074626865,0.9598660527093796,0.9651828060937013,0.9630220459244294,0.9568873051866249,0.019753086419753086,0.9690805532953621,0.9569635385534967,0.980246913580247,0.933527696793003,4.231179104651156e-07,0.00014339999995627295,1000.0,178433.0,50.0,50.0,4256.0,40.0,4.0,gaussian,random,proportional_blocks,"[37, 0, 3, 5, 5]",0.0,28.98468983208955,,,,,,,,,,,,,,,,,,,,,,
CICIDS2017__binary__SimFL__dirichlet_a0.1__M5__seed1,SimFL,CICIDS2017,binary,dirichlet,0.1,5,1,50,8,0.1,1.0,1.0,1.0,256,hist,,40,4.0,gaussian,random,proportional_blocks,4,20.0,100.0,0.2,42,20,1000,100,[],21440,5360,77,"[""benign"", ""attack""]","[2057, 12806, 1633, 2465, 2479]",3.28559683200001,0.00836970599993947,2.6041204620000826,0.011604820002048655,0.3351513159989281,0.09536206500251865,0.20034620900037226,0.024943879000147717,1,1,2,50,24800,14064640,14089440,2327192,880448,3207640,440,52,17297080,20.0,100.0,1.1671552,1.2566112,2.4237664,0.9610074626865671,0.9542574701249921,0.9605845636868376,0.9649996224248876,0.9452418945238295,0.010973936899862825,0.9552199258081611,0.9747793190416141,0.9890260631001372,0.9014577259475218,4.3119179104878774e-07,0.00014172550004332152,1000.0,179933.0,50.0,50.0,4300.0,40.0,4.0,gaussian,random,proportional_blocks,"[4, 29, 3, 5, 9]",0.0,32.365776585820896,,,,,,,,,,,,,,,,,,,,,,
CICIDS2017__binary__SimFL__dirichlet_a0.1__M5__seed2,SimFL,CICIDS2017,binary,dirichlet,0.1,5,2,50,8,0.1,1.0,1.0,1.0,256,hist,,40,4.0,gaussian,random,proportional_blocks,4,20.0,100.0,0.2,42,20,1000,100,[],21440,5360,77,"[""benign"", ""attack""]","[1709, 1251, 354, 15260, 2866]",2.8366722140001457,0.008114149999983056,2.137252720000106,0.011266204001003643,0.3502050730007795,0.09374844400235816,0.20218161999991935,0.02785939000000326,1,1,2,50,24800,14064640,14089440,1823048,949856,2772904,440,52,16862344,20.0,100.0,1.1671552,1.22183232,2.38898752,0.9462686567164179,0.9374558778055881,0.9459094877946047,0.9436440624357665,0.9319351961831176,0.028257887517146776,0.9503622216259726,0.9369259032455604,0.9717421124828532,0.892128279883382,4.781095149053781e-07,0.00016217049994793342,1000.0,197285.0,50.0,50.0,4810.0,40.0,4.0,gaussian,random,proportional_blocks,"[3, 2, 0, 35, 10]",0.0,29.42587453358209,,,,,,,,,,,,,,,,,,,,,,
CICIDS2017__binary__SimFL__dirichlet_a0.1__M5__seed3,SimFL,CICIDS2017,binary,dirichlet,0.1,5,3,50,8,0.1,1.0,1.0,1.0,256,hist,,40,4.0,gaussian,random,proportional_blocks,4,20.0,100.0,0.2,42,20,1000,100,[],21440,5360,77,"[""benign"", ""attack""]","[149, 2835, 12835, 1525, 4096]",3.60541454600002,0.010306952000064484,2.806766671000105,0.012727609000648954,0.41560039800015147,0.10242646500137198,0.21160267100071906,0.039705959999992047,1,1,2,50,24800,14064640,14089440,1644372,1281220,2925592,440,52,17015032,20.0,100.0,1.1671552,1.23404736,2.4012025599999998,0.9324626865671641,0.9218650208086652,0.9322264670669747,0.9249094668851499,0.919005626942135,0.043621399176954734,0.9449715370018975,0.9048473967684022,0.9563786008230453,0.8816326530612245,4.2805802240254977e-07,0.00015549750003174267,1000.0,280126.0,50.0,50.0,7246.0,40.0,4.0,gaussian,random,proportional_blocks,"[0, 6, 29, 3, 12]",2.0,28.08488805970149,,,,,,,,,,,,,,,,,,,,,,
CICIDS2017__binary__SimFL__dirichlet_a0.1__M5__seed4,SimFL,CICIDS2017,binary,dirichlet,0.1,5,4,50,8,0.1,1.0,1.0,1.0,256,hist,,40,4.0,gaussian,random,proportional_blocks,4,20.0,100.0,0.2,42,20,1000,100,[],21440,5360,77,"[""benign"", ""attack""]","[11066, 4386, 1485, 2807, 1696]",3.589168567000115,0.008332322999876851,2.9392689900000732,0.010800063998431142,0.3091579220006224,0.09484756600272704,0.19392228699916814,0.02729079499999898,1,1,2,50,24800,14064640,14089440,2390820,935680,3326500,440,52,17415940,20.0,100.0,1.1671552,1.26612,2.4332751999999997,0.9544776119402985,0.9471655879533145,0.9542429231062127,0.9519834788886659,0.9427563618039809,0.024691358024691357,0.958479374494473,0.9454875832828589,0.9753086419753086,0.9102040816326531,5.312251865594155e-07,0.0001440790000515335,1000.0,193741.0,50.0,50.0,4706.0,40.0,4.0,gaussian,random,proportional_blocks,"[25, 10, 3, 6, 6]",0.0,28.714109141791045,,,,,,,,,,,,,,,,,,,,,,
CICIDS2017__binary__SimFL__dirichlet_a0.5__M10__seed0,SimFL,CICIDS2017,binary,dirichlet,0.5,10,0,50,8,0.1,1.0,1.0,1.0,256,hist,,40,4.0,gaussian,random,proportional_blocks,4,20.0,100.0,0.2,42,20,1000,100,[],21440,5360,77,"[""benign"", ""attack""]","[2408, 701, 825, 503, 1060, 2217, 3247, 1549, 3885, 5045]",7.00036235999994,0.009886287999961496,6.144130847999918,0.014369198999588662,0.30048066599999856,0.15754408599923408,0.34094258000038735,0.022870838000017102,1,1,2,50,111600,31645440,31757040,5496160,1752642,7248802,1080,52,39005842,20.0,100.0,2.5805632,1.57990416,4.16046736,0.9651119402985074,0.9594095924521734,0.9648877066101746,0.9656391896611946,0.9538170823885109,0.014814814814814815,0.9642857142857143,0.9669926650366748,0.9851851851851852,0.9224489795918367,3.9142313432417966e-07,0.00014674699997385687,1000.0,154559.0,50.0,50.0,3554.0,40.0,4.0,gaussian,random,proportional_blocks,"[5, 1, 1, 1, 2, 5, 7, 3, 9, 16]",0.0,35.75632773631841,,,,,,,,,,,,,,,,,,,,,,
CICIDS2017__binary__SimFL__dirichlet_a0.5__M10__seed1,SimFL,CICIDS2017,binary,dirichlet,0.5,10,1,50,8,0.1,1.0,1.0,1.0,256,hist,,40,4.0,gaussian,random,proportional_blocks,4,20.0,100.0,0.2,42,20,1000,100,[],21440,5360,77,"[""benign"", ""attack""]","[6277, 1474, 742, 477, 2298, 2348, 503, 434, 1997, 4890]",6.445036264999999,0.008652943000015512,5.49445923899998,0.0136561640022137,0.37968136699964816,0.15680475199928878,0.35294254699965677,0.02848472200003016,1,1,2,50,111600,31645440,31757040,4634116,2241801,6875917,1080,52,38632957,20.0,100.0,2.5805632,1.5500733599999998,4.130636559999999,0.9664179104477612,0.9612343297974928,0.966338569927604,0.9634590928359474,0.9590996892584194,0.0205761316872428,0.9714285714285714,0.9554896142433235,0.9794238683127572,0.9387755102040817,4.294498134484782e-07,0.00014705700004924438,1000.0,208910.0,50.0,50.0,5152.0,40.0,4.0,gaussian,random,proportional_blocks,"[14, 3, 1, 1, 5, 5, 1, 1, 4, 15]",0.0,33.42268345771144,,,,,,,,,,,,,,,,,,,,,,
CICIDS2017__binary__SimFL__dirichlet_a0.5__M10__seed2,SimFL,CICIDS2017,binary,dirichlet,0.5,10,2,50,8,0.1,1.0,1.0,1.0,256,hist,,40,4.0,gaussian,random,proportional_blocks,4,20.0,100.0,0.2,42,20,1000,100,[],21440,5360,77,"[""benign"", ""attack""]","[241, 724, 1002, 3193, 2588, 1214, 2029, 7582, 787, 2080]",6.388882720999845,0.0097053220001726,5.470815636999987,0.013523362000114503,0.34110031899990645,0.15958820599621504,0.35352627599945663,0.029954167999903802,1,1,2,50,111600,31645440,31757040,4664056,2178144,6842200,1080,52,38599240,20.0,100.0,2.5805632,1.5473759999999999,4.1279392,0.9727611940298507,0.968262512047154,0.9725650176103873,0.975416849768119,0.9619111607017881,0.007956104252400549,0.9686579158853469,0.9821757836508912,0.9920438957475994,0.9317784256559767,3.844966417559522e-07,0.0001565349999737009,1000.0,201837.0,50.0,50.0,4944.0,40.0,4.0,gaussian,random,proportional_blocks,"[0, 1, 2, 7, 6, 2, 4, 17, 1, 10]",1.0,34.38172160033167,,,,,,,,,,,,,,,,,,,,,,
CICIDS2017__binary__SimFL__dirichlet_a0.5__M10__seed3,SimFL,CICIDS2017,binary,dirichlet,0.5,10,3,50,8,0.1,1.0,1.0,1.0,256,hist,,40,4.0,gaussian,random,proportional_blocks,4,20.0,100.0,0.2,42,20,1000,100,[],21440,5360,77,"[""benign"", ""attack""]","[901, 1424, 3290, 2442, 480, 2162, 6685, 740, 2733, 583]",6.756070421999993,0.009460380000064106,5.868486612999959,0.014651133999677768,0.34162608900032865,0.15135795400215102,0.3342610159979813,0.026418594000006124,1,1,2,50,111600,31645440,31757040,4316136,2052072,6368208,1080,52,38125248,20.0,100.0,2.5805632,1.50945664,4.09001984,0.9565298507462686,0.9494904046611773,0.9562800752979721,0.9549128644724333,0.9445740200842241,0.022222222222222223,0.9590958019375673,0.9507299270072993,0.9777777777777777,0.9113702623906705,3.926388059843662e-07,0.00014539450000938814,1000.0,187829.0,50.0,50.0,4532.0,40.0,4.0,gaussian,random,proportional_blocks,"[2, 3, 7, 5, 1, 5, 15, 1, 6, 5]",0.0,33.555151326699836,,,,,,,,,,,,,,,,,,,,,,
CICIDS2017__binary__SimFL__dirichlet_a0.5__M10__seed4,SimFL,CICIDS2017,binary,dirichlet,0.5,10,4,50,8,0.1,1.0,1.0,1.0,256,hist,,40,4.0,gaussian,random,proportional_blocks,4,20.0,100.0,0.2,42,20,1000,100,[],21440,5360,77,"[""benign"", ""attack""]","[4748, 2553, 1256, 828, 1172, 2992, 3436, 1111, 986, 2358]",6.720801169999959,0.014251291999926252,5.873372556000049,0.01281384200001412,0.2946589500002119,0.15467926799647103,0.33794770700137633,0.02340796299995418,1,1,2,50,111600,31645440,31757040,5213484,1864665,7078149,1080,52,38835189,20.0,100.0,2.5805632,1.56625192,4.146815119999999,0.969776119402985,0.9648760541188359,0.9695998932788799,0.9705670398594669,0.9597163733218155,0.012345679012345678,0.9685230024213075,0.9726110772976263,0.9876543209876543,0.9317784256559767,4.227748134092087e-07,0.00014796599998589954,1000.0,167006.0,50.0,50.0,3920.0,40.0,4.0,gaussian,random,proportional_blocks,"[11, 5, 2, 1, 2, 6, 8, 2, 2, 11]",0.0,35.695631218905476,,,,,,,,,,,,,,,,,,,,,,
CICIDS2017__binary__SimFL__dirichlet_a0.5__M2__seed0,SimFL,CICIDS2017,binary,dirichlet,0.5,2,0,50,8,0.1,1.0,1.0,1.0,256,hist,,40,4.0,gaussian,random,proportional_blocks,4,20.0,100.0,0.2,42,20,1000,100,[],21440,5360,77,"[""benign"", ""attack""]","[16460, 4980]",2.4617085240000733,0.0073300870000139184,1.8496755399999074,0.010343363000743011,0.3855341559996077,0.05849273900025764,0.11857357099972887,0.028678166000077,1,1,2,50,2480,3516160,3518640,1718016,207524,1925540,104,52,5444180,20.0,100.0,0.3214912,1.1540432,1.4755344,0.9889925373134328,0.9872994713882881,0.9889691787135458,0.9894055436814009,0.9852687694713393,0.0043895747599451305,0.9882897603485838,0.990521327014218,0.9956104252400548,0.9749271137026239,5.307626865509749e-07,0.0001547280000409046,1000.0,167345.0,50.0,50.0,3930.0,40.0,4.0,gaussian,random,proportional_blocks,"[38, 12]",0.0,36.7740671641791,,,,,,,,,,,,,,,,,,,,,,
CICIDS2017__binary__SimFL__dirichlet_a0.5__M2__seed1,SimFL,CICIDS2017,binary,dirichlet,0.5,2,1,50,8,0.1,1.0,1.0,1.0,256,hist,,40,4.0,gaussian,random,proportional_blocks,4,20.0,100.0,0.2,42,20,1000,100,[],21440,5360,77,"[""benign"", ""attack""]","[13625, 7815]",3.277361015999986,0.00748853599998256,2.7364603019998412,0.008922263001295505,0.31980385999941063,0.056385732002354416,0.1069449359997634,0.03828658400016138,1,1,2,50,2480,3516160,3518640,2303556,216840,2520396,104,52,6039036,20.0,100.0,0.3214912,1.20163168,1.5231228799999998,0.9880597014925373,0.9862852113126537,0.9880615422499852,0.9861354803837103,0.9864353501541709,0.00905349794238683,0.9914905297831458,0.9807804309842749,0.9909465020576131,0.9819241982507289,3.819673507345513e-07,0.00014501850000669947,1000.0,176661.0,50.0,50.0,4204.0,40.0,4.0,gaussian,random,proportional_blocks,"[31, 19]",0.0,37.73740671641791,,,,,,,,,,,,,,,,,,,,,,
CICIDS2017__binary__SimFL__dirichlet_a0.5__M2__seed2,SimFL,CICIDS2017,binary,dirichlet,0.5,2,2,50,8,0.1,1.0,1.0,1.0,256,hist,,40,4.0,gaussian,random,proportional_blocks,4,20.0,100.0,0.2,42,20,1000,100,[],21440,5360,77,"[""benign"", ""attack""]","[6960, 14480]",2.902737779000063,0.007339409999985946,2.2782941440000286,0.010901765998596602,0.3858294499987096,0.06468844500182058,0.1282942980003554,0.023843768999995518,1,1,2,50,2480,3516160,3518640,2798688,205351,3004039,104,52,6522679,20.0,100.0,0.3214912,1.24032312,1.5618143199999999,0.9908582089552239,0.9894817271641565,0.9908518199216397,0.9901700813189676,0.9888017052794075,0.0054869684499314125,0.9920634920634921,0.9882766705744431,0.9945130315500685,0.9830903790087464,3.970442164208139e-07,0.0001514739999493031,1000.0,165172.0,50.0,50.0,3866.0,40.0,4.0,gaussian,random,proportional_blocks,"[16, 34]",0.0,37.83535447761194,,,,,,,,,,,,,,,,,,,,,,
CICIDS2017__binary__SimFL__dirichlet_a0.5__M2__seed3,SimFL,CICIDS2017,binary,dirichlet,0.5,2,3,50,8,0.1,1.0,1.0,1.0,256,hist,,40,4.0,gaussian,random,proportional_blocks,4,20.0,100.0,0.2,42,20,1000,100,[],21440,5360,77,"[""benign"", ""attack""]","[4139, 17301]",2.286073421000083,0.007844140000088373,1.7590763749999496,0.008990786000595108,0.32169021999970937,0.05064005200142674,0.11175322700046308,0.02288943600001403,1,1,2,50,2480,3516160,3518640,1461528,194132,1655660,104,52,5174300,20.0,100.0,0.3214912,1.1324528,1.453944,0.9916044776119403,0.9903192368122982,0.9915893416475821,0.9921147306846512,0.9885785472331201,0.003017832647462277,0.9907306434023991,0.9934988179669031,0.9969821673525378,0.9801749271137026,3.866179104622474e-07,0.0001547685000105048,1000.0,153953.0,50.0,50.0,3536.0,40.0,4.0,gaussian,random,proportional_blocks,"[9, 41]",0.0,36.05592350746269,,,,,,,,,,,,,,,,,,,,,,
CICIDS2017__binary__SimFL__dirichlet_a0.5__M2__seed4,SimFL,CICIDS2017,binary,dirichlet,0.5,2,4,50,8,0.1,1.0,1.0,1.0,256,hist,,40,4.0,gaussian,random,proportional_blocks,4,20.0,100.0,0.2,42,20,1000,100,[],21440,5360,77,"[""benign"", ""attack""]","[14326, 7114]",2.9520306609999807,0.0074577370000952214,2.3444105400001263,0.009060352001824867,0.38042693800116467,0.059687542001029215,0.12247981600057756,0.02526839300003303,1,1,2,50,2480,3516160,3518640,2725116,218892,2944008,104,52,6462648,20.0,100.0,0.3214912,1.23552064,1.55701184,0.9886194029850747,0.9868895007781251,0.988604298548753,0.9881968313028018,0.9856119049618671,0.006035665294924554,0.9893500819224468,0.9870435806831567,0.9939643347050754,0.9772594752186589,3.816194030048846e-07,0.00014448299998548464,1000.0,178713.0,50.0,50.0,4264.0,40.0,4.0,gaussian,random,proportional_blocks,"[33, 17]",0.0,37.32019589552239,,,,,,,,,,,,,,,,,,,,,,
CICIDS2017__binary__SimFL__dirichlet_a0.5__M5__seed0,SimFL,CICIDS2017,binary,dirichlet,0.5,5,0,50,8,0.1,1.0,1.0,1.0,256,hist,,40,4.0,gaussian,random,proportional_blocks,4,20.0,100.0,0.2,42,20,1000,100,[],21440,5360,77,"[""benign"", ""attack""]","[10004, 2218, 1976, 3153, 4089]",4.64733805700007,0.007897465000041848,3.938053601999968,0.01191968699959034,0.3529390239997383,0.10180537400026424,0.2056851480002706,0.022994985999957862,1,1,2,50,24800,14064640,14089440,4222568,824656,5047224,440,52,19136664,20.0,100.0,1.1671552,1.40377792,2.5709331200000003,0.9841417910447762,0.9817198426253388,0.9841157218921323,0.9833263126299876,0.9801585301963232,0.008779149519890261,0.9855428259683578,0.9811097992916175,0.9912208504801098,0.9690962099125364,3.7708395523032545e-07,0.0001441894999629767,1000.0,165985.0,50.0,50.0,3890.0,40.0,4.0,gaussian,random,proportional_blocks,"[23, 5, 4, 7, 11]",0.0,36.79086986940298,,,,,,,,,,,,,,,,,,,,,,
CICIDS2017__binary__SimFL__dirichlet_a0.5__M5__seed1,SimFL,CICIDS2017,binary,dirichlet,0.5,5,1,50,8,0.1,1.0,1.0,1.0,256,hist,,40,4.0,gaussian,random,proportional_blocks,4,20.0,100.0,0.2,42,20,1000,100,[],21440,5360,77,"[""benign"", ""attack""]","[11081, 2708, 1240, 2994, 3417]",4.1182921839999835,0.008004562999985865,3.4274014300001454,0.011122079000870144,0.31893153400028496,0.10671771800252827,0.2148670109975228,0.025289785000040865,1,1,2,50,24800,14064640,14089440,3179400,859744,4039144,440,52,18128584,20.0,100.0,1.1671552,1.32313152,2.4902867200000003,0.9688432835820896,0.9639025376582162,0.9687112313713153,0.9679790812869871,0.9601110991133667,0.015637860082304528,0.9702541914548405,0.9657039711191335,0.9843621399176955,0.9358600583090378,3.747897388101687e-07,0.000151403499899061,1000.0,174757.0,50.0,50.0,4148.0,40.0,4.0,gaussian,random,proportional_blocks,"[25, 6, 2, 6, 11]",0.0,33.46354944029851,,,,,,,,,,,,,,,,,,,,,,
CICIDS2017__binary__SimFL__dirichlet_a0.5__M5__seed2,SimFL,CICIDS2017,binary,dirichlet,0.5,5,2,50,8,0.1,1.0,1.0,1.0,256,hist,,40,4.0,gaussian,random,proportional_blocks,4,20.0,100.0,0.2,42,20,1000,100,[],21440,5360,77,"[""benign"", ""attack""]","[1006, 2284, 2456, 7190, 8504]",4.124102398999867,0.00792868799999269,3.4682601340000474,0.01048209300029157,0.3055174550006541,0.10080090499536709,0.20187306800085025,0.023148103000039555,1,1,2,50,24800,14064640,14089440,4282576,809428,5092004,440,52,19181444,20.0,100.0,1.1671552,1.40736032,2.5745155200000003,0.9815298507462686,0.9786485451303581,0.9814727807010577,0.9816852984848368,0.9757681555867497,0.00823045267489712,0.9812703583061889,0.9821002386634845,0.9917695473251029,0.9597667638483965,3.8123936568055473e-07,0.00015328049994423054,1000.0,162178.0,50.0,50.0,3778.0,40.0,4.0,gaussian,random,proportional_blocks,"[2, 5, 5, 16, 22]",0.0,36.390671641791045,,,,,,,,,,,,,,,,,,,,,,
CICIDS2017__binary__SimFL__dirichlet_a0.5__M5__seed3,SimFL,CICIDS2017,binary,dirichlet,0.5,5,3,50,8,0.1,1.0,1.0,1.0,256,hist,,40,4.0,gaussian,random,proportional_blocks,4,20.0,100.0,0.2,42,20,1000,100,[],21440,5360,77,"[""benign"", ""attack""]","[1434, 1411, 10016, 6215, 2364]",3.896736009999813,0.010113859999819397,3.2595501119999426,0.010800093001307687,0.2982630280005196,0.09657390599954851,0.1920770750009524,0.02390938400003506,1,1,2,50,24800,14064640,14089440,3268304,853240,4121544,440,52,18210984,20.0,100.0,1.1671552,1.32972352,2.4968787199999998,0.9753731343283583,0.9714358384303277,0.9752544218892216,0.9761684014824419,0.9670733902026419,0.009876543209876543,0.974089068825911,0.9782477341389728,0.9901234567901235,0.9440233236151604,3.8387014926887676e-07,0.0001396154999611099,1000.0,173131.0,50.0,50.0,4100.0,40.0,4.0,gaussian,random,proportional_blocks,"[3, 3, 23, 14, 7]",0.0,33.320778917910445,,,,,,,,,,,,,,,,,,,,,,
CICIDS2017__binary__SimFL__dirichlet_a0.5__M5__seed4,SimFL,CICIDS2017,binary,dirichlet,0.5,5,4,50,8,0.1,1.0,1.0,1.0,256,hist,,40,4.0,gaussian,random,proportional_blocks,4,20.0,100.0,0.2,42,20,1000,100,[],21440,5360,77,"[""benign"", ""attack""]","[9581, 6006, 1558, 3324, 971]",4.746429318000082,0.00781952000011188,4.087516500999982,0.011215856999342577,0.30832073800002036,0.09880991899740366,0.20020647899855248,0.026701579000018683,1,1,2,50,24800,14064640,14089440,3628212,919644,4547856,440,52,18637296,20.0,100.0,1.1671552,1.36382848,2.5309836800000003,0.9837686567164179,0.9812721018776454,0.9837342126792965,0.9833523061673326,0.9792666978608022,0.00823045267489712,0.9844771241830066,0.9822274881516587,0.9917695473251029,0.9667638483965014,4.225272388128957e-07,0.00015000700000200595,1000.0,189732.0,50.0,50.0,4588.0,40.0,4.0,gaussian,random,proportional_blocks,"[22, 14, 3, 7, 4]",0.0,35.841068097014926,,,,,,,,,,,,,,,,,,,,,,
CICIDS2017__binary__SimFL__dirichlet_a1.0__M10__seed0,SimFL,CICIDS2017,binary,dirichlet,1.0,10,0,50,8,0.1,1.0,1.0,1.0,256,hist,,40,4.0,gaussian,random,proportional_blocks,4,20.0,100.0,0.2,42,20,1000,100,[],21440,5360,77,"[""benign"", ""attack""]","[966, 3453, 858, 4036, 2812, 373, 2197, 1741, 2851, 2153]",6.961629519999974,0.00943415400001868,6.119957874999955,0.014130933999808803,0.30265861099974245,0.15346356299858144,0.33015407899893034,0.02207921499996246,1,1,2,50,111600,31645440,31757040,5778524,1760004,7538528,1080,52,39295568,20.0,100.0,2.5805632,1.60308224,4.183645439999999,0.9755597014925373,0.9716658816030438,0.9754480015762307,0.9761461382006531,0.9675193063704024,0.010150891632373114,0.9746083198271205,0.9776839565741857,0.9898491083676269,0.9451895043731778,3.832949626759945e-07,0.00014550599996709934,1000.0,155377.0,50.0,50.0,3578.0,40.0,4.0,gaussian,random,proportional_blocks,"[2, 8, 2, 9, 6, 0, 5, 4, 6, 8]",0.0,35.97016480099502,,,,,,,,,,,,,,,,,,,,,,
CICIDS2017__binary__SimFL__dirichlet_a1.0__M10__seed1,SimFL,CICIDS2017,binary,dirichlet,1.0,10,1,50,8,0.1,1.0,1.0,1.0,256,hist,,40,4.0,gaussian,random,proportional_blocks,4,20.0,100.0,0.2,42,20,1000,100,[],21440,5360,77,"[""benign"", ""attack""]","[1578, 3459, 2080, 2216, 629, 1028, 1143, 1256, 6054, 1997]",6.43846825300011,0.009626707000052193,5.575661146999892,0.013971553001056236,0.32406776499897205,0.15134792700473554,0.33036678000371467,0.023503079999954934,1,1,2,50,111600,31645440,31757040,5049152,1865916,6915068,1080,52,38672108,20.0,100.0,2.5805632,1.5532054400000002,4.1337686399999996,0.9679104477611941,0.962803914755636,0.967766456901017,0.9671183472072045,0.958807744144101,0.015912208504801097,0.9691975141853553,0.9650391802290537,0.9840877914951989,0.933527696793003,4.224546641899675e-07,0.0001416740001332073,1000.0,167145.0,50.0,50.0,3924.0,40.0,4.0,gaussian,random,proportional_blocks,"[3, 8, 4, 5, 1, 2, 2, 2, 14, 9]",0.0,35.436105928689884,,,,,,,,,,,,,,,,,,,,,,
CICIDS2017__binary__SimFL__dirichlet_a1.0__M10__seed2,SimFL,CICIDS2017,binary,dirichlet,1.0,10,2,50,8,0.1,1.0,1.0,1.0,256,hist,,40,4.0,gaussian,random,proportional_blocks,4,20.0,100.0,0.2,42,20,1000,100,[],21440,5360,77,"[""benign"", ""attack""]","[1282, 1209, 2542, 434, 1650, 2849, 1965, 2133, 4248, 3128]",6.396805825000001,0.008990885999992315,5.572314706999805,0.012942915997655291,0.2847913919997609,0.15639169199903336,0.32822203199884825,0.023815140000124302,1,1,2,50,111600,31645440,31757040,5709136,1892808,7601944,1080,52,39358984,20.0,100.0,2.5805632,1.60815552,4.18871872,0.9729477611940298,0.9687078134761822,0.9728553548322116,0.9720047691205929,0.9655988674129263,0.013991769547325103,0.9745119305856833,0.9694976076555024,0.9860082304526749,0.9451895043731778,3.786169776106756e-07,0.00015290399994682957,1000.0,170133.0,50.0,50.0,4012.0,40.0,4.0,gaussian,random,proportional_blocks,"[2, 2, 5, 1, 3, 6, 4, 4, 9, 14]",0.0,35.918262852404645,,,,,,,,,,,,,,,,,,,,,,
CICIDS2017__binary__SimFL__dirichlet_a1.0__M10__seed3,SimFL,CICIDS2017,binary,dirichlet,1.0,10,3,50,8,0.1,1.0,1.0,1.0,256,hist,,40,4.0,gaussian,random,proportional_blocks,4,20.0,100.0,0.2,42,20,1000,100,[],21440,5360,77,"[""benign"", ""attack""]","[794, 4830, 777, 2967, 1933, 841, 1928, 2920, 3887, 563]",7.085456776000001,0.00928757399992719,6.215243356999963,0.013867673001641379,0.27895730699788146,0.1667811309980607,0.3652605930003574,0.025227739999991172,1,1,2,50,111600,31645440,31757040,5061552,1787598,6849150,1080,52,38606190,20.0,100.0,2.5805632,1.5479319999999999,4.1284952,0.966044776119403,0.9605907254405871,0.9658697213333227,0.9655507524300819,0.9560466632273132,0.016186556927297667,0.9668374224858453,0.9642640823743186,0.9838134430727024,0.9282798833819242,4.821496268372792e-07,0.00018279599987636175,1000.0,158443.0,50.0,50.0,3668.0,40.0,4.0,gaussian,random,proportional_blocks,"[1, 11, 1, 6, 4, 1, 4, 6, 9, 7]",0.0,35.12771558872305,,,,,,,,,,,,,,,,,,,,,,
CICIDS2017__binary__SimFL__dirichlet_a1.0__M10__seed4,SimFL,CICIDS2017,binary,dirichlet,1.0,10,4,50,8,0.1,1.0,1.0,1.0,256,hist,,40,4.0,gaussian,random,proportional_blocks,4,20.0,100.0,0.2,42,20,1000,100,[],21440,5360,77,"[""benign"", ""attack""]","[4324, 1555, 999, 993, 2149, 3477, 1935, 2084, 1857, 2067]",7.0511439440001595,0.00912276799999745,6.230113917999915,0.013491892997990362,0.2800466010000946,0.15518084900259055,0.331928285999993,0.021525876000168864,1,1,2,50,111600,31645440,31757040,5551556,1741005,7292561,1080,52,39049601,20.0,100.0,2.5805632,1.58340488,4.16396808,0.9679104477611941,0.9627199792960662,0.9677287813649146,0.9682131504988811,0.9577271472963083,0.013991769547325103,0.9674293405114401,0.9689969604863222,0.9860082304526749,0.9294460641399417,4.3283488803727277e-07,0.0001441720000912028,1000.0,153266.0,50.0,50.0,3516.0,40.0,4.0,gaussian,random,proportional_blocks,"[10, 3, 2, 2, 5, 8, 4, 4, 4, 8]",0.0,36.13954705638474,,,,,,,,,,,,,,,,,,,,,,
CICIDS2017__binary__SimFL__dirichlet_a1.0__M2__seed0,SimFL,CICIDS2017,binary,dirichlet,1.0,2,0,50,8,0.1,1.0,1.0,1.0,256,hist,,40,4.0,gaussian,random,proportional_blocks,4,20.0,100.0,0.2,42,20,1000,100,[],21440,5360,77,"[""benign"", ""attack""]","[5701, 15739]",2.8880278829999497,0.012741035999965789,2.340444628,0.00939258099970175,0.32173248699973556,0.057514943999990464,0.11759576800000104,0.02534807600000022,1,1,2,50,2480,3516160,3518640,1902312,200319,2102631,104,52,5621271,20.0,100.0,0.3214912,1.16821048,1.48970168,0.9886194029850747,0.9868812988252431,0.9886006945343538,0.9885048864739387,0.985303163005355,0.0054869684499314125,0.9888161483906165,0.9881936245572609,0.9945130315500685,0.9760932944606414,3.787294776299262e-07,0.0001544994999562732,1000.0,160140.0,50.0,50.0,3718.0,40.0,4.0,gaussian,random,proportional_blocks,"[13, 37]",0.0,37.422341417910445,,,,,,,,,,,,,,,,,,,,,,
CICIDS2017__binary__SimFL__dirichlet_a1.0__M2__seed1,SimFL,CICIDS2017,binary,dirichlet,1.0,2,1,50,8,0.1,1.0,1.0,1.0,256,hist,,40,4.0,gaussian,random,proportional_blocks,4,20.0,100.0,0.2,42,20,1000,100,[],21440,5360,77,"[""benign"", ""attack""]","[6974, 14466]",3.156114258000116,0.00771010599987676,2.588281125000094,0.009629661999952077,0.34605251099947054,0.058112252002274545,0.11680079799930354,0.02637453700003789,1,1,2,50,2480,3516160,3518640,2293320,222091,2515411,104,52,6034051,20.0,100.0,0.3214912,1.20123288,1.5227240800000001,0.9880597014925373,0.9862724938777659,0.9880560050962295,0.9865743863277915,0.9859722372194027,0.00823045267489712,0.9906823787338997,0.9824663939216832,0.9917695473251029,0.9801749271137026,3.896145522506896e-07,0.00014917849989615206,1000.0,181912.0,50.0,50.0,4358.0,40.0,4.0,gaussian,random,proportional_blocks,"[16, 34]",0.0,37.67742537313433,,,,,,,,,,,,,,,,,,,,,,
CICIDS2017__binary__SimFL__dirichlet_a1.0__M2__seed2,SimFL,CICIDS2017,binary,dirichlet,1.0,2,2,50,8,0.1,1.0,1.0,1.0,256,hist,,40,4.0,gaussian,random,proportional_blocks,4,20.0,100.0,0.2,42,20,1000,100,[],21440,5360,77,"[""benign"", ""attack""]","[14051, 7389]",3.133822210000062,0.009644619000027888,2.5727308100001665,0.009127754000246568,0.3329103700014002,0.06105471399905582,0.11941558400121721,0.025717387999975472,1,1,2,50,2480,3516160,3518640,2915280,221261,3136541,104,52,6655181,20.0,100.0,0.3214912,1.25092328,1.57241448,0.9899253731343284,0.9884352710806981,0.9899300200222294,0.98798652789627,0.9888876891144465,0.00823045267489712,0.9934047815333883,0.9825682742591516,0.9917695473251029,0.9860058309037901,4.712330223810568e-07,0.00014416700003039296,1000.0,181082.0,50.0,50.0,4334.0,40.0,4.0,gaussian,random,proportional_blocks,"[32, 18]",0.0,37.843190298507466,,,,,,,,,,,,,,,,,,,,,,
CICIDS2017__binary__SimFL__dirichlet_a1.0__M2__seed3,SimFL,CICIDS2017,binary,dirichlet,1.0,2,3,50,8,0.1,1.0,1.0,1.0,256,hist,,40,4.0,gaussian,random,proportional_blocks,4,20.0,100.0,0.2,42,20,1000,100,[],21440,5360,77,"[""benign"", ""attack""]","[4073, 17367]",2.1547812880000947,0.007535841999924742,1.630310272000088,0.008597728998893217,0.3266562220001106,0.04788548199894649,0.10601271899918174,0.02483474199993907,1,1,2,50,2480,3516160,3518640,1416480,212084,1628564,104,52,5147204,20.0,100.0,0.3214912,1.13028512,1.45177632,0.9908582089552239,0.9894784573376963,0.9908503896518788,0.9903220379901583,0.9886473343011514,0.005212620027434842,0.9917943107221007,0.988849765258216,0.9947873799725652,0.9825072886297376,3.7716007463430616e-07,0.00014861149998068868,1000.0,171905.0,50.0,50.0,4064.0,40.0,4.0,gaussian,random,proportional_blocks,"[9, 41]",0.0,35.29025186567164,,,,,,,,,,,,,,,,,,,,,,
CICIDS2017__binary__SimFL__dirichlet_a1.0__M2__seed4,SimFL,CICIDS2017,binary,dirichlet,1.0,2,4,50,8,0.1,1.0,1.0,1.0,256,hist,,40,4.0,gaussian,random,proportional_blocks,4,20.0,100.0,0.2,42,20,1000,100,[],21440,5360,77,"[""benign"", ""attack""]","[14737, 6703]",2.784271340000032,0.0073423510000338865,2.2320463309999923,0.009608745001287389,0.3365297550010382,0.05705537100038782,0.11302312199950393,0.025395421999974133,1,1,2,50,2480,3516160,3518640,2659712,216242,2875954,104,52,6394594,20.0,100.0,0.3214912,1.23007632,1.5515675199999999,0.9899253731343284,0.9884317120091012,0.989928475234277,0.9881317405241419,0.9887333181361904,0.007956104252400549,0.9931337544630596,0.983129726585224,0.9920438957475994,0.9854227405247813,4.6450466418807095e-07,0.0001555085000291001,1000.0,176063.0,50.0,50.0,4186.0,40.0,4.0,gaussian,random,proportional_blocks,"[34, 16]",0.0,37.80848880597015,,,,,,,,,,,,,,,,,,,,,,
CICIDS2017__binary__SimFL__dirichlet_a1.0__M5__seed0,SimFL,CICIDS2017,binary,dirichlet,1.0,5,0,50,8,0.1,1.0,1.0,1.0,256,hist,,40,4.0,gaussian,random,proportional_blocks,4,20.0,100.0,0.2,42,20,1000,100,[],21440,5360,77,"[""benign"", ""attack""]","[1231, 6113, 1414, 7578, 5104]",4.631119234000039,0.010103044000061345,3.962507954999978,0.010902879999434845,0.31667107100031444,0.10152158599851191,0.1984381360008456,0.025217784999995274,1,1,2,50,24800,14064640,14089440,4826956,848068,5675024,440,52,19764464,20.0,100.0,1.1671552,1.45400192,2.6211571200000003,0.9789179104477612,0.9756599390316998,0.9788664075849882,0.9780333497889631,0.9733846036945054,0.011248285322359396,0.9804134929270947,0.9756532066508313,0.9887517146776406,0.9580174927113703,3.9246231344703173e-07,0.00014810950000310186,1000.0,171838.0,50.0,50.0,4062.0,40.0,4.0,gaussian,random,proportional_blocks,"[2, 14, 3, 17, 14]",0.0,36.706471548507466,,,,,,,,,,,,,,,,,,,,,,
CICIDS2017__binary__SimFL__dirichlet_a1.0__M5__seed1,SimFL,CICIDS2017,binary,dirichlet,1.0,5,1,50,8,0.1,1.0,1.0,1.0,256,hist,,40,4.0,gaussian,random,proportional_blocks,4,20.0,100.0,0.2,42,20,1000,100,[],21440,5360,77,"[""benign"", ""attack""]","[3910, 7094, 4163, 4071, 2202]",5.038733532000151,0.008892344000059893,4.207912586999782,0.012181483999938791,0.39617052100015826,0.12430002099949888,0.2580688430002738,0.024718342000142002,1,1,2,50,24800,14064640,14089440,4528248,859772,5388020,440,52,19477460,20.0,100.0,1.1671552,1.4310416,2.5981968,0.9777985074626866,0.9743351199041679,0.9777299081154127,0.9773447845161558,0.971480961579223,0.010973936899862825,0.9785559174809989,0.9761336515513126,0.9890260631001372,0.953935860058309,5.077882462531836e-07,0.00015377700003682548,1000.0,174764.0,50.0,50.0,4148.0,40.0,4.0,gaussian,random,proportional_blocks,"[9, 16, 9, 9, 7]",0.0,36.96992770522388,,,,,,,,,,,,,,,,,,,,,,
CICIDS2017__binary__SimFL__dirichlet_a1.0__M5__seed2,SimFL,CICIDS2017,binary,dirichlet,1.0,5,2,50,8,0.1,1.0,1.0,1.0,256,hist,,40,4.0,gaussian,random,proportional_blocks,4,20.0,100.0,0.2,42,20,1000,100,[],21440,5360,77,"[""benign"", ""attack""]","[3924, 2437, 9187, 2001, 3891]",4.696363160999908,0.008587454999997135,4.046291323999867,0.010644493000881994,0.301538710999921,0.102618237998513,0.19660184100052902,0.024305683000193312,1,1,2,50,24800,14064640,14089440,4382384,846444,5228828,440,52,19318268,20.0,100.0,1.1671552,1.41830624,2.58546144,0.983955223880597,0.9814079133496474,0.983885891839936,0.9857216075614104,0.9773970493547213,0.0043895747599451305,0.9810759664774263,0.9903672486453944,0.9956104252400548,0.9591836734693877,4.253249999865419e-07,0.00014593050002531527,1000.0,171432.0,50.0,50.0,4050.0,40.0,4.0,gaussian,random,proportional_blocks,"[9, 5, 21, 4, 11]",0.0,36.74482276119403,,,,,,,,,,,,,,,,,,,,,,
CICIDS2017__binary__SimFL__dirichlet_a1.0__M5__seed3,SimFL,CICIDS2017,binary,dirichlet,1.0,5,3,50,8,0.1,1.0,1.0,1.0,256,hist,,40,4.0,gaussian,random,proportional_blocks,4,20.0,100.0,0.2,42,20,1000,100,[],21440,5360,77,"[""benign"", ""attack""]","[1627, 8302, 2497, 5908, 3106]",4.824128364999979,0.00845241399997576,4.168942235000031,0.011103712999101845,0.3092350979998173,0.10096538400080135,0.19524346699745365,0.024327968000079636,1,1,2,50,24800,14064640,14089440,4071544,853248,4924792,440,52,19014232,20.0,100.0,1.1671552,1.39398336,2.56113856,0.9748134328358209,0.9708194166698155,0.9747066840426801,0.9749558905552096,0.9669706095254091,0.011248285322359396,0.9745808545159546,0.9753309265944645,0.9887517146776406,0.9451895043731778,4.866177238566828e-07,0.0001484350000282575,1000.0,173133.0,50.0,50.0,4100.0,40.0,4.0,gaussian,random,proportional_blocks,"[3, 19, 5, 13, 10]",0.0,36.15690298507463,,,,,,,,,,,,,,,,,,,,,,
CICIDS2017__binary__SimFL__dirichlet_a1.0__M5__seed4,SimFL,CICIDS2017,binary,dirichlet,1.0,5,4,50,8,0.1,1.0,1.0,1.0,256,hist,,40,4.0,gaussian,random,proportional_blocks,4,20.0,100.0,0.2,42,20,1000,100,[],21440,5360,77,"[""benign"", ""attack""]","[8437, 3727, 1405, 1697, 6174]",5.120167779999974,0.008560916000078578,4.4389278419998845,0.010701544000994545,0.3260363440006131,0.10219160700194152,0.2017156890001388,0.026240298999937295,1,1,2,50,24800,14064640,14089440,4287004,860848,5147852,440,52,19237292,20.0,100.0,1.1671552,1.41182816,2.57898336,0.9800373134328358,0.9768864577057681,0.9799592983087194,0.9807388575354343,0.9732814230924587,0.007956104252400549,0.9788846778559827,0.982593037214886,0.9920438957475994,0.9545189504373178,4.104121268425449e-07,0.00014394550009910745,1000.0,175033.0,50.0,50.0,4156.0,40.0,4.0,gaussian,random,proportional_blocks,"[19, 8, 3, 3, 17]",0.0,36.78854944029851,,,,,,,,,,,,,,,,,,,,,,
CICIDS2017__binary__SimFL__iid__M10__seed0,SimFL,CICIDS2017,binary,iid,,10,0,50,8,0.1,1.0,1.0,1.0,256,hist,,40,4.0,gaussian,random,proportional_blocks,4,20.0,100.0,0.2,42,20,1000,100,[],21440,5360,77,"[""benign"", ""attack""]","[2144, 2144, 2144, 2144, 2144, 2144, 2144, 2144, 2144, 2144]",6.67918789700002,0.011119107000013173,5.775608761000058,0.013235678000114603,0.31186379699943245,0.16838517400128694,0.3648411819984858,0.02336399699993308,1,1,2,50,111600,31645440,31757040,6763980,1706130,8470110,1080,52,40227150,20.0,100.0,2.5805632,1.6776088,4.258172,0.9770522388059701,0.9735309438995967,0.9770072094593414,0.9754212147106719,0.9717041196255105,0.013443072702331962,0.9798365122615804,0.9710059171597634,0.9865569272976681,0.9568513119533528,4.346082089714808e-07,0.00014821899992512044,1000.0,149391.0,50.0,50.0,3402.0,40.0,4.0,gaussian,random,proportional_blocks,"[5, 5, 5, 5, 5, 5, 5, 5, 5, 5]",0.0,36.92749792703151,,,,,,,,,,,,,,,,,,,,,,
CICIDS2017__binary__SimFL__iid__M10__seed1,SimFL,CICIDS2017,binary,iid,,10,1,50,8,0.1,1.0,1.0,1.0,256,hist,,40,4.0,gaussian,random,proportional_blocks,4,20.0,100.0,0.2,42,20,1000,100,[],21440,5360,77,"[""benign"", ""attack""]","[2144, 2144, 2144, 2144, 2144, 2144, 2144, 2144, 2144, 2144]",6.321238817999983,0.009916336000060255,5.436151949000077,0.011657631001298796,0.3150167129992951,0.16344255199896907,0.3506573729998763,0.024306034999881376,1,1,2,50,111600,31645440,31757040,6756180,1794285,8550465,1080,52,40307505,20.0,100.0,2.5805632,1.6840372000000001,4.2646004,0.9723880597014926,0.9679940661850821,0.9722641605892474,0.9723561671991621,0.9639523769531329,0.01262002743484225,0.9724398811132127,0.9722724532851115,0.9873799725651577,0.9405247813411078,3.5595522386084843e-07,0.00014510300002257281,1000.0,159186.0,50.0,50.0,3690.0,40.0,4.0,gaussian,random,proportional_blocks,"[5, 5, 5, 5, 5, 5, 5, 5, 5, 5]",0.0,36.91257255389718,,,,,,,,,,,,,,,,,,,,,,
CICIDS2017__binary__SimFL__iid__M10__seed2,SimFL,CICIDS2017,binary,iid,,10,2,50,8,0.1,1.0,1.0,1.0,256,hist,,40,4.0,gaussian,random,proportional_blocks,4,20.0,100.0,0.2,42,20,1000,100,[],21440,5360,77,"[""benign"", ""attack""]","[2144, 2144, 2144, 2144, 2144, 2144, 2144, 2144, 2144, 2144]",5.984728008000047,0.010477886999979091,5.145029886999964,0.012202767999497155,0.298251348000349,0.15498334799826807,0.3307520570012912,0.023336274000030244,1,1,2,50,111600,31645440,31757040,6760320,1834668,8594988,1080,52,40352028,20.0,100.0,2.5805632,1.68759904,4.26816224,0.9725746268656716,0.9683563100691248,0.9725164283201906,0.9703810829229006,0.9664051158382224,0.01646090534979424,0.9763071895424836,0.9644549763033176,0.9835390946502057,0.9492711370262391,3.7774253731206397e-07,0.00014652400000159105,1000.0,163673.0,50.0,50.0,3822.0,40.0,4.0,gaussian,random,proportional_blocks,"[5, 5, 5, 5, 5, 5, 5, 5, 5, 5]",0.0,36.77407752902156,,,,,,,,,,,,,,,,,,,,,,
CICIDS2017__binary__SimFL__iid__M10__seed3,SimFL,CICIDS2017,binary,iid,,10,3,50,8,0.1,1.0,1.0,1.0,256,hist,,40,4.0,gaussian,random,proportional_blocks,4,20.0,100.0,0.2,42,20,1000,100,[],21440,5360,77,"[""benign"", ""attack""]","[2144, 2144, 2144, 2144, 2144, 2144, 2144, 2144, 2144, 2144]",6.726215981999985,0.010863223999876936,5.840548278000142,0.012152962998925432,0.30694926699948155,0.16400109599953794,0.35570616800055177,0.02605699600007938,1,1,2,50,111600,31645440,31757040,6769380,1901385,8670765,1080,52,40427805,20.0,100.0,2.5805632,1.6936612,4.2742244,0.9740671641791044,0.9701065661755539,0.9740245334471339,0.9716745214810979,0.9685831063760013,0.016186556927297667,0.9781778505182761,0.9651711924439197,0.9838134430727024,0.9533527696793003,3.7097294774520745e-07,0.0001450684999326768,1000.0,171086.0,50.0,50.0,4040.0,40.0,4.0,gaussian,random,proportional_blocks,"[5, 5, 5, 5, 5, 5, 5, 5, 5, 5]",0.0,36.82281820066335,,,,,,,,,,,,,,,,,,,,,,
CICIDS2017__binary__SimFL__iid__M10__seed4,SimFL,CICIDS2017,binary,iid,,10,4,50,8,0.1,1.0,1.0,1.0,256,hist,,40,4.0,gaussian,random,proportional_blocks,4,20.0,100.0,0.2,42,20,1000,100,[],21440,5360,77,"[""benign"", ""attack""]","[2144, 2144, 2144, 2144, 2144, 2144, 2144, 2144, 2144, 2144]",6.675976420000097,0.008972432000064146,5.785704977000023,0.013433607001161363,0.3101166859996738,0.1716573149958549,0.35224795900194295,0.023593439000023864,1,1,2,50,111600,31645440,31757040,6751260,1840815,8592075,1080,52,40349115,20.0,100.0,2.5805632,1.687366,4.267929199999999,0.9764925373134329,0.9728124873192572,0.9764141589667008,0.9760563236430612,0.9697488872092046,0.011522633744855968,0.9772172497965825,0.9748953974895398,0.988477366255144,0.9510204081632653,3.7734794773314205e-07,0.00014355200005411461,1000.0,164356.0,50.0,50.0,3842.0,40.0,4.0,gaussian,random,proportional_blocks,"[5, 5, 5, 5, 5, 5, 5, 5, 5, 5]",0.0,36.78222947761194,,,,,,,,,,,,,,,,,,,,,,
CICIDS2017__binary__SimFL__iid__M2__seed0,SimFL,CICIDS2017,binary,iid,,2,0,50,8,0.1,1.0,1.0,1.0,256,hist,,40,4.0,gaussian,random,proportional_blocks,4,20.0,100.0,0.2,42,20,1000,100,[],21440,5360,77,"[""benign"", ""attack""]","[10720, 10720]",3.3596330139999964,0.007611103999920488,2.6234837580000203,0.009588097999994716,0.4854020420002598,0.07138989699944887,0.1331449950005208,0.025382301000036023,1,1,2,50,2480,3516160,3518640,3828900,207045,4035945,104,52,7554585,20.0,100.0,0.3214912,1.3228756,1.6443667999999998,0.9899253731343284,0.9884030265600502,0.9899159662553937,0.9893225148690459,0.9874983503101418,0.005761316872427984,0.9909762100082035,0.9876688197298884,0.994238683127572,0.9807580174927114,4.047860074645392e-07,0.00015587150005558215,1000.0,166866.0,50.0,50.0,3916.0,40.0,4.0,gaussian,random,proportional_blocks,"[25, 25]",0.0,38.25387126865672,,,,,,,,,,,,,,,,,,,,,,
CICIDS2017__binary__SimFL__iid__M2__seed1,SimFL,CICIDS2017,binary,iid,,2,1,50,8,0.1,1.0,1.0,1.0,256,hist,,40,4.0,gaussian,random,proportional_blocks,4,20.0,100.0,0.2,42,20,1000,100,[],21440,5360,77,"[""benign"", ""attack""]","[10720, 10720]",2.9250389889998587,0.008018801999924108,2.3765905869997823,0.00927666499796942,0.32456638200028465,0.06352951200096868,0.11627512300128728,0.023489810999990368,1,1,2,50,2480,3516160,3518640,3849300,205074,4054374,104,52,7573014,20.0,100.0,0.3214912,1.32434992,1.64584112,0.9904850746268656,0.9890558075743853,0.9904799094903828,0.9895892918063568,0.9885273568569108,0.006035665294924554,0.9920591456736035,0.9871194379391101,0.9939643347050754,0.9830903790087464,4.2593097013290823e-07,0.0001450389999035906,1000.0,164895.0,50.0,50.0,3858.0,40.0,4.0,gaussian,random,proportional_blocks,"[25, 25]",0.0,38.262733208955225,,,,,,,,,,,,,,,,,,,,,,
CICIDS2017__binary__SimFL__iid__M2__seed2,SimFL,CICIDS2017,binary,iid,,2,2,50,8,0.1,1.0,1.0,1.0,256,hist,,40,4.0,gaussian,random,proportional_blocks,4,20.0,100.0,0.2,42,20,1000,100,[],21440,5360,77,"[""benign"", ""attack""]","[10720, 10720]",2.8321612689999256,0.00798708499996792,2.311624011000049,0.008591431000240846,0.31049207799969736,0.06096450900099626,0.10671988400099508,0.022672805999945922,1,1,2,50,2480,3516160,3518640,3861900,196777,4058677,104,52,7577317,20.0,100.0,0.3214912,1.32469416,1.64618536,0.9917910447761195,0.9905797827374518,0.9917960864495375,0.9899804533626232,0.9911856570964659,0.007133058984910837,0.9950508660984327,0.9849100406268136,0.9928669410150892,0.9895043731778426,3.80004477614787e-07,0.00014090050001414056,1000.0,156598.0,50.0,50.0,3614.0,40.0,4.0,gaussian,random,proportional_blocks,"[25, 25]",0.0,38.1513526119403,,,,,,,,,,,,,,,,,,,,,,
CICIDS2017__binary__SimFL__iid__M2__seed3,SimFL,CICIDS2017,binary,iid,,2,3,50,8,0.1,1.0,1.0,1.0,256,hist,,40,4.0,gaussian,random,proportional_blocks,4,20.0,100.0,0.2,42,20,1000,100,[],21440,5360,77,"[""benign"", ""attack""]","[10720, 10720]",3.0023998309998206,0.008317376000150034,2.471290568000086,0.008749517000069318,0.3152428680007233,0.06129915500014249,0.10933443800013265,0.02508059100000537,1,1,2,50,2480,3516160,3518640,3864600,217519,4082119,104,52,7600759,20.0,100.0,0.3214912,1.32656952,1.6480607200000001,0.9916044776119403,0.9903523237760141,0.991603829163553,0.9904281221856596,0.9902766279939371,0.006035665294924554,0.9936917169500823,0.9871645274212368,0.9939643347050754,0.9865889212827988,3.8623843283349103e-07,0.00014958099995965313,1000.0,177340.0,50.0,50.0,4224.0,40.0,4.0,gaussian,random,proportional_blocks,"[25, 25]",0.0,38.20685634328358,,,,,,,,,,,,,,,,,,,,,,
CICIDS2017__binary__SimFL__iid__M2__seed4,SimFL,CICIDS2017,binary,iid,,2,4,50,8,0.1,1.0,1.0,1.0,256,hist,,40,4.0,gaussian,random,proportional_blocks,4,20.0,100.0,0.2,42,20,1000,100,[],21440,5360,77,"[""benign"", ""attack""]","[10720, 10720]",3.550912634000042,0.007335782999916773,2.978353656000081,0.008813008999823069,0.3466149570001562,0.06439283699910447,0.11694503799913036,0.025104618000113987,1,1,2,50,2480,3516160,3518640,3873900,212831,4086731,104,52,7605371,20.0,100.0,0.3214912,1.32693848,1.64842968,0.9936567164179104,0.9927004726427942,0.9936517873262862,0.9934713624930296,0.9919399152959243,0.0032921810699588477,0.9939808481532147,0.9929618768328445,0.9967078189300411,0.9871720116618076,3.6934402983851174e-07,0.00014813650000178313,1000.0,172652.0,50.0,50.0,4086.0,40.0,4.0,gaussian,random,proportional_blocks,"[25, 25]",0.0,38.199486940298506,,,,,,,,,,,,,,,,,,,,,,
CICIDS2017__binary__SimFL__iid__M5__seed0,SimFL,CICIDS2017,binary,iid,,5,0,50,8,0.1,1.0,1.0,1.0,256,hist,,40,4.0,gaussian,random,proportional_blocks,4,20.0,100.0,0.2,42,20,1000,100,[],21440,5360,77,"[""benign"", ""attack""]","[4288, 4288, 4288, 4288, 4288]",5.281344930000046,0.00902127099993777,4.564015971999993,0.010802266999803578,0.3320318670000688,0.11264203099972292,0.22390912199966806,0.022743746000060128,1,1,2,50,24800,14064640,14089440,6084000,800728,6884728,440,52,20974168,20.0,100.0,1.1671552,1.55077824,2.7179334400000004,0.9826492537313433,0.9800429432238791,0.982639834953051,0.9805666139114688,0.979524249441105,0.011796982167352537,0.9863088718510405,0.974824355971897,0.9882030178326474,0.9708454810495627,4.145430970194201e-07,0.00015020300003243392,1000.0,160003.0,50.0,50.0,3714.0,40.0,4.0,gaussian,random,proportional_blocks,"[10, 10, 10, 10, 10]",0.0,37.61054104477612,,,,,,,,,,,,,,,,,,,,,,
CICIDS2017__binary__SimFL__iid__M5__seed1,SimFL,CICIDS2017,binary,iid,,5,1,50,8,0.1,1.0,1.0,1.0,256,hist,,40,4.0,gaussian,random,proportional_blocks,4,20.0,100.0,0.2,42,20,1000,100,[],21440,5360,77,"[""benign"", ""attack""]","[4288, 4288, 4288, 4288, 4288]",5.16756965400009,0.009303272999886758,4.358100925999906,0.010622503998547472,0.31889928599935047,0.14226501099869893,0.2977903789978882,0.02442872200003876,1,1,2,50,24800,14064640,14089440,6079920,845328,6925248,440,52,21014688,20.0,100.0,1.1671552,1.55401984,2.7211750400000003,0.9835820895522388,0.9811129731546988,0.9835718971212892,0.9817135958584088,0.9805188624538587,0.010973936899862825,0.986860114973994,0.9765670767428236,0.9890260631001372,0.9720116618075801,3.80567910473365e-07,0.00018430849991091236,1000.0,171153.0,50.0,50.0,4042.0,40.0,4.0,gaussian,random,proportional_blocks,"[10, 10, 10, 10, 10]",0.0,37.59818097014925,,,,,,,,,,,,,,,,,,,,,,
CICIDS2017__binary__SimFL__iid__M5__seed2,SimFL,CICIDS2017,binary,iid,,5,2,50,8,0.1,1.0,1.0,1.0,256,hist,,40,4.0,gaussian,random,proportional_blocks,4,20.0,100.0,0.2,42,20,1000,100,[],21440,5360,77,"[""benign"", ""attack""]","[4288, 4288, 4288, 4288, 4288]",5.090277164000099,0.014589580000119895,4.34424523000007,0.010399095999900965,0.30943214300032196,0.1145963259994005,0.2663481820011384,0.02424973500001215,1,1,2,50,24800,14064640,14089440,6072000,852400,6924400,440,52,21013840,20.0,100.0,1.1671552,1.553952,2.7211072,0.9813432835820896,0.9784635165541626,0.9812992055153356,0.9807707059084761,0.9762484652885257,0.009602194787379973,0.9823129251700681,0.9792284866468842,0.99039780521262,0.9620991253644315,5.126925373133417e-07,0.00014823500009697455,1000.0,172921.0,50.0,50.0,4094.0,40.0,4.0,gaussian,random,proportional_blocks,"[10, 10, 10, 10, 10]",0.0,37.454022854477614,,,,,,,,,,,,,,,,,,,,,,
CICIDS2017__binary__SimFL__iid__M5__seed3,SimFL,CICIDS2017,binary,iid,,5,3,50,8,0.1,1.0,1.0,1.0,256,hist,,40,4.0,gaussian,random,proportional_blocks,4,20.0,100.0,0.2,42,20,1000,100,[],21440,5360,77,"[""benign"", ""attack""]","[4288, 4288, 4288, 4288, 4288]",5.3379223809999985,0.008168066000052931,4.664259899999934,0.009977775000152178,0.30764443199996094,0.10934541799997533,0.20653600299806385,0.025858645999960572,1,1,2,50,24800,14064640,14089440,6050040,860576,6910616,440,52,21000056,20.0,100.0,1.1671552,1.55284928,2.72000448,0.9845149253731343,0.982121902120629,0.9844770958367611,0.9845272926526044,0.9798153947057953,0.007133058984910837,0.98449401523395,0.9845605700712589,0.9928669410150892,0.9667638483965014,4.1335708956399114e-07,0.00015259299982517405,1000.0,174965.0,50.0,50.0,4154.0,40.0,4.0,gaussian,random,proportional_blocks,"[10, 10, 10, 10, 10]",0.0,37.498052705223884,,,,,,,,,,,,,,,,,,,,,,
CICIDS2017__binary__SimFL__iid__M5__seed4,SimFL,CICIDS2017,binary,iid,,5,4,50,8,0.1,1.0,1.0,1.0,256,hist,,40,4.0,gaussian,random,proportional_blocks,4,20.0,100.0,0.2,42,20,1000,100,[],21440,5360,77,"[""benign"", ""attack""]","[4288, 4288, 4288, 4288, 4288]",5.007082612999966,0.008680894000008266,4.36642312999993,0.009884006999755002,0.2849035780002396,0.10598305300027278,0.20098124399896733,0.024319696000020485,1,1,2,50,24800,14064640,14089440,6073200,828452,6901652,440,52,20991092,20.0,100.0,1.1671552,1.55213216,2.71928736,0.9848880597014925,0.9825855353810732,0.9848656133381842,0.9840377049518003,0.9811703399760845,0.00850480109739369,0.986353711790393,0.9817216981132075,0.9914951989026063,0.9708454810495627,3.667138059457631e-07,0.00015009850005753833,1000.0,166934.0,50.0,50.0,3918.0,40.0,4.0,gaussian,random,proportional_blocks,"[10, 10, 10, 10, 10]",0.0,37.49134794776119,,,,,,,,,,,,,,,,,,,,,,
CICIDS2017__multiclass__ALL-IN__pooled__M1__seed0,ALL-IN,CICIDS2017,multiclass,pooled,,1,0,50,8,0.1,1.0,1.0,1.0,256,hist,,40,4.0,gaussian,random,proportional_blocks,4,20.0,100.0,0.2,42,20,1000,100,[],21440,5360,77,"[""BENIGN"", ""Bot"", ""BruteForce"", ""DoS"", ""Infiltration"", ""PortScan"", ""WebAttack""]",[21440],0.9233827289999681,0.0068888450000486046,0.0,0.0,0.9164562390000128,0.0,0.0,0.0,0,0,0,0,0,0,0,0,0,0,0,0,0,20.0,100.0,0.0,0.0,0.0,0.9958955223880597,0.9843028928128069,0.9958862106681984,0.9958967500994654,0.9742900905010712,0.0019204389574759945,,,,,1.2867139925297872e-06,0.00020436799997014532,1000.0,620139.0,350.0,50.0,11452.0,,,,,,,,,0.9964393316899479,0.9923469387755102,1.0,0.9967159277504105,1.0,0.9880952380952381,0.9976798143851509,0.998079561042524,0.989821882951654,1.0,0.9967159277504105,0.8571428571428571,0.9920318725099602,0.9862385321100917,,,,,,,,
CICIDS2017__multiclass__ALL-IN__pooled__M1__seed1,ALL-IN,CICIDS2017,multiclass,pooled,,1,1,50,8,0.1,1.0,1.0,1.0,256,hist,,40,4.0,gaussian,random,proportional_blocks,4,20.0,100.0,0.2,42,20,1000,100,[],21440,5360,77,"[""BENIGN"", ""Bot"", ""BruteForce"", ""DoS"", ""Infiltration"", ""PortScan"", ""WebAttack""]",[21440],0.8022668690000501,0.007013570000026448,0.0,0.0,0.7952167040000404,0.0,0.0,0.0,0,0,0,0,0,0,0,0,0,0,0,0,0,20.0,100.0,0.0,0.0,0.0,0.9958955223880597,0.9843028928128069,0.9958862106681984,0.9958967500994654,0.9742900905010712,0.0019204389574759945,,,,,1.3132725746175705e-06,0.00018631199986884894,1000.0,620139.0,350.0,50.0,11452.0,,,,,,,,,0.9964393316899479,0.9923469387755102,1.0,0.9967159277504105,1.0,0.9880952380952381,0.9976798143851509,0.998079561042524,0.989821882951654,1.0,0.9967159277504105,0.8571428571428571,0.9920318725099602,0.9862385321100917,,,,,,,,
CICIDS2017__multiclass__ALL-IN__pooled__M1__seed2,ALL-IN,CICIDS2017,multiclass,pooled,,1,2,50,8,0.1,1.0,1.0,1.0,256,hist,,40,4.0,gaussian,random,proportional_blocks,4,20.0,100.0,0.2,42,20,1000,100,[],21440,5360,77,"[""BENIGN"", ""Bot"", ""BruteForce"", ""DoS"", ""Infiltration"", ""PortScan"", ""WebAttack""]",[21440],0.7870740920000117,0.00733337799988476,0.0,0.0,0.779703027999858,0.0,0.0,0.0,0,0,0,0,0,0,0,0,0,0,0,0,0,20.0,100.0,0.0,0.0,0.0,0.9958955223880597,0.9843028928128069,0.9958862106681984,0.9958967500994654,0.9742900905010712,0.0019204389574759945,,,,,1.2870916044642115e-06,0.00019933450005282793,1000.0,620139.0,350.0,50.0,11452.0,,,,,,,,,0.9964393316899479,0.9923469387755102,1.0,0.9967159277504105,1.0,0.9880952380952381,0.9976798143851509,0.998079561042524,0.989821882951654,1.0,0.9967159277504105,0.8571428571428571,0.9920318725099602,0.9862385321100917,,,,,,,,
CICIDS2017__multiclass__ALL-IN__pooled__M1__seed3,ALL-IN,CICIDS2017,multiclass,pooled,,1,3,50,8,0.1,1.0,1.0,1.0,256,hist,,40,4.0,gaussian,random,proportional_blocks,4,20.0,100.0,0.2,42,20,1000,100,[],21440,5360,77,"[""BENIGN"", ""Bot"", ""BruteForce"", ""DoS"", ""Infiltration"", ""PortScan"", ""WebAttack""]",[21440],0.7866219229999842,0.013363838000032047,0.0,0.0,0.7732224290000431,0.0,0.0,0.0,0,0,0,0,0,0,0,0,0,0,0,0,0,20.0,100.0,0.0,0.0,0.0,0.9958955223880597,0.9843028928128069,0.9958862106681984,0.9958967500994654,0.9742900905010712,0.0019204389574759945,,,,,1.3789201492483102e-06,0.00019573200017930503,1000.0,620139.0,350.0,50.0,11452.0,,,,,,,,,0.9964393316899479,0.9923469387755102,1.0,0.9967159277504105,1.0,0.9880952380952381,0.9976798143851509,0.998079561042524,0.989821882951654,1.0,0.9967159277504105,0.8571428571428571,0.9920318725099602,0.9862385321100917,,,,,,,,
CICIDS2017__multiclass__ALL-IN__pooled__M1__seed4,ALL-IN,CICIDS2017,multiclass,pooled,,1,4,50,8,0.1,1.0,1.0,1.0,256,hist,,40,4.0,gaussian,random,proportional_blocks,4,20.0,100.0,0.2,42,20,1000,100,[],21440,5360,77,"[""BENIGN"", ""Bot"", ""BruteForce"", ""DoS"", ""Infiltration"", ""PortScan"", ""WebAttack""]",[21440],0.785386932999927,0.007321813000089605,0.0,0.0,0.7780323370000133,0.0,0.0,0.0,0,0,0,0,0,0,0,0,0,0,0,0,0,20.0,100.0,0.0,0.0,0.0,0.9958955223880597,0.9843028928128069,0.9958862106681984,0.9958967500994654,0.9742900905010712,0.0019204389574759945,,,,,1.365408022364258e-06,0.00019923199999993813,1000.0,620139.0,350.0,50.0,11452.0,,,,,,,,,0.9964393316899479,0.9923469387755102,1.0,0.9967159277504105,1.0,0.9880952380952381,0.9976798143851509,0.998079561042524,0.989821882951654,1.0,0.9967159277504105,0.8571428571428571,0.9920318725099602,0.9862385321100917,,,,,,,,
CICIDS2017__multiclass__SOLO__dirichlet_a0.1__M10__seed0,SOLO,CICIDS2017,multiclass,dirichlet,0.1,10,0,50,8,0.1,1.0,1.0,1.0,256,hist,,40,4.0,gaussian,random,proportional_blocks,4,20.0,100.0,0.2,42,20,1000,100,[],21440,5360,77,"[""BENIGN"", ""Bot"", ""BruteForce"", ""DoS"", ""Infiltration"", ""PortScan"", ""WebAttack""]","[2522, 2417, 248, 101, 59, 495, 9474, 1315, 3613, 1196]",0.12666650639998805,0.001100753400010035,0.0,0.0,0.12552649350001274,0.0,0.0,0.0,0,0,0,0,0,0,0,0,0,0,0,0,0,20.0,100.0,0.0,0.0,0.0,0.5711007462686568,0.28186370938274513,0.4994836968954508,0.30611313446646077,0.3686083300386581,0.3373662551440329,,,,,1.1035583582082694e-06,0.00017981945001679377,1000.0,276896.0,350.0,50.0,1365.0,,,,,,,,,0.6185352021123898,0.20144567733174026,0.10116492949110975,0.1801693263638881,0.14698676324612162,0.36888391875557225,0.5256061239644036,0.6626337448559669,0.23384223918575064,0.12105263157894737,0.3298850574712644,0.2571428571428572,0.41354581673306773,0.5621559633027522,,,,,,,,
CICIDS2017__multiclass__SOLO__dirichlet_a0.1__M10__seed1,SOLO,CICIDS2017,multiclass,dirichlet,0.1,10,1,50,8,0.1,1.0,1.0,1.0,256,hist,,40,4.0,gaussian,random,proportional_blocks,4,20.0,100.0,0.2,42,20,1000,100,[],21440,5360,77,"[""BENIGN"", ""Bot"", ""BruteForce"", ""DoS"", ""Infiltration"", ""PortScan"", ""WebAttack""]","[7862, 1152, 780, 23, 2259, 2403, 20, 169, 964, 5808]",0.12861648719990626,0.0010897848999547933,0.0,0.0,0.1274890551000226,0.0,0.0,0.0,0,0,0,0,0,0,0,0,0,0,0,0,0,20.0,100.0,0.0,0.0,0.0,0.480839552238806,0.2510194561963618,0.39430901265116625,0.25674361910872057,0.35171119789922384,0.5048834019204389,,,,,7.394093656802085e-07,0.0001741909000088526,1000.0,283537.7,350.0,50.0,1559.8,,,,,,,,,0.39228858009922046,0.3196785388722206,0.10315091210613599,0.37341274700475263,0.1,0.22298533005054746,0.28568922562816673,0.49511659807956104,0.5641221374045802,0.11578947368421053,0.4377668308702791,0.08571428571428572,0.27768924302788844,0.48577981651376145,,,,,,,,
CICIDS2017__multiclass__SOLO__dirichlet_a0.1__M10__seed2,SOLO,CICIDS2017,multiclass,dirichlet,0.1,10,2,50,8,0.1,1.0,1.0,1.0,256,hist,,40,4.0,gaussian,random,proportional_blocks,4,20.0,100.0,0.2,42,20,1000,100,[],21440,5360,77,"[""BENIGN"", ""Bot"", ""BruteForce"", ""DoS"", ""Infiltration"", ""PortScan"", ""WebAttack""]","[52, 722, 160, 1991, 573, 827, 3837, 83, 403, 12792]",0.12399776410004507,0.0010366600000452308,0.0,0.0,0.12292357760002233,0.0,0.0,0.0,0,0,0,0,0,0,0,0,0,0,0,0,0,20.0,100.0,0.0,0.0,0.0,0.4514179104477612,0.2550828826957374,0.3934019594478742,0.2549542707727146,0.3660259460123713,0.5491358024691358,,,,,7.233217723893829e-07,0.00018276694996757214,1000.0,278642.1,350.0,50.0,1416.2,,,,,,,,,0.42554080528945193,0.36270064569521976,0.037366509867141476,0.33603075069215543,0.10066413662239089,0.17334520621901323,0.3490318410236294,0.45086419753086415,0.43613231552162846,0.23157894736842105,0.5244663382594417,0.15714285714285714,0.28286852589641437,0.47912844036697244,,,,,,,,
CICIDS2017__multiclass__SOLO__dirichlet_a0.1__M10__seed3,SOLO,CICIDS2017,multiclass,dirichlet,0.1,10,3,50,8,0.1,1.0,1.0,1.0,256,hist,,40,4.0,gaussian,random,proportional_blocks,4,20.0,100.0,0.2,42,20,1000,100,[],21440,5360,77,"[""BENIGN"", ""Bot"", ""BruteForce"", ""DoS"", ""Infiltration"", ""PortScan"", ""WebAttack""]","[68, 117, 4850, 46, 1513, 7697, 889, 5705, 168, 387]",0.11446051879997868,0.0013792818999718293,0.0,0.0,0.11304074600002423,0.0,0.0,0.0,0,0,0,0,0,0,0,0,0,0,0,0,0,20.0,100.0,0.0,0.0,0.0,0.47380597014925374,0.26246074716877393,0.4065347347343202,0.2929824006057021,0.3713049866893925,0.5024417009602196,,,,,7.005691417932089e-07,0.00017982919999894875,1000.0,282192.8,350.0,50.0,1520.8,,,,,,,,,0.4880352309141262,0.19700164190043737,0.2019563161495433,0.2694570913575879,0.1002442996742671,0.41098146516435213,0.3832007590796004,0.4975582990397805,0.4712468193384224,0.23157894736842105,0.2945812807881773,0.1,0.44063745019920314,0.5635321100917431,,,,,,,,
CICIDS2017__multiclass__SOLO__dirichlet_a0.1__M10__seed4,SOLO,CICIDS2017,multiclass,dirichlet,0.1,10,4,50,8,0.1,1.0,1.0,1.0,256,hist,,40,4.0,gaussian,random,proportional_blocks,4,20.0,100.0,0.2,42,20,1000,100,[],21440,5360,77,"[""BENIGN"", ""Bot"", ""BruteForce"", ""DoS"", ""Infiltration"", ""PortScan"", ""WebAttack""]","[8228, 2236, 732, 1461, 189, 3091, 2831, 556, 1382, 734]",0.14115612950004106,0.0010573146999831805,0.0,0.0,0.14005971970000247,0.0,0.0,0.0,0,0,0,0,0,0,0,0,0,0,0,0,0,20.0,100.0,0.0,0.0,0.0,0.6230223880597014,0.3545994130379714,0.5566480429548719,0.34639831552765254,0.44956387483996824,0.32120713305898485,,,,,7.073692164219698e-07,0.0001735201000201414,1000.0,293261.7,350.0,50.0,1846.0,,,,,,,,,0.5724962157106532,0.4644135136447714,0.11612962678544,0.43416424060911574,0.00424343689788054,0.4364376893900985,0.39690348565560835,0.6787928669410151,0.510941475826972,0.25263157894736843,0.5451559934318555,0.17142857142857143,0.5641434262948207,0.4238532110091743,,,,,,,,
CICIDS2017__multiclass__SOLO__dirichlet_a0.1__M2__seed0,SOLO,CICIDS2017,multiclass,dirichlet,0.1,2,0,50,8,0.1,1.0,1.0,1.0,256,hist,,40,4.0,gaussian,random,proportional_blocks,4,20.0,100.0,0.2,42,20,1000,100,[],21440,5360,77,"[""BENIGN"", ""Bot"", ""BruteForce"", ""DoS"", ""Infiltration"", ""PortScan"", ""WebAttack""]","[17749, 3691]",0.4271535789999916,0.0038703209999653154,0.0,0.0,0.42323783650005,0.0,0.0,0.0,0,0,0,0,0,0,0,0,0,0,0,0,0,20.0,100.0,0.0,0.0,0.0,0.6477611940298507,0.5770932619081984,0.5880161177226648,0.58553232581255,0.7796846242459723,0.5005486968449931,,,,,1.0709366604374675e-06,0.000185264500004223,1000.0,418157.5,350.0,50.0,5516.0,,,,,,,,,0.49162840939778557,0.5969569542412733,0.016695957820738138,0.6611111111111111,0.5202702702702703,0.8871056653887595,0.9249579124579124,0.49945130315500685,0.9910941475826972,0.5,0.9794745484400658,0.5714285714285714,0.9920318725099602,0.9243119266055047,,,,,,,,
CICIDS2017__multiclass__SOLO__dirichlet_a0.1__M2__seed1,SOLO,CICIDS2017,multiclass,dirichlet,0.1,2,1,50,8,0.1,1.0,1.0,1.0,256,hist,,40,4.0,gaussian,random,proportional_blocks,4,20.0,100.0,0.2,42,20,1000,100,[],21440,5360,77,"[""BENIGN"", ""Bot"", ""BruteForce"", ""DoS"", ""Infiltration"", ""PortScan"", ""WebAttack""]","[14764, 6676]",0.41962272799992206,0.004043398499902651,0.0,0.0,0.4155356840000195,0.0,0.0,0.0,0,0,0,0,0,0,0,0,0,0,0,0,0,20.0,100.0,0.0,0.0,0.0,0.8958955223880597,0.7074652970052833,0.8609355308715816,0.7408138075554513,0.707280463784496,0.0205761316872428,,,,,1.4846617537330922e-06,0.00018027400000164562,1000.0,413897.0,350.0,50.0,5390.0,,,,,,,,,0.8947246074112297,0.43847874720357943,0.4523809523809524,0.9554760642995936,1.0,0.9841661961227179,0.46047008547008544,0.9794238683127572,0.49872773536895676,0.5,0.9170771756978653,0.5714285714285714,0.9900398406374502,0.49426605504587157,,,,,,,,
CICIDS2017__multiclass__SOLO__dirichlet_a0.1__M2__seed2,SOLO,CICIDS2017,multiclass,dirichlet,0.1,2,2,50,8,0.1,1.0,1.0,1.0,256,hist,,40,4.0,gaussian,random,proportional_blocks,4,20.0,100.0,0.2,42,20,1000,100,[],21440,5360,77,"[""BENIGN"", ""Bot"", ""BruteForce"", ""DoS"", ""Infiltration"", ""PortScan"", ""WebAttack""]","[16693, 4747]",0.516605112000093,0.0038256174999560244,0.0,0.0,0.5127381515000025,0.0,0.0,0.0,0,0,0,0,0,0,0,0,0,0,0,0,0,20.0,100.0,0.0,0.0,0.0,0.9251865671641791,0.6913256008621129,0.8954862439788924,0.6942081178627488,0.6904574282799562,0.00411522633744856,,,,,1.159247388046363e-06,0.00020145349992617412,1000.0,462650.0,350.0,50.0,6823.0,,,,,,,,,0.9049940117974117,0.4827586206896552,0.5,0.9911397195719718,0.5,0.49404761904761907,0.9865168539325843,0.9958847736625515,0.49872773536895676,0.5,0.9334975369458128,0.42857142857142855,0.4960159362549801,0.9805045871559632,,,,,,,,
CICIDS2017__multiclass__SOLO__dirichlet_a0.1__M2__seed3,SOLO,CICIDS2017,multiclass,dirichlet,0.1,2,3,50,8,0.1,1.0,1.0,1.0,256,hist,,40,4.0,gaussian,random,proportional_blocks,4,20.0,100.0,0.2,42,20,1000,100,[],21440,5360,77,"[""BENIGN"", ""Bot"", ""BruteForce"", ""DoS"", ""Infiltration"", ""PortScan"", ""WebAttack""]","[5340, 16100]",0.38300205899997763,0.004201125999998112,0.0,0.0,0.3787548450000031,0.0,0.0,0.0,0,0,0,0,0,0,0,0,0,0,0,0,0,20.0,100.0,0.0,0.0,0.0,0.6205223880597015,0.522976569955095,0.550921684990441,0.5012417549071738,0.6837260157506366,0.5006858710562414,,,,,1.0281046641792463e-06,0.0001819372500335703,1000.0,387076.5,350.0,50.0,4601.0,,,,,,,,,0.4809725158562368,0.5758132278841849,0.5,0.6722544669700556,0.016853932584269662,0.5273809523809524,0.7354171886745177,0.4993141289437586,0.9707379134860051,0.5,0.9433497536945813,0.42857142857142855,0.49800796812749004,0.9461009174311927,,,,,,,,
CICIDS2017__multiclass__SOLO__dirichlet_a0.1__M2__seed4,SOLO,CICIDS2017,multiclass,dirichlet,0.1,2,4,50,8,0.1,1.0,1.0,1.0,256,hist,,40,4.0,gaussian,random,proportional_blocks,4,20.0,100.0,0.2,42,20,1000,100,[],21440,5360,77,"[""BENIGN"", ""Bot"", ""BruteForce"", ""DoS"", ""Infiltration"", ""PortScan"", ""WebAttack""]","[14180, 7260]",0.4198111455000344,0.003930624000076932,0.0,0.0,0.4158342249999123,0.0,0.0,0.0,0,0,0,0,0,0,0,0,0,0,0,0,0,20.0,100.0,0.0,0.0,0.0,0.8654850746268656,0.5925616117460237,0.8147974336112473,0.6078539207149949,0.5933823580727425,0.0010973936899862826,,,,,1.0739449626882234e-06,0.00019407150000461115,1000.0,425504.0,350.0,50.0,5732.0,,,,,,,,,0.8388210941397451,0.4949238578680203,0.4523809523809524,0.9959150326797386,0.5,0.49404761904761907,0.47888888888888886,0.9989026063100137,0.4961832061068702,0.5,0.7397372742200329,0.42857142857142855,0.4960159362549801,0.49426605504587157,,,,,,,,
CICIDS2017__multiclass__SOLO__dirichlet_a0.1__M5__seed0,SOLO,CICIDS2017,multiclass,dirichlet,0.1,5,0,50,8,0.1,1.0,1.0,1.0,256,hist,,40,4.0,gaussian,random,proportional_blocks,4,20.0,100.0,0.2,42,20,1000,100,[],21440,5360,77,"[""BENIGN"", ""Bot"", ""BruteForce"", ""DoS"", ""Infiltration"", ""PortScan"", ""WebAttack""]","[16000, 58, 1421, 2509, 1452]",0.19387354939997295,0.001916158799963341,0.0,0.0,0.1919191243999876,0.0,0.0,0.0,0,0,0,0,0,0,0,0,0,0,0,0,0,20.0,100.0,0.0,0.0,0.0,0.5972388059701492,0.36913909286504654,0.5681604709628173,0.3669599474344961,0.5149568409677265,0.4327023319615913,,,,,7.848604477556419e-07,0.0001707575000068573,1000.0,312612.4,350.0,50.0,2414.4,,,,,,,,,0.7584022397114948,0.31093784285902365,0.006654991243432574,0.5433641282127517,0.21146545593785898,0.3028207541251019,0.43507421995180956,0.5672976680384088,0.3979643765903308,0.2,0.9642036124794746,0.34285714285714286,0.595219123505976,0.5371559633027523,,,,,,,,
CICIDS2017__multiclass__SOLO__dirichlet_a0.1__M5__seed1,SOLO,CICIDS2017,multiclass,dirichlet,0.1,5,1,50,8,0.1,1.0,1.0,1.0,256,hist,,40,4.0,gaussian,random,proportional_blocks,4,20.0,100.0,0.2,42,20,1000,100,[],21440,5360,77,"[""BENIGN"", ""Bot"", ""BruteForce"", ""DoS"", ""Infiltration"", ""PortScan"", ""WebAttack""]","[2057, 12806, 1633, 2465, 2479]",0.22292546359994958,0.0018122144000244588,0.0,0.0,0.22107318739999754,0.0,0.0,0.0,0,0,0,0,0,0,0,0,0,0,0,0,0,20.0,100.0,0.0,0.0,0.0,0.6895149253731343,0.41016464661131147,0.6154643584265942,0.4161762284671865,0.46016656484489127,0.22842249657064473,,,,,8.397223507472519e-07,0.00018288510004822457,1000.0,321157.2,350.0,50.0,2664.8,,,,,,,,,0.6566043546424816,0.7212028422132086,0.38095238095238093,0.40337600365122483,0.2,0.38064487787735024,0.17045313993365943,0.7715775034293554,0.7318066157760814,0.23157894736842105,0.5215106732348112,0.17142857142857143,0.3960159362549801,0.39724770642201834,,,,,,,,
CICIDS2017__multiclass__SOLO__dirichlet_a0.1__M5__seed2,SOLO,CICIDS2017,multiclass,dirichlet,0.1,5,2,50,8,0.1,1.0,1.0,1.0,256,hist,,40,4.0,gaussian,random,proportional_blocks,4,20.0,100.0,0.2,42,20,1000,100,[],21440,5360,77,"[""BENIGN"", ""Bot"", ""BruteForce"", ""DoS"", ""Infiltration"", ""PortScan"", ""WebAttack""]","[1709, 1251, 354, 15260, 2866]",0.20782182299994928,0.002436262799983524,0.0,0.0,0.20534380200006125,0.0,0.0,0.0,0,0,0,0,0,0,0,0,0,0,0,0,0,20.0,100.0,0.0,0.0,0.0,0.5854850746268656,0.3695833787904459,0.5080986057779058,0.37272558286824997,0.4647357005684742,0.4100960219478738,,,,,8.405795149225123e-07,0.00017852129999482714,1000.0,323044.0,350.0,50.0,2721.2,,,,,,,,,0.5035102612552469,0.025265871737028683,0.4037546933667084,0.4945305550317479,0.2,0.3341959250500273,0.647821773636991,0.5899039780521262,0.1994910941475827,0.3684210526315789,0.7766830870279147,0.17142857142857143,0.38804780876494027,0.7591743119266054,,,,,,,,
CICIDS2017__multiclass__SOLO__dirichlet_a0.1__M5__seed3,SOLO,CICIDS2017,multiclass,dirichlet,0.1,5,3,50,8,0.1,1.0,1.0,1.0,256,hist,,40,4.0,gaussian,random,proportional_blocks,4,20.0,100.0,0.2,42,20,1000,100,[],21440,5360,77,"[""BENIGN"", ""Bot"", ""BruteForce"", ""DoS"", ""Infiltration"", ""PortScan"", ""WebAttack""]","[149, 2835, 12835, 1525, 4096]",0.18631171419997372,0.001751350199992885,0.0,0.0,0.18451823579998744,0.0,0.0,0.0,0,0,0,0,0,0,0,0,0,0,0,0,0,20.0,100.0,0.0,0.0,0.0,0.527089552238806,0.3459673006630394,0.45387459595657537,0.34689249159440194,0.48260364072800443,0.50480109739369,,,,,8.054327985071234e-07,0.00018054040001516113,1000.0,303520.2,350.0,50.0,2147.2,,,,,,,,,0.48735284548208774,0.5131827369139873,0.2162645188639254,0.3601090759920421,0.2,0.34285714285714286,0.3084811210516287,0.49519890260631005,0.8707379134860052,0.43157894736842106,0.5908045977011495,0.17142857142857143,0.2597609561752988,0.5587155963302752,,,,,,,,
CICIDS2017__multiclass__SOLO__dirichlet_a0.1__M5__seed4,SOLO,CICIDS2017,multiclass,dirichlet,0.1,5,4,50,8,0.1,1.0,1.0,1.0,256,hist,,40,4.0,gaussian,random,proportional_blocks,4,20.0,100.0,0.2,42,20,1000,100,[],21440,5360,77,"[""BENIGN"", ""Bot"", ""BruteForce"", ""DoS"", ""Infiltration"", ""PortScan"", ""WebAttack""]","[11066, 4386, 1485, 2807, 1696]",0.19276079699993715,0.0023213379999560855,0.0,0.0,0.1903992059999382,0.0,0.0,0.0,0,0,0,0,0,0,0,0,0,0,0,0,0,20.0,100.0,0.0,0.0,0.0,0.4769776119402985,0.32077254179970727,0.370645372801106,0.2859229161929545,0.5164822345531702,0.6005486968449931,,,,,7.748827985198605e-07,0.0001823961999889434,1000.0,301270.4,350.0,50.0,2081.2,,,,,,,,,0.3170761640952068,0.31957729296582305,0.02854600349594788,0.37595639445456036,0.207741935483871,0.4218882851000344,0.3306743377552387,0.3994513031550069,0.5913486005089059,0.3684210526315789,0.7770114942528735,0.34285714285714286,0.5936254980079682,0.5426605504587156,,,,,,,,
CICIDS2017__multiclass__SOLO__dirichlet_a0.5__M10__seed0,SOLO,CICIDS2017,multiclass,dirichlet,0.5,10,0,50,8,0.1,1.0,1.0,1.0,256,hist,,40,4.0,gaussian,random,proportional_blocks,4,20.0,100.0,0.2,42,20,1000,100,[],21440,5360,77,"[""BENIGN"", ""Bot"", ""BruteForce"", ""DoS"", ""Infiltration"", ""PortScan"", ""WebAttack""]","[2408, 701, 825, 503, 1060, 2217, 3247, 1549, 3885, 5045]",0.24129135580001276,0.001075521199970808,0.0,0.0,0.24017283320002888,0.0,0.0,0.0,0,0,0,0,0,0,0,0,0,0,0,0,0,20.0,100.0,0.0,0.0,0.0,0.9357089552238806,0.7064062373997944,0.929667563430771,0.7801493835391569,0.6998739244813151,0.028175582990397807,,,,,1.0057564552302882e-06,0.00018123880001894577,1000.0,352501.9,350.0,50.0,3586.0,,,,,,,,,0.9416539098518507,0.9217679886538985,0.38333333333333336,0.9449652114674482,0.41666666666666663,0.8868614569014884,0.9657971178994122,0.9718244170096021,0.8966921119592876,0.28947368421052627,0.8397372742200329,0.14285714285714285,0.8860557768924302,0.8724770642201836,,,,,,,,
CICIDS2017__multiclass__SOLO__dirichlet_a0.5__M10__seed1,SOLO,CICIDS2017,multiclass,dirichlet,0.5,10,1,50,8,0.1,1.0,1.0,1.0,256,hist,,40,4.0,gaussian,random,proportional_blocks,4,20.0,100.0,0.2,42,20,1000,100,[],21440,5360,77,"[""BENIGN"", ""Bot"", ""BruteForce"", ""DoS"", ""Infiltration"", ""PortScan"", ""WebAttack""]","[6277, 1474, 742, 477, 2298, 2348, 503, 434, 1997, 4890]",0.19855046970005788,0.0011038376999977118,0.0,0.0,0.19740309300000264,0.0,0.0,0.0,0,0,0,0,0,0,0,0,0,0,0,0,0,20.0,100.0,0.0,0.0,0.0,0.8077425373134328,0.6027744532505922,0.7888934289485376,0.6313641261168718,0.6506816495476927,0.20685871056241423,,,,,9.404936940330715e-07,0.00018407625002510032,1000.0,329835.9,350.0,50.0,2920.2,,,,,,,,,0.8418706571179542,0.7988861178629599,0.25588235294117645,0.7288499881218413,0.22630718954248366,0.7775677400866183,0.7901848371450685,0.7931412894375858,0.8839694656488548,0.19473684210526315,0.7848932676518884,0.1571428571428571,0.8147410358565738,0.9261467889908257,,,,,,,,
CICIDS2017__multiclass__SOLO__dirichlet_a0.5__M10__seed2,SOLO,CICIDS2017,multiclass,dirichlet,0.5,10,2,50,8,0.1,1.0,1.0,1.0,256,hist,,40,4.0,gaussian,random,proportional_blocks,4,20.0,100.0,0.2,42,20,1000,100,[],21440,5360,77,"[""BENIGN"", ""Bot"", ""BruteForce"", ""DoS"", ""Infiltration"", ""PortScan"", ""WebAttack""]","[241, 724, 1002, 3193, 2588, 1214, 2029, 7582, 787, 2080]",0.2055614362999904,0.0011054974000217043,0.0,0.0,0.20441450209998493,0.0,0.0,0.0,0,0,0,0,0,0,0,0,0,0,0,0,0,20.0,100.0,0.0,0.0,0.0,0.8777798507462686,0.6523839845434836,0.8621697835914777,0.7085552349617392,0.6599222440790979,0.08795610425240055,,,,,9.665408955275279e-07,0.0001777606500127149,1000.0,335417.5,350.0,50.0,3084.2,,,,,,,,,0.9218225875016394,0.847483246498394,0.5578947368421053,0.686285158508432,0.31153846153846154,0.7312780413251779,0.9035844125179644,0.9120438957475996,0.9536895674300254,0.22105263157894733,0.699671592775041,0.21428571428571427,0.7127490039840637,0.9059633027522935,,,,,,,,
CICIDS2017__multiclass__SOLO__dirichlet_a0.5__M10__seed3,SOLO,CICIDS2017,multiclass,dirichlet,0.5,10,3,50,8,0.1,1.0,1.0,1.0,256,hist,,40,4.0,gaussian,random,proportional_blocks,4,20.0,100.0,0.2,42,20,1000,100,[],21440,5360,77,"[""BENIGN"", ""Bot"", ""BruteForce"", ""DoS"", ""Infiltration"", ""PortScan"", ""WebAttack""]","[901, 1424, 3290, 2442, 480, 2162, 6685, 740, 2733, 583]",0.2018085015999759,0.0011224567000908791,0.0,0.0,0.2006455849999611,0.0,0.0,0.0,0,0,0,0,0,0,0,0,0,0,0,0,0,20.0,100.0,0.0,0.0,0.0,0.8125559701492537,0.5926401162721145,0.7801840994864617,0.6230650477011032,0.628285549448094,0.17179698216735254,,,,,8.534832089572542e-07,0.00018667419996063473,1000.0,327968.3,350.0,50.0,2865.2,,,,,,,,,0.8135768555220311,0.842074488720497,0.45487012987012987,0.6986250840463234,0.26,0.6219867369462665,0.6703220388024743,0.8282030178326474,0.9183206106870229,0.26842105263157895,0.7627257799671593,0.17142857142857143,0.6860557768924302,0.7628440366972477,,,,,,,,
CICIDS2017__multiclass__SOLO__dirichlet_a0.5__M10__seed4,SOLO,CICIDS2017,multiclass,dirichlet,0.5,10,4,50,8,0.1,1.0,1.0,1.0,256,hist,,40,4.0,gaussian,random,proportional_blocks,4,20.0,100.0,0.2,42,20,1000,100,[],21440,5360,77,"[""BENIGN"", ""Bot"", ""BruteForce"", ""DoS"", ""Infiltration"", ""PortScan"", ""WebAttack""]","[4748, 2553, 1256, 828, 1172, 2992, 3436, 1111, 986, 2358]",0.228326498000024,0.0010810143000298921,0.0,0.0,0.2272046201999956,0.0,0.0,0.0,0,0,0,0,0,0,0,0,0,0,0,0,0,20.0,100.0,0.0,0.0,0.0,0.9227425373134329,0.6765540482624893,0.9079311297606246,0.704810576584957,0.6751582096763228,0.03031550068587106,,,,,1.361353022385873e-06,0.0001864934000195717,1000.0,344442.0,350.0,50.0,3349.2,,,,,,,,,0.9306901326657933,0.9160831970235227,0.31825396825396823,0.8397660490352786,0.30727272727272725,0.7837550040690323,0.8378529577743775,0.969684499314129,0.9384223918575063,0.21052631578947373,0.8403940886699509,0.2571428571428571,0.7207171314741035,0.7892201834862386,,,,,,,,
CICIDS2017__multiclass__SOLO__dirichlet_a0.5__M2__seed0,SOLO,CICIDS2017,multiclass,dirichlet,0.5,2,0,50,8,0.1,1.0,1.0,1.0,256,hist,,40,4.0,gaussian,random,proportional_blocks,4,20.0,100.0,0.2,42,20,1000,100,[],21440,5360,77,"[""BENIGN"", ""Bot"", ""BruteForce"", ""DoS"", ""Infiltration"", ""PortScan"", ""WebAttack""]","[16460, 4980]",0.49982318050001595,0.0037798209999664323,0.0,0.0,0.49600046999995584,0.0,0.0,0.0,0,0,0,0,0,0,0,0,0,0,0,0,0,20.0,100.0,0.0,0.0,0.0,0.9801305970149254,0.8209301695331036,0.9790961384458466,0.8068291616180019,0.8370552447908891,0.019478737997256516,,,,,1.4354620335824172e-06,0.00018475150000085705,1000.0,480275.0,350.0,50.0,7341.0,,,,,,,,,0.9916934214624291,0.9498673865681538,0.4318181818181818,0.9579863221884499,0.375,0.9861424807076982,0.9552963385811,0.9805212620027435,0.9923664122137406,0.5,0.9876847290640394,0.42857142857142855,0.9920318725099602,0.9782110091743119,,,,,,,,
CICIDS2017__multiclass__SOLO__dirichlet_a0.5__M2__seed1,SOLO,CICIDS2017,multiclass,dirichlet,0.5,2,1,50,8,0.1,1.0,1.0,1.0,256,hist,,40,4.0,gaussian,random,proportional_blocks,4,20.0,100.0,0.2,42,20,1000,100,[],21440,5360,77,"[""BENIGN"", ""Bot"", ""BruteForce"", ""DoS"", ""Infiltration"", ""PortScan"", ""WebAttack""]","[13625, 7815]",0.5343775594999443,0.004494913000030465,0.0,0.0,0.5298403194999537,0.0,0.0,0.0,0,0,0,0,0,0,0,0,0,0,0,0,0,20.0,100.0,0.0,0.0,0.0,0.9851679104477611,0.9465066454517097,0.9849136837151911,0.9774147293737979,0.9250215520546579,0.006584362139917695,,,,,1.212794402982554e-06,0.00019079200001215213,1000.0,501411.0,350.0,50.0,7962.0,,,,,,,,,0.9859796991595426,0.9827586206896552,0.913919413919414,0.9800058987558988,1.0,0.9861498886344386,0.9930895844576363,0.9934156378600822,0.9249363867684479,0.8157894736842105,0.9827586206896552,0.7857142857142857,0.9920318725099602,0.9805045871559633,,,,,,,,
CICIDS2017__multiclass__SOLO__dirichlet_a0.5__M2__seed2,SOLO,CICIDS2017,multiclass,dirichlet,0.5,2,2,50,8,0.1,1.0,1.0,1.0,256,hist,,40,4.0,gaussian,random,proportional_blocks,4,20.0,100.0,0.2,42,20,1000,100,[],21440,5360,77,"[""BENIGN"", ""Bot"", ""BruteForce"", ""DoS"", ""Infiltration"", ""PortScan"", ""WebAttack""]","[6960, 14480]",0.5142147729999351,0.003709464000053231,0.0,0.0,0.5104643895000436,0.0,0.0,0.0,0,0,0,0,0,0,0,0,0,0,0,0,0,20.0,100.0,0.0,0.0,0.0,0.9904850746268656,0.8619379184972528,0.9893860965455183,0.9219475361494007,0.8486854806541455,0.0034293552812071334,,,,,1.4931600746020045e-06,0.00021744500003251233,1000.0,513514.0,350.0,50.0,8318.0,,,,,,,,,0.9904823267214548,0.9936287908369127,0.5,0.9861095193656303,1.0,0.9880715234300892,0.9953405926917183,0.9965706447187929,0.9910941475826972,0.5,0.9802955665024631,0.5,0.9900398406374502,0.9827981651376148,,,,,,,,
CICIDS2017__multiclass__SOLO__dirichlet_a0.5__M2__seed3,SOLO,CICIDS2017,multiclass,dirichlet,0.5,2,3,50,8,0.1,1.0,1.0,1.0,256,hist,,40,4.0,gaussian,random,proportional_blocks,4,20.0,100.0,0.2,42,20,1000,100,[],21440,5360,77,"[""BENIGN"", ""Bot"", ""BruteForce"", ""DoS"", ""Infiltration"", ""PortScan"", ""WebAttack""]","[4139, 17301]",0.510986240500074,0.004519816000083665,0.0,0.0,0.506420852000133,0.0,0.0,0.0,0,0,0,0,0,0,0,0,0,0,0,0,0,20.0,100.0,0.0,0.0,0.0,0.9716417910447761,0.9204171728195568,0.9718600856621767,0.954929808664345,0.9126670398647325,0.03401920438957476,,,,,1.1645834888016528e-06,0.0001888544999815167,1000.0,485175.0,350.0,50.0,7485.0,,,,,,,,,0.9934573306285136,0.9235162624343355,1.0,0.9267744685272248,0.9285714285714286,0.9880715234300892,0.9241176470588235,0.9659807956104253,0.9910941475826972,0.6842105263157895,0.9876847290640394,0.7857142857142857,0.9900398406374502,0.9839449541284404,,,,,,,,
CICIDS2017__multiclass__SOLO__dirichlet_a0.5__M2__seed4,SOLO,CICIDS2017,multiclass,dirichlet,0.5,2,4,50,8,0.1,1.0,1.0,1.0,256,hist,,40,4.0,gaussian,random,proportional_blocks,4,20.0,100.0,0.2,42,20,1000,100,[],21440,5360,77,"[""BENIGN"", ""Bot"", ""BruteForce"", ""DoS"", ""Infiltration"", ""PortScan"", ""WebAttack""]","[14326, 7114]",0.48380821700004617,0.003866204500013737,0.0,0.0,0.4799006579999059,0.0,0.0,0.0,0,0,0,0,0,0,0,0,0,0,0,0,0,20.0,100.0,0.0,0.0,0.0,0.9340485074626865,0.778696369169532,0.9120461471035187,0.8353595823111346,0.7544352972315058,0.0013717421124828533,,,,,1.0667134328084998e-06,0.0001893085000119754,1000.0,486316.5,350.0,50.0,7520.0,,,,,,,,,0.9152863303348739,0.9910647876296732,0.4523809523809524,0.9959083469721768,1.0,0.9940476190476191,0.49882903981264637,0.9986282578875172,0.9872773536895674,0.5,0.9326765188834154,0.6428571428571428,0.7310756972111554,0.48853211009174313,,,,,,,,
CICIDS2017__multiclass__SOLO__dirichlet_a0.5__M5__seed0,SOLO,CICIDS2017,multiclass,dirichlet,0.5,5,0,50,8,0.1,1.0,1.0,1.0,256,hist,,40,4.0,gaussian,random,proportional_blocks,4,20.0,100.0,0.2,42,20,1000,100,[],21440,5360,77,"[""BENIGN"", ""Bot"", ""BruteForce"", ""DoS"", ""Infiltration"", ""PortScan"", ""WebAttack""]","[10004, 2218, 1976, 3153, 4089]",0.33199159919997784,0.0018506436000052418,0.0,0.0,0.3300983497999823,0.0,0.0,0.0,0,0,0,0,0,0,0,0,0,0,0,0,0,20.0,100.0,0.0,0.0,0.0,0.946455223880597,0.721448736025078,0.9312387830831952,0.8028447416009442,0.6992958462529415,0.007736625514403292,,,,,1.0124667537239991e-06,0.00017882340000596741,1000.0,391853.2,350.0,50.0,4742.4,,,,,,,,,0.9383199113677911,0.5878460575368832,0.34615384615384615,0.9700687790787177,0.8,0.9878156316301627,0.9897089654392086,0.9922633744855969,0.5877862595419847,0.26315789473684215,0.9563218390804596,0.2571428571428571,0.894820717131474,0.9435779816513762,,,,,,,,
CICIDS2017__multiclass__SOLO__dirichlet_a0.5__M5__seed1,SOLO,CICIDS2017,multiclass,dirichlet,0.5,5,1,50,8,0.1,1.0,1.0,1.0,256,hist,,40,4.0,gaussian,random,proportional_blocks,4,20.0,100.0,0.2,42,20,1000,100,[],21440,5360,77,"[""BENIGN"", ""Bot"", ""BruteForce"", ""DoS"", ""Infiltration"", ""PortScan"", ""WebAttack""]","[11081, 2708, 1240, 2994, 3417]",0.264896616400074,0.0018090892000145685,0.0,0.0,0.2630452358000639,0.0,0.0,0.0,0,0,0,0,0,0,0,0,0,0,0,0,0,20.0,100.0,0.0,0.0,0.0,0.7610074626865672,0.6163422527613474,0.7294772559928819,0.6199555480049611,0.6921022066715313,0.28888888888888886,,,,,9.215953731308585e-07,0.0001769682999338329,1000.0,357967.8,350.0,50.0,3746.8,,,,,,,,,0.7441314691540769,0.5944893605235161,0.32008281573498965,0.7408537805220707,0.2532786885245902,0.884140341599141,0.8027123799763431,0.711111111111111,0.6860050890585242,0.3684210526315789,0.9083743842364532,0.2571428571428571,0.9673306772908367,0.9463302752293578,,,,,,,,
CICIDS2017__multiclass__SOLO__dirichlet_a0.5__M5__seed2,SOLO,CICIDS2017,multiclass,dirichlet,0.5,5,2,50,8,0.1,1.0,1.0,1.0,256,hist,,40,4.0,gaussian,random,proportional_blocks,4,20.0,100.0,0.2,42,20,1000,100,[],21440,5360,77,"[""BENIGN"", ""Bot"", ""BruteForce"", ""DoS"", ""Infiltration"", ""PortScan"", ""WebAttack""]","[1006, 2284, 2456, 7190, 8504]",0.323265749400025,0.0024234592000084375,0.0,0.0,0.3208022995999727,0.0,0.0,0.0,0,0,0,0,0,0,0,0,0,0,0,0,0,20.0,100.0,0.0,0.0,0.0,0.9477985074626865,0.7587213572686129,0.9397982194600937,0.8421892372462942,0.7387492093134294,0.020576131687242795,,,,,1.0065489179206493e-06,0.00018676009999580857,1000.0,393705.4,350.0,50.0,4797.2,,,,,,,,,0.9485210077464185,0.9552865826983172,0.4957142857142857,0.9318217391378344,0.8,0.7935959563108111,0.970385089116393,0.9794238683127572,0.9511450381679388,0.4,0.9743842364532019,0.37142857142857144,0.6430278884462151,0.8518348623853212,,,,,,,,
CICIDS2017__multiclass__SOLO__dirichlet_a0.5__M5__seed3,SOLO,CICIDS2017,multiclass,dirichlet,0.5,5,3,50,8,0.1,1.0,1.0,1.0,256,hist,,40,4.0,gaussian,random,proportional_blocks,4,20.0,100.0,0.2,42,20,1000,100,[],21440,5360,77,"[""BENIGN"", ""Bot"", ""BruteForce"", ""DoS"", ""Infiltration"", ""PortScan"", ""WebAttack""]","[1434, 1411, 10016, 6215, 2364]",0.2675315784000304,0.0017413565999504499,0.0,0.0,0.26574454839997086,0.0,0.0,0.0,0,0,0,0,0,0,0,0,0,0,0,0,0,20.0,100.0,0.0,0.0,0.0,0.8521268656716418,0.6290971624375179,0.8500701872629468,0.6541175012203173,0.676630369164534,0.1433196159122085,,,,,1.1342179850747816e-06,0.00018503399999190152,1000.0,360679.6,350.0,50.0,3826.4,,,,,,,,,0.958120229029723,0.7647482594085634,0.27037037037037037,0.688672385435597,0.4,0.7248454145428574,0.7720658497551102,0.8566803840877915,0.9592875318066157,0.23157894736842105,0.7490968801313629,0.22857142857142856,0.7593625498007969,0.951834862385321,,,,,,,,
CICIDS2017__multiclass__SOLO__dirichlet_a0.5__M5__seed4,SOLO,CICIDS2017,multiclass,dirichlet,0.5,5,4,50,8,0.1,1.0,1.0,1.0,256,hist,,40,4.0,gaussian,random,proportional_blocks,4,20.0,100.0,0.2,42,20,1000,100,[],21440,5360,77,"[""BENIGN"", ""Bot"", ""BruteForce"", ""DoS"", ""Infiltration"", ""PortScan"", ""WebAttack""]","[9581, 6006, 1558, 3324, 971]",0.2916096163999555,0.0016986531999918953,0.0,0.0,0.2898721163999653,0.0,0.0,0.0,0,0,0,0,0,0,0,0,0,0,0,0,0,20.0,100.0,0.0,0.0,0.0,0.9319402985074626,0.7251598313346033,0.9130001396840817,0.8010514898103537,0.7240645072759637,0.018984910836762688,,,,,1.1030583582209854e-06,0.00018090710002525157,1000.0,380190.0,350.0,50.0,4399.6,,,,,,,,,0.9317008934770644,0.7480889946356913,0.4227027027027027,0.7527178628516195,0.8,0.9904536508102609,0.9616963241951362,0.9810150891632373,0.7811704834605598,0.43157894736842106,0.7835796387520526,0.2857142857142857,0.8764940239043824,0.9288990825688075,,,,,,,,
CICIDS2017__multiclass__SOLO__dirichlet_a1.0__M10__seed0,SOLO,CICIDS2017,multiclass,dirichlet,1.0,10,0,50,8,0.1,1.0,1.0,1.0,256,hist,,40,4.0,gaussian,random,proportional_blocks,4,20.0,100.0,0.2,42,20,1000,100,[],21440,5360,77,"[""BENIGN"", ""Bot"", ""BruteForce"", ""DoS"", ""Infiltration"", ""PortScan"", ""WebAttack""]","[966, 3453, 858, 4036, 2812, 373, 2197, 1741, 2851, 2153]",0.2617106095999816,0.0011082392000162145,0.0,0.0,0.2605555588000016,0.0,0.0,0.0,0,0,0,0,0,0,0,0,0,0,0,0,0,20.0,100.0,0.0,0.0,0.0,0.9532649253731345,0.7289654671663596,0.9503486796757545,0.7555069310351163,0.7279498784124672,0.03207133058984911,,,,,1.0266323507441632e-06,0.00019034174997614172,1000.0,361449.1,350.0,50.0,3848.8,,,,,,,,,0.9671541582151437,0.9198003710094733,0.33816506074570596,0.9432929073156509,0.3107142857142857,0.8668592060913454,0.9425625281542095,0.9679286694101508,0.941730279898219,0.2,0.9533661740558295,0.22857142857142856,0.8717131474103585,0.9323394495412843,,,,,,,,
CICIDS2017__multiclass__SOLO__dirichlet_a1.0__M10__seed1,SOLO,CICIDS2017,multiclass,dirichlet,1.0,10,1,50,8,0.1,1.0,1.0,1.0,256,hist,,40,4.0,gaussian,random,proportional_blocks,4,20.0,100.0,0.2,42,20,1000,100,[],21440,5360,77,"[""BENIGN"", ""Bot"", ""BruteForce"", ""DoS"", ""Infiltration"", ""PortScan"", ""WebAttack""]","[1578, 3459, 2080, 2216, 629, 1028, 1143, 1256, 6054, 1997]",0.2270101812999883,0.001566194300016832,0.0,0.0,0.22540393680001217,0.0,0.0,0.0,0,0,0,0,0,0,0,0,0,0,0,0,0,20.0,100.0,0.0,0.0,0.0,0.9053731343283582,0.689847322530346,0.8964252340841146,0.7574111651664454,0.691413155267524,0.07700960219478739,,,,,9.755371828295034e-07,0.00018206399997779953,1000.0,347617.5,350.0,50.0,3442.6,,,,,,,,,0.9460546016871183,0.9091466136628188,0.6972222222222222,0.7883811308271567,0.32,0.7698194733377537,0.8712541144280479,0.9229903978052126,0.9236641221374047,0.28947368421052627,0.8538587848932675,0.14285714285714285,0.7852589641434263,0.9217889908256879,,,,,,,,
CICIDS2017__multiclass__SOLO__dirichlet_a1.0__M10__seed2,SOLO,CICIDS2017,multiclass,dirichlet,1.0,10,2,50,8,0.1,1.0,1.0,1.0,256,hist,,40,4.0,gaussian,random,proportional_blocks,4,20.0,100.0,0.2,42,20,1000,100,[],21440,5360,77,"[""BENIGN"", ""Bot"", ""BruteForce"", ""DoS"", ""Infiltration"", ""PortScan"", ""WebAttack""]","[1282, 1209, 2542, 434, 1650, 2849, 1965, 2133, 4248, 3128]",0.2599898345000156,0.001217852300010236,0.0,0.0,0.25872739529997946,0.0,0.0,0.0,0,0,0,0,0,0,0,0,0,0,0,0,0,20.0,100.0,0.0,0.0,0.0,0.9555597014925373,0.7538383959697967,0.9537404352076786,0.8126355815261356,0.7397319260763895,0.0263923182441701,,,,,9.673196828472687e-07,0.00020001345002356173,1000.0,360636.6,350.0,50.0,3825.0,,,,,,,,,0.9652123475929857,0.9441767614945391,0.5455172413793103,0.9332534389048559,0.3557692307692307,0.9877010883197705,0.9568189622222569,0.9736076817558299,0.946819338422392,0.2842105263157895,0.8935960591133003,0.1857142857142857,0.950597609561753,0.9435779816513762,,,,,,,,
CICIDS2017__multiclass__SOLO__dirichlet_a1.0__M10__seed3,SOLO,CICIDS2017,multiclass,dirichlet,1.0,10,3,50,8,0.1,1.0,1.0,1.0,256,hist,,40,4.0,gaussian,random,proportional_blocks,4,20.0,100.0,0.2,42,20,1000,100,[],21440,5360,77,"[""BENIGN"", ""Bot"", ""BruteForce"", ""DoS"", ""Infiltration"", ""PortScan"", ""WebAttack""]","[794, 4830, 777, 2967, 1933, 841, 1928, 2920, 3887, 563]",0.22355044830001133,0.001053777099969011,0.0,0.0,0.22245659459999842,0.0,0.0,0.0,0,0,0,0,0,0,0,0,0,0,0,0,0,20.0,100.0,0.0,0.0,0.0,0.8930223880597016,0.6893638817286288,0.8959544122540131,0.7247581968240808,0.7303106706124913,0.12052126200274349,,,,,9.210853917891912e-07,0.00018322954999803188,1000.0,348844.6,350.0,50.0,3478.6,,,,,,,,,0.9672689151077771,0.8762785461242233,0.29270244821092284,0.839926589619797,0.30396825396825394,0.9265263506366324,0.8666362741009594,0.8794787379972565,0.9389312977099238,0.2578947368421053,0.9510673234811167,0.27142857142857146,0.8904382470119522,0.9229357798165138,,,,,,,,
CICIDS2017__multiclass__SOLO__dirichlet_a1.0__M10__seed4,SOLO,CICIDS2017,multiclass,dirichlet,1.0,10,4,50,8,0.1,1.0,1.0,1.0,256,hist,,40,4.0,gaussian,random,proportional_blocks,4,20.0,100.0,0.2,42,20,1000,100,[],21440,5360,77,"[""BENIGN"", ""Bot"", ""BruteForce"", ""DoS"", ""Infiltration"", ""PortScan"", ""WebAttack""]","[4324, 1555, 999, 993, 2149, 3477, 1935, 2084, 1857, 2067]",0.2557850214000382,0.0010316721000208418,0.0,0.0,0.25471213129997067,0.0,0.0,0.0,0,0,0,0,0,0,0,0,0,0,0,0,0,20.0,100.0,0.0,0.0,0.0,0.9433582089552239,0.728078875827758,0.9338379607335161,0.810106336053965,0.7019790528024863,0.012729766803840876,,,,,1.21981583954799e-06,0.0001784539000254881,1000.0,356871.8,350.0,50.0,3714.4,,,,,,,,,0.9378133201962401,0.8685141211889562,0.6265934065934067,0.9723420506147648,0.41666666666666663,0.9693343417256972,0.8794804453920232,0.9872702331961591,0.8396946564885497,0.28421052631578947,0.8635467980295566,0.1714285714285714,0.9482071713147411,0.8194954128440367,,,,,,,,
CICIDS2017__multiclass__SOLO__dirichlet_a1.0__M2__seed0,SOLO,CICIDS2017,multiclass,dirichlet,1.0,2,0,50,8,0.1,1.0,1.0,1.0,256,hist,,40,4.0,gaussian,random,proportional_blocks,4,20.0,100.0,0.2,42,20,1000,100,[],21440,5360,77,"[""BENIGN"", ""Bot"", ""BruteForce"", ""DoS"", ""Infiltration"", ""PortScan"", ""WebAttack""]","[5701, 15739]",0.5141197874999648,0.004244691999986117,0.0,0.0,0.5098319475000039,0.0,0.0,0.0,0,0,0,0,0,0,0,0,0,0,0,0,0,20.0,100.0,0.0,0.0,0.0,0.9884328358208956,0.9130117942283438,0.9878425581124812,0.9897221055269431,0.8894013613430434,0.0069958847736625515,,,,,1.1991539179107416e-06,0.00018399249995582068,1000.0,495849.0,350.0,50.0,7799.0,,,,,,,,,0.9908461533849733,0.9837019127308632,1.0,0.9761516783172743,1.0,0.9842199828138427,0.9931350114416476,0.9930041152263375,0.994910941475827,0.5789473684210527,0.9893267651888342,0.7142857142857142,0.9920318725099602,0.963302752293578,,,,,,,,
CICIDS2017__multiclass__SOLO__dirichlet_a1.0__M2__seed1,SOLO,CICIDS2017,multiclass,dirichlet,1.0,2,1,50,8,0.1,1.0,1.0,1.0,256,hist,,40,4.0,gaussian,random,proportional_blocks,4,20.0,100.0,0.2,42,20,1000,100,[],21440,5360,77,"[""BENIGN"", ""Bot"", ""BruteForce"", ""DoS"", ""Infiltration"", ""PortScan"", ""WebAttack""]","[6974, 14466]",0.6095034889999624,0.0039009875000601824,0.0,0.0,0.6055598904999897,0.0,0.0,0.0,0,0,0,0,0,0,0,0,0,0,0,0,0,20.0,100.0,0.0,0.0,0.0,0.9789179104477612,0.9519904655763205,0.9782968362829292,0.9839074413317905,0.927794437340205,0.0032921810699588477,,,,,1.1880240671503224e-06,0.00018633450002880636,1000.0,476427.0,350.0,50.0,7228.0,,,,,,,,,0.9742691665015604,0.988421531403259,0.9523809523809523,0.9903110550651535,1.0,0.9900153609831029,0.9919540229885058,0.9967078189300411,0.9796437659033079,0.9210526315789473,0.9400656814449918,0.7857142857142857,0.9860557768924303,0.8853211009174312,,,,,,,,
CICIDS2017__multiclass__SOLO__dirichlet_a1.0__M2__seed2,SOLO,CICIDS2017,multiclass,dirichlet,1.0,2,2,50,8,0.1,1.0,1.0,1.0,256,hist,,40,4.0,gaussian,random,proportional_blocks,4,20.0,100.0,0.2,42,20,1000,100,[],21440,5360,77,"[""BENIGN"", ""Bot"", ""BruteForce"", ""DoS"", ""Infiltration"", ""PortScan"", ""WebAttack""]","[14051, 7389]",0.5336901970000554,0.004328728000132287,0.0,0.0,0.5293154644999731,0.0,0.0,0.0,0,0,0,0,0,0,0,0,0,0,0,0,0,20.0,100.0,0.0,0.0,0.0,0.9919776119402985,0.9209429439839553,0.9916944240188974,0.9867710670408139,0.8890513043842903,0.0028806584362139915,,,,,1.1551961753795368e-06,0.0001814684999885685,1000.0,525239.0,350.0,50.0,8663.0,,,,,,,,,0.9926303713643596,0.9848669367244385,0.9523809523809523,0.9917732667812058,1.0,0.9880715234300892,0.9976744186046511,0.997119341563786,0.989821882951654,0.7105263157894737,0.9885057471264368,0.5714285714285714,0.9900398406374502,0.9759174311926606,,,,,,,,
CICIDS2017__multiclass__SOLO__dirichlet_a1.0__M2__seed3,SOLO,CICIDS2017,multiclass,dirichlet,1.0,2,3,50,8,0.1,1.0,1.0,1.0,256,hist,,40,4.0,gaussian,random,proportional_blocks,4,20.0,100.0,0.2,42,20,1000,100,[],21440,5360,77,"[""BENIGN"", ""Bot"", ""BruteForce"", ""DoS"", ""Infiltration"", ""PortScan"", ""WebAttack""]","[4073, 17367]",0.5109746700001097,0.003879771500010065,0.0,0.0,0.5070525295000152,0.0,0.0,0.0,0,0,0,0,0,0,0,0,0,0,0,0,0,20.0,100.0,0.0,0.0,0.0,0.9586753731343283,0.9074056653909144,0.9599267295736084,0.8881723658919782,0.9447768146656121,0.05555555555555556,,,,,1.1446517723823545e-06,0.00017957850002403575,1000.0,483285.0,350.0,50.0,7430.0,,,,,,,,,0.9965517577678353,0.9158736835205175,0.8076923076923077,0.8816978763468982,0.75,0.9804341085271318,0.8849568273891568,0.9444444444444444,0.9936386768447838,0.9210526315789473,0.9926108374384237,0.7857142857142857,0.9920318725099602,0.9839449541284404,,,,,,,,
CICIDS2017__multiclass__SOLO__dirichlet_a1.0__M2__seed4,SOLO,CICIDS2017,multiclass,dirichlet,1.0,2,4,50,8,0.1,1.0,1.0,1.0,256,hist,,40,4.0,gaussian,random,proportional_blocks,4,20.0,100.0,0.2,42,20,1000,100,[],21440,5360,77,"[""BENIGN"", ""Bot"", ""BruteForce"", ""DoS"", ""Infiltration"", ""PortScan"", ""WebAttack""]","[14737, 6703]",0.5286670325000387,0.003753617000029408,0.0,0.0,0.5248726559999568,0.0,0.0,0.0,0,0,0,0,0,0,0,0,0,0,0,0,0,20.0,100.0,0.0,0.0,0.0,0.9889925373134328,0.9485556350890265,0.9887822919445617,0.9940333839827333,0.9217073533752749,0.0024691358024691358,,,,,1.384281436580139e-06,0.00020238875003997236,1000.0,517778.5,350.0,50.0,8443.0,,,,,,,,,0.9871232771508583,0.9947366877785597,1.0,0.9917744217418485,1.0,0.9880715234300892,0.9965277777777778,0.9975308641975309,0.9363867684478371,0.9210526315789473,0.9835796387520526,0.6428571428571428,0.9900398406374502,0.9805045871559633,,,,,,,,
CICIDS2017__multiclass__SOLO__dirichlet_a1.0__M5__seed0,SOLO,CICIDS2017,multiclass,dirichlet,1.0,5,0,50,8,0.1,1.0,1.0,1.0,256,hist,,40,4.0,gaussian,random,proportional_blocks,4,20.0,100.0,0.2,42,20,1000,100,[],21440,5360,77,"[""BENIGN"", ""Bot"", ""BruteForce"", ""DoS"", ""Infiltration"", ""PortScan"", ""WebAttack""]","[1231, 6113, 1414, 7578, 5104]",0.33306242919998114,0.001857985199990253,0.0,0.0,0.3311509198000067,0.0,0.0,0.0,0,0,0,0,0,0,0,0,0,0,0,0,0,20.0,100.0,0.0,0.0,0.0,0.975186567164179,0.7918807900333592,0.9735687261513426,0.8584517854801392,0.7687304661523902,0.010589849108367628,,,,,1.0983468656782767e-06,0.00018679849995351105,1000.0,409559.2,350.0,50.0,5263.2,,,,,,,,,0.9758819345468586,0.9507139005919549,0.530952380952381,0.9781424613839478,0.6,0.987652194721378,0.9858196261644536,0.9894101508916323,0.976590330788804,0.26315789473684215,0.9665024630541872,0.3142857142857143,0.9450199203187252,0.9261467889908257,,,,,,,,
CICIDS2017__multiclass__SOLO__dirichlet_a1.0__M5__seed1,SOLO,CICIDS2017,multiclass,dirichlet,1.0,5,1,50,8,0.1,1.0,1.0,1.0,256,hist,,40,4.0,gaussian,random,proportional_blocks,4,20.0,100.0,0.2,42,20,1000,100,[],21440,5360,77,"[""BENIGN"", ""Bot"", ""BruteForce"", ""DoS"", ""Infiltration"", ""PortScan"", ""WebAttack""]","[3910, 7094, 4163, 4071, 2202]",0.32436857400007285,0.0017466226000124152,0.0,0.0,0.32258052820002375,0.0,0.0,0.0,0,0,0,0,0,0,0,0,0,0,0,0,0,20.0,100.0,0.0,0.0,0.0,0.971865671641791,0.8277957834361314,0.9706611921750016,0.8871400269312499,0.8106633783873691,0.015528120713305898,,,,,1.0285730970243964e-06,0.00017969599998650664,1000.0,400669.8,350.0,50.0,5001.6,,,,,,,,,0.9760084398604972,0.9676157620483657,0.5547058823529412,0.9658812096318042,0.8,0.9842344473994039,0.9615344472257357,0.984471879286694,0.9811704834605598,0.4947368421052632,0.9642036124794746,0.37142857142857144,0.9896414342629483,0.8889908256880734,,,,,,,,
CICIDS2017__multiclass__SOLO__dirichlet_a1.0__M5__seed2,SOLO,CICIDS2017,multiclass,dirichlet,1.0,5,2,50,8,0.1,1.0,1.0,1.0,256,hist,,40,4.0,gaussian,random,proportional_blocks,4,20.0,100.0,0.2,42,20,1000,100,[],21440,5360,77,"[""BENIGN"", ""Bot"", ""BruteForce"", ""DoS"", ""Infiltration"", ""PortScan"", ""WebAttack""]","[3924, 2437, 9187, 2001, 3891]",0.33636043880001126,0.001760284999909345,0.0,0.0,0.33454718640000464,0.0,0.0,0.0,0,0,0,0,0,0,0,0,0,0,0,0,0,20.0,100.0,0.0,0.0,0.0,0.9774253731343283,0.839215728901386,0.9766040827336304,0.8775599711771044,0.8233045088482782,0.017338820301783263,,,,,1.073723358212558e-06,0.00018892699999923935,1000.0,410578.4,350.0,50.0,5292.4,,,,,,,,,0.9860319508592088,0.9600795768685927,0.4908547008547009,0.9620317548770048,0.8,0.9879812005348182,0.9559406142454046,0.9826611796982168,0.9893129770992367,0.4526315789473684,0.9773399014778326,0.42857142857142855,0.9784860557768924,0.9541284403669726,,,,,,,,
CICIDS2017__multiclass__SOLO__dirichlet_a1.0__M5__seed3,SOLO,CICIDS2017,multiclass,dirichlet,1.0,5,3,50,8,0.1,1.0,1.0,1.0,256,hist,,40,4.0,gaussian,random,proportional_blocks,4,20.0,100.0,0.2,42,20,1000,100,[],21440,5360,77,"[""BENIGN"", ""Bot"", ""BruteForce"", ""DoS"", ""Infiltration"", ""PortScan"", ""WebAttack""]","[1627, 8302, 2497, 5908, 3106]",0.32408602460000113,0.001706061800041425,0.0,0.0,0.32233775320000857,0.0,0.0,0.0,0,0,0,0,0,0,0,0,0,0,0,0,0,20.0,100.0,0.0,0.0,0.0,0.9504477611940298,0.8245433118710622,0.9510569881056623,0.8566123481583343,0.8283431311886635,0.041371742112482845,,,,,1.1365871641607976e-06,0.00018772050007100915,1000.0,395713.2,350.0,50.0,4855.6,,,,,,,,,0.9706593800900842,0.9703725845031981,0.6055851063829787,0.9106360473393715,0.6370370370370371,0.9855904663138311,0.9164058154418395,0.9586282578875173,0.8977099236641222,0.5894736842105263,0.9412151067323482,0.48571428571428565,0.9729083665338646,0.9527522935779815,,,,,,,,
CICIDS2017__multiclass__SOLO__dirichlet_a1.0__M5__seed4,SOLO,CICIDS2017,multiclass,dirichlet,1.0,5,4,50,8,0.1,1.0,1.0,1.0,256,hist,,40,4.0,gaussian,random,proportional_blocks,4,20.0,100.0,0.2,42,20,1000,100,[],21440,5360,77,"[""BENIGN"", ""Bot"", ""BruteForce"", ""DoS"", ""Infiltration"", ""PortScan"", ""WebAttack""]","[8437, 3727, 1405, 1697, 6174]",0.31399555640005017,0.0017007392000323307,0.0,0.0,0.3122548725999422,0.0,0.0,0.0,0,0,0,0,0,0,0,0,0,0,0,0,0,20.0,100.0,0.0,0.0,0.0,0.9498134328358209,0.804050469469799,0.9400395075427612,0.9126550621430838,0.770387757881563,0.009602194787379973,,,,,1.0346221641703548e-06,0.00018043140000827406,1000.0,398705.2,350.0,50.0,4943.6,,,,,,,,,0.9415979901062818,0.7849358204656584,0.9273809523809524,0.9616794181013197,0.8,0.9783018302728934,0.9946894236744799,0.9903978052126201,0.5882951653944021,0.5473684210526316,0.9628899835796387,0.4,0.9721115537848606,0.9316513761467891,,,,,,,,
CICIDS2017__multiclass__SOLO__iid__M10__seed0,SOLO,CICIDS2017,multiclass,iid,,10,0,50,8,0.1,1.0,1.0,1.0,256,hist,,40,4.0,gaussian,random,proportional_blocks,4,20.0,100.0,0.2,42,20,1000,100,[],21440,5360,77,"[""BENIGN"", ""Bot"", ""BruteForce"", ""DoS"", ""Infiltration"", ""PortScan"", ""WebAttack""]","[2144, 2144, 2144, 2144, 2144, 2144, 2144, 2144, 2144, 2144]",0.27955843089999916,0.0011044520000268675,0.0,0.0,0.278384350500005,0.0,0.0,0.0,0,0,0,0,0,0,0,0,0,0,0,0,0,20.0,100.0,0.0,0.0,0.0,0.9820522388059703,0.7866874583688951,0.9808010354227857,0.9155733227018474,0.7548629278209653,0.005624142661179698,,,,,1.111194253731715e-06,0.000183073499999864,1000.0,383190.6,350.0,50.0,4487.6,,,,,,,,,0.9811461328453521,0.9843615546784117,0.8841991341991342,0.9766426480243495,0.6,0.9888269640885683,0.9938368250771159,0.9943758573388204,0.9704834605597965,0.28421052631578947,0.9651888341543513,0.12857142857142856,0.9868525896414344,0.9543577981651377,,,,,,,,
CICIDS2017__multiclass__SOLO__iid__M10__seed1,SOLO,CICIDS2017,multiclass,iid,,10,1,50,8,0.1,1.0,1.0,1.0,256,hist,,40,4.0,gaussian,random,proportional_blocks,4,20.0,100.0,0.2,42,20,1000,100,[],21440,5360,77,"[""BENIGN"", ""Bot"", ""BruteForce"", ""DoS"", ""Infiltration"", ""PortScan"", ""WebAttack""]","[2144, 2144, 2144, 2144, 2144, 2144, 2144, 2144, 2144, 2144]",0.2783390780000218,0.0011691813000197725,0.0,0.0,0.27712481089999985,0.0,0.0,0.0,0,0,0,0,0,0,0,0,0,0,0,0,0,20.0,100.0,0.0,0.0,0.0,0.9812873134328356,0.8167863264303596,0.9803042134273803,0.9731331832252728,0.7750772322564519,0.005761316872427984,,,,,9.904976679150872e-07,0.00018291660001068522,1000.0,382122.6,350.0,50.0,4456.2,,,,,,,,,0.9799423273899777,0.9871625457409487,0.8872863247863247,0.9772784072349279,1.0,0.9892108463104613,0.9910518311142686,0.9942386831275719,0.9600508905852416,0.3368421052631579,0.9579638752052546,0.22857142857142856,0.9852589641434264,0.9626146788990827,,,,,,,,
CICIDS2017__multiclass__SOLO__iid__M10__seed2,SOLO,CICIDS2017,multiclass,iid,,10,2,50,8,0.1,1.0,1.0,1.0,256,hist,,40,4.0,gaussian,random,proportional_blocks,4,20.0,100.0,0.2,42,20,1000,100,[],21440,5360,77,"[""BENIGN"", ""Bot"", ""BruteForce"", ""DoS"", ""Infiltration"", ""PortScan"", ""WebAttack""]","[2144, 2144, 2144, 2144, 2144, 2144, 2144, 2144, 2144, 2144]",0.27565248480000265,0.0010840973000085796,0.0,0.0,0.2745237047999808,0.0,0.0,0.0,0,0,0,0,0,0,0,0,0,0,0,0,0,20.0,100.0,0.0,0.0,0.0,0.9821455223880597,0.8141265775088293,0.9811228454974886,0.9161987412520072,0.7781161019159516,0.005404663923182442,,,,,1.0059572201429097e-06,0.00018088580000039656,1000.0,383526.9,350.0,50.0,4497.4,,,,,,,,,0.9811415912211953,0.9829344973635493,0.7892307692307693,0.9811767504078018,0.7,0.9884411409150904,0.990466439625644,0.9945953360768176,0.9585241730279896,0.3526315789473684,0.9637110016420362,0.22857142857142856,0.9868525896414344,0.9619266055045872,,,,,,,,
CICIDS2017__multiclass__SOLO__iid__M10__seed3,SOLO,CICIDS2017,multiclass,iid,,10,3,50,8,0.1,1.0,1.0,1.0,256,hist,,40,4.0,gaussian,random,proportional_blocks,4,20.0,100.0,0.2,42,20,1000,100,[],21440,5360,77,"[""BENIGN"", ""Bot"", ""BruteForce"", ""DoS"", ""Infiltration"", ""PortScan"", ""WebAttack""]","[2144, 2144, 2144, 2144, 2144, 2144, 2144, 2144, 2144, 2144]",0.29275681719998375,0.0011725893000175346,0.0,0.0,0.29154316829999516,0.0,0.0,0.0,0,0,0,0,0,0,0,0,0,0,0,0,0,20.0,100.0,0.0,0.0,0.0,0.9817164179104477,0.8070824573245658,0.9806500732780401,0.9391610252327549,0.7710317973730284,0.005733882030178326,,,,,1.1362589365584862e-06,0.00019595924999293857,1000.0,383585.7,350.0,50.0,4499.2,,,,,,,,,0.9806915637895501,0.9852462016736132,0.9522058823529411,0.9791428429863611,0.7,0.9868833930785119,0.9899572927483072,0.9942661179698218,0.9595419847328245,0.3473684210526316,0.9632183908045977,0.1857142857142857,0.9872509960159362,0.9598623853211009,,,,,,,,
CICIDS2017__multiclass__SOLO__iid__M10__seed4,SOLO,CICIDS2017,multiclass,iid,,10,4,50,8,0.1,1.0,1.0,1.0,256,hist,,40,4.0,gaussian,random,proportional_blocks,4,20.0,100.0,0.2,42,20,1000,100,[],21440,5360,77,"[""BENIGN"", ""Bot"", ""BruteForce"", ""DoS"", ""Infiltration"", ""PortScan"", ""WebAttack""]","[2144, 2144, 2144, 2144, 2144, 2144, 2144, 2144, 2144, 2144]",0.27622623469999324,0.0011433962999944924,0.0,0.0,0.275033900400058,0.0,0.0,0.0,0,0,0,0,0,0,0,0,0,0,0,0,0,20.0,100.0,0.0,0.0,0.0,0.9807835820895521,0.8057337122398927,0.9796187113780643,0.9340285679363974,0.768098210919314,0.00617283950617284,,,,,1.0042206343360133e-06,0.00019247684996344107,1000.0,382087.6,350.0,50.0,4455.2,,,,,,,,,0.9798404421049994,0.9862797947487862,0.96,0.975205377617957,0.6599999999999999,0.9876632127132229,0.989211148369816,0.993827160493827,0.9608142493638677,0.27368421052631575,0.9586206896551724,0.24285714285714283,0.9872509960159362,0.9596330275229358,,,,,,,,
CICIDS2017__multiclass__SOLO__iid__M2__seed0,SOLO,CICIDS2017,multiclass,iid,,2,0,50,8,0.1,1.0,1.0,1.0,256,hist,,40,4.0,gaussian,random,proportional_blocks,4,20.0,100.0,0.2,42,20,1000,100,[],21440,5360,77,"[""BENIGN"", ""Bot"", ""BruteForce"", ""DoS"", ""Infiltration"", ""PortScan"", ""WebAttack""]","[10720, 10720]",0.6814567970000098,0.004312530000049719,0.0,0.0,0.6770952810000495,0.0,0.0,0.0,0,0,0,0,0,0,0,0,0,0,0,0,0,20.0,100.0,0.0,0.0,0.0,0.9936567164179104,0.9602856614897239,0.9935888954805907,0.9946083801669063,0.9368860864292289,0.002606310013717421,,,,,1.3616065298570738e-06,0.00025113424999290146,1000.0,536105.0,350.0,50.0,8982.0,,,,,,,,,0.9942580240691783,0.9936224489795918,1.0,0.990963399879008,1.0,0.9880715234300892,0.9953432648104779,0.9973936899862825,0.9910941475826972,0.8947368421052632,0.9901477832512315,0.7142857142857142,0.9900398406374502,0.9805045871559632,,,,,,,,
CICIDS2017__multiclass__SOLO__iid__M2__seed1,SOLO,CICIDS2017,multiclass,iid,,2,1,50,8,0.1,1.0,1.0,1.0,256,hist,,40,4.0,gaussian,random,proportional_blocks,4,20.0,100.0,0.2,42,20,1000,100,[],21440,5360,77,"[""BENIGN"", ""Bot"", ""BruteForce"", ""DoS"", ""Infiltration"", ""PortScan"", ""WebAttack""]","[10720, 10720]",0.5666110164999054,0.003908932999934223,0.0,0.0,0.5626590949999581,0.0,0.0,0.0,0,0,0,0,0,0,0,0,0,0,0,0,0,20.0,100.0,0.0,0.0,0.0,0.9934701492537313,0.9526703404736022,0.9933513757567074,0.994863623096476,0.9255809485523385,0.0024691358024691358,,,,,1.2165111007619482e-06,0.00019288825001240184,1000.0,536588.0,350.0,50.0,8996.0,,,,,,,,,0.993714353150666,0.9936191536023635,1.0,0.9909767928450672,1.0,0.9880715234300892,0.9976635386471452,0.9975308641975309,0.9910941475826972,0.8157894736842105,0.9909688013136289,0.7142857142857142,0.9900398406374502,0.9793577981651376,,,,,,,,
CICIDS2017__multiclass__SOLO__iid__M2__seed2,SOLO,CICIDS2017,multiclass,iid,,2,2,50,8,0.1,1.0,1.0,1.0,256,hist,,40,4.0,gaussian,random,proportional_blocks,4,20.0,100.0,0.2,42,20,1000,100,[],21440,5360,77,"[""BENIGN"", ""Bot"", ""BruteForce"", ""DoS"", ""Infiltration"", ""PortScan"", ""WebAttack""]","[10720, 10720]",0.5639637000000448,0.004025917999911144,0.0,0.0,0.559897117499986,0.0,0.0,0.0,0,0,0,0,0,0,0,0,0,0,0,0,0,20.0,100.0,0.0,0.0,0.0,0.9939365671641791,0.9706315572351246,0.9939015693566858,0.9952125703088648,0.9512369664315479,0.002606310013717421,,,,,1.2609887126705505e-06,0.00020165049994602668,1000.0,535972.0,350.0,50.0,8978.0,,,,,,,,,0.9941209371117596,0.9936159246307219,1.0,0.991792457934318,1.0,0.9881187652926784,0.9988399071925754,0.9973936899862825,0.989821882951654,0.9210526315789473,0.9901477832512315,0.7857142857142857,0.9940239043824701,0.9805045871559632,,,,,,,,
CICIDS2017__multiclass__SOLO__iid__M2__seed3,SOLO,CICIDS2017,multiclass,iid,,2,3,50,8,0.1,1.0,1.0,1.0,256,hist,,40,4.0,gaussian,random,proportional_blocks,4,20.0,100.0,0.2,42,20,1000,100,[],21440,5360,77,"[""BENIGN"", ""Bot"", ""BruteForce"", ""DoS"", ""Infiltration"", ""PortScan"", ""WebAttack""]","[10720, 10720]",0.5728946084999507,0.004134809999982281,0.0,0.0,0.5687172595000902,0.0,0.0,0.0,0,0,0,0,0,0,0,0,0,0,0,0,0,20.0,100.0,0.0,0.0,0.0,0.9930970149253731,0.9512108606800556,0.9929647908795503,0.9950598300666416,0.920561069539267,0.0023319615912208505,,,,,1.2466334888005749e-06,0.00019976899994844644,1000.0,528277.0,350.0,50.0,8752.0,,,,,,,,,0.9927665275479068,0.9923469387755102,1.0,0.9934020450120495,1.0,0.9880715234300892,0.9988317757009346,0.9976680384087792,0.989821882951654,0.7105263157894737,0.9885057471264368,0.7857142857142857,0.9900398406374502,0.981651376146789,,,,,,,,
CICIDS2017__multiclass__SOLO__iid__M2__seed4,SOLO,CICIDS2017,multiclass,iid,,2,4,50,8,0.1,1.0,1.0,1.0,256,hist,,40,4.0,gaussian,random,proportional_blocks,4,20.0,100.0,0.2,42,20,1000,100,[],21440,5360,77,"[""BENIGN"", ""Bot"", ""BruteForce"", ""DoS"", ""Infiltration"", ""PortScan"", ""WebAttack""]","[10720, 10720]",0.6061301230000709,0.0037921265000022686,0.0,0.0,0.6022946169999841,0.0,0.0,0.0,0,0,0,0,0,0,0,0,0,0,0,0,0,20.0,100.0,0.0,0.0,0.0,0.9934701492537313,0.9557465204452039,0.9934003782470997,0.9940313598645085,0.9302160558447865,0.002880658436213992,,,,,1.2731989738640618e-06,0.0001943739999319405,1000.0,538110.0,350.0,50.0,9041.0,,,,,,,,,0.9945282285080361,0.9885947112442426,1.0,0.9893697249767337,1.0,0.9880715234300892,0.9976553308924585,0.997119341563786,0.9910941475826972,0.9210526315789473,0.993431855500821,0.6428571428571428,0.9900398406374502,0.9759174311926606,,,,,,,,
CICIDS2017__multiclass__SOLO__iid__M5__seed0,SOLO,CICIDS2017,multiclass,iid,,5,0,50,8,0.1,1.0,1.0,1.0,256,hist,,40,4.0,gaussian,random,proportional_blocks,4,20.0,100.0,0.2,42,20,1000,100,[],21440,5360,77,"[""BENIGN"", ""Bot"", ""BruteForce"", ""DoS"", ""Infiltration"", ""PortScan"", ""WebAttack""]","[4288, 4288, 4288, 4288, 4288]",0.3974213543999895,0.0019728342000234988,0.0,0.0,0.3954032627999823,0.0,0.0,0.0,0,0,0,0,0,0,0,0,0,0,0,0,0,20.0,100.0,0.0,0.0,0.0,0.9879477611940299,0.9017546045035749,0.9875907541620548,0.9813601925745523,0.8593540437114641,0.00411522633744856,,,,,1.1618139552214036e-06,0.00019983940002248345,1000.0,439708.2,350.0,50.0,6148.4,,,,,,,,,0.9886728240583686,0.9882988223814694,0.9303030303030304,0.9802617260489577,1.0,0.9880667804970594,0.9939181647329811,0.9958847736625513,0.9877862595419847,0.5578947368421053,0.9707717569786537,0.5428571428571429,0.9896414342629483,0.9706422018348624,,,,,,,,
CICIDS2017__multiclass__SOLO__iid__M5__seed1,SOLO,CICIDS2017,multiclass,iid,,5,1,50,8,0.1,1.0,1.0,1.0,256,hist,,40,4.0,gaussian,random,proportional_blocks,4,20.0,100.0,0.2,42,20,1000,100,[],21440,5360,77,"[""BENIGN"", ""Bot"", ""BruteForce"", ""DoS"", ""Infiltration"", ""PortScan"", ""WebAttack""]","[4288, 4288, 4288, 4288, 4288]",0.4541256716000589,0.0019044264000513066,0.0,0.0,0.45217058319994974,0.0,0.0,0.0,0,0,0,0,0,0,0,0,0,0,0,0,0,20.0,100.0,0.0,0.0,0.0,0.9879477611940299,0.8698301300035667,0.9874449098988449,0.9760205178075942,0.8294359899852081,0.00438957475994513,,,,,1.172543507474115e-06,0.00020406919998094963,1000.0,441403.0,350.0,50.0,6198.4,,,,,,,,,0.9884550104470771,0.9871919579842438,0.8914285714285715,0.9832306434158529,1.0,0.9888477328780118,0.9929897084994028,0.9956104252400548,0.9816793893129772,0.5473684210526315,0.9799671592775041,0.3428571428571428,0.9888446215139443,0.9697247706422019,,,,,,,,
CICIDS2017__multiclass__SOLO__iid__M5__seed2,SOLO,CICIDS2017,multiclass,iid,,5,2,50,8,0.1,1.0,1.0,1.0,256,hist,,40,4.0,gaussian,random,proportional_blocks,4,20.0,100.0,0.2,42,20,1000,100,[],21440,5360,77,"[""BENIGN"", ""Bot"", ""BruteForce"", ""DoS"", ""Infiltration"", ""PortScan"", ""WebAttack""]","[4288, 4288, 4288, 4288, 4288]",0.3810765879999508,0.001757363600017925,0.0,0.0,0.3792759963999742,0.0,0.0,0.0,0,0,0,0,0,0,0,0,0,0,0,0,0,20.0,100.0,0.0,0.0,0.0,0.9880597014925373,0.8889606321717235,0.9875750472965537,0.9802269903330103,0.851341138088079,0.003676268861454046,,,,,1.233374589548421e-06,0.00019326409999393946,1000.0,437941.0,350.0,50.0,6096.4,,,,,,,,,0.9879252163133175,0.9872975524062586,0.9192307692307692,0.9873232785176544,1.0,0.9872826155694682,0.9925295002936046,0.9963237311385459,0.9867684478371501,0.5894736842105263,0.9707717569786535,0.45714285714285713,0.9896414342629483,0.9692660550458715,,,,,,,,
CICIDS2017__multiclass__SOLO__iid__M5__seed3,SOLO,CICIDS2017,multiclass,iid,,5,3,50,8,0.1,1.0,1.0,1.0,256,hist,,40,4.0,gaussian,random,proportional_blocks,4,20.0,100.0,0.2,42,20,1000,100,[],21440,5360,77,"[""BENIGN"", ""Bot"", ""BruteForce"", ""DoS"", ""Infiltration"", ""PortScan"", ""WebAttack""]","[4288, 4288, 4288, 4288, 4288]",0.37619341820000046,0.001903248199960217,0.0,0.0,0.3742469620000065,0.0,0.0,0.0,0,0,0,0,0,0,0,0,0,0,0,0,0,20.0,100.0,0.0,0.0,0.0,0.9882089552238806,0.8812346743735919,0.9876697268182897,0.9785666422714494,0.840261020225002,0.004444444444444444,,,,,1.3048714179098199e-06,0.00018648750001375446,1000.0,438696.4,350.0,50.0,6118.8,,,,,,,,,0.9888314122944711,0.990820316431447,0.9088702147525677,0.9806938348897123,1.0,0.9872921014355278,0.9934586160964199,0.9955555555555555,0.9852417302798981,0.47368421052631576,0.9773399014778326,0.48571428571428565,0.9904382470119522,0.9738532110091743,,,,,,,,
CICIDS2017__multiclass__SOLO__iid__M5__seed4,SOLO,CICIDS2017,multiclass,iid,,5,4,50,8,0.1,1.0,1.0,1.0,256,hist,,40,4.0,gaussian,random,proportional_blocks,4,20.0,100.0,0.2,42,20,1000,100,[],21440,5360,77,"[""BENIGN"", ""Bot"", ""BruteForce"", ""DoS"", ""Infiltration"", ""PortScan"", ""WebAttack""]","[4288, 4288, 4288, 4288, 4288]",0.390237387399975,0.0018586522000077822,0.0,0.0,0.3883314300000166,0.0,0.0,0.0,0,0,0,0,0,0,0,0,0,0,0,0,0,20.0,100.0,0.0,0.0,0.0,0.9883582089552239,0.8750666956520454,0.9878768311591223,0.9467396768576807,0.8370276947646127,0.004499314128943758,,,,,1.244965895522516e-06,0.00019363850003628613,1000.0,442766.6,350.0,50.0,6238.4,,,,,,,,,0.9893133120996774,0.9882988224315199,0.886984126984127,0.980603755649811,0.8,0.9880667804970594,0.9939109403415705,0.9955006858710563,0.9857506361323155,0.5368421052631579,0.9789819376026273,0.4,0.9896414342629483,0.9724770642201834,,,,,,,,
CICIDS2017__multiclass__SimFL__dirichlet_a0.1__M10__seed0,SimFL,CICIDS2017,multiclass,dirichlet,0.1,10,0,50,8,0.1,1.0,1.0,1.0,256,hist,,40,4.0,gaussian,random,proportional_blocks,4,20.0,100.0,0.2,42,20,1000,100,[],21440,5360,77,"[""BENIGN"", ""Bot"", ""BruteForce"", ""DoS"", ""Infiltration"", ""PortScan"", ""WebAttack""]","[2522, 2417, 248, 101, 59, 495, 9474, 1315, 3613, 1196]",6.42777580500001,0.008886691000043356,4.4665218779999805,0.18736449199968774,0.9389727100005985,0.30277572699799293,0.4008236190001071,0.1088735909999059,1,1,2,50,111600,31645440,31757040,15048660,8250507,23299167,1080,52,55056207,20.0,100.0,2.5805632,2.86393336,5.444496559999999,0.9162313432835821,0.7280257333266841,0.9124587942662131,0.931274238472392,0.6738029139534948,0.035116598079561044,,,,,1.5958610074678169e-06,0.00023002399996130407,1000.0,875624.0,350.0,50.0,18964.0,40.0,4.0,gaussian,random,proportional_blocks,"[5, 5, 0, 0, 0, 1, 22, 3, 8, 6]",1.0,29.35994506633499,0.9173187271778821,0.8091872791519434,1.0,0.928698752228164,1.0,0.8759398496240601,0.9877750611246944,0.964883401920439,0.5826972010178118,0.3157894736842105,0.8555008210180624,0.14285714285714285,0.9282868525896414,0.926605504587156,,,,,,,,
CICIDS2017__multiclass__SimFL__dirichlet_a0.1__M10__seed1,SimFL,CICIDS2017,multiclass,dirichlet,0.1,10,1,50,8,0.1,1.0,1.0,1.0,256,hist,,40,4.0,gaussian,random,proportional_blocks,4,20.0,100.0,0.2,42,20,1000,100,[],21440,5360,77,"[""BENIGN"", ""Bot"", ""BruteForce"", ""DoS"", ""Infiltration"", ""PortScan"", ""WebAttack""]","[7862, 1152, 780, 23, 2259, 2403, 20, 169, 964, 5808]",6.765744613000152,0.00878628899999967,4.859388607000028,0.1843406740026694,0.8932714170011877,0.30068976000052317,0.4052596620001623,0.10066814899983001,1,1,2,50,111600,31645440,31757040,17667660,7810767,25478427,1080,52,57235467,20.0,100.0,2.5805632,3.03827416,5.61883736,0.9509328358208955,0.8088326427089846,0.949776467980217,0.9178001423825154,0.7729815932348651,0.02853223593964335,,,,,1.4257865671682869e-06,0.00021103549988765735,1000.0,826764.0,350.0,50.0,17528.0,40.0,4.0,gaussian,random,proportional_blocks,"[18, 2, 1, 0, 5, 5, 0, 0, 2, 17]",3.0,27.846714344941958,0.9585814834867352,0.8899755501222494,0.75,0.9572192513368984,1.0,0.8978102189781022,0.9710144927536232,0.9714677640603566,0.926208651399491,0.15789473684210525,0.8817733990147784,0.5714285714285714,0.9800796812749004,0.9220183486238532,,,,,,,,
CICIDS2017__multiclass__SimFL__dirichlet_a0.1__M10__seed2,SimFL,CICIDS2017,multiclass,dirichlet,0.1,10,2,50,8,0.1,1.0,1.0,1.0,256,hist,,40,4.0,gaussian,random,proportional_blocks,4,20.0,100.0,0.2,42,20,1000,100,[],21440,5360,77,"[""BENIGN"", ""Bot"", ""BruteForce"", ""DoS"", ""Infiltration"", ""PortScan"", ""WebAttack""]","[52, 722, 160, 1991, 573, 827, 3837, 83, 403, 12792]",5.839803797000059,0.009109923999858438,3.959111306000068,0.18063473100392002,0.9240704770008961,0.2620476520016837,0.3909109680007532,0.10179912000012337,1,1,2,50,111600,31645440,31757040,11713792,7598421,19312213,1080,52,51069253,20.0,100.0,2.5805632,2.54497704,5.125540239999999,0.9363805970149254,0.7053698857668794,0.9316909836750028,0.7652876061769333,0.6741386193968192,0.02194787379972565,,,,,1.9823576492195677e-06,0.00022107150005012954,1000.0,803170.0,350.0,50.0,16834.0,40.0,4.0,gaussian,random,proportional_blocks,"[0, 1, 0, 4, 1, 1, 8, 0, 0, 35]",2.0,26.755425995024876,0.9325137326706775,0.8586956521739131,0.0,0.9476439790575916,0.6666666666666666,0.9538461538461539,0.9976470588235294,0.9780521262002744,0.6030534351145038,0.0,0.8916256157635468,0.2857142857142857,0.9880478087649402,0.9724770642201835,,,,,,,,
CICIDS2017__multiclass__SimFL__dirichlet_a0.1__M10__seed3,SimFL,CICIDS2017,multiclass,dirichlet,0.1,10,3,50,8,0.1,1.0,1.0,1.0,256,hist,,40,4.0,gaussian,random,proportional_blocks,4,20.0,100.0,0.2,42,20,1000,100,[],21440,5360,77,"[""BENIGN"", ""Bot"", ""BruteForce"", ""DoS"", ""Infiltration"", ""PortScan"", ""WebAttack""]","[68, 117, 4850, 46, 1513, 7697, 889, 5705, 168, 387]",7.0982261890001155,0.008754746000022351,5.036889059000032,0.19827729900043778,0.955731851000337,0.33176199799981987,0.4324293670008501,0.11923898200006988,1,1,2,50,111600,31645440,31757040,17598228,8389323,25987551,1080,52,57744591,20.0,100.0,2.5805632,3.07900408,5.659567279999999,0.9563432835820895,0.7094554035821984,0.9545231596889585,0.8168093566500302,0.6943021260624332,0.026886145404663924,,,,,1.629292164189697e-06,0.00023885099994913617,1000.0,891048.0,350.0,50.0,19418.0,40.0,4.0,gaussian,random,proportional_blocks,"[0, 0, 11, 0, 3, 17, 2, 13, 0, 4]",3.0,27.20074108623549,0.9633351439435089,0.8553299492385786,0.0,0.9633943427620633,1.0,0.9356060606060606,1.0,0.9731138545953361,0.8575063613231552,0.0,0.9507389162561576,0.14285714285714285,0.9840637450199203,0.9518348623853211,,,,,,,,
CICIDS2017__multiclass__SimFL__dirichlet_a0.1__M10__seed4,SimFL,CICIDS2017,multiclass,dirichlet,0.1,10,4,50,8,0.1,1.0,1.0,1.0,256,hist,,40,4.0,gaussian,random,proportional_blocks,4,20.0,100.0,0.2,42,20,1000,100,[],21440,5360,77,"[""BENIGN"", ""Bot"", ""BruteForce"", ""DoS"", ""Infiltration"", ""PortScan"", ""WebAttack""]","[8228, 2236, 732, 1461, 189, 3091, 2831, 556, 1382, 734]",6.87639007000007,0.03195179299996198,4.928589826000007,0.19323375799899623,0.8884688160001133,0.3233105380027155,0.4182831430030092,0.07873003600002448,1,1,2,50,111600,31645440,31757040,18779336,6388623,25167959,1080,52,56924999,20.0,100.0,2.5805632,3.01343672,5.59399992,0.9680970149253731,0.7881655897967895,0.9673818682102864,0.828322645273633,0.7648690607724734,0.018930041152263374,,,,,1.397816231347019e-06,0.00021190599989040493,1000.0,668748.0,350.0,50.0,12882.0,40.0,4.0,gaussian,random,proportional_blocks,"[19, 5, 1, 3, 0, 7, 6, 1, 3, 5]",1.0,30.9132048092869,0.9730612244897959,0.8702830188679245,1.0,0.9933110367892977,0.0,0.9839357429718876,0.9776674937965261,0.9810699588477366,0.9389312977099237,0.5789473684210527,0.9753694581280788,0.0,0.9760956175298805,0.9036697247706422,,,,,,,,
CICIDS2017__multiclass__SimFL__dirichlet_a0.1__M2__seed0,SimFL,CICIDS2017,multiclass,dirichlet,0.1,2,0,50,8,0.1,1.0,1.0,1.0,256,hist,,40,4.0,gaussian,random,proportional_blocks,4,20.0,100.0,0.2,42,20,1000,100,[],21440,5360,77,"[""BENIGN"", ""Bot"", ""BruteForce"", ""DoS"", ""Infiltration"", ""PortScan"", ""WebAttack""]","[17749, 3691]",3.086250509000024,0.007328231999963464,1.5091116219999776,0.1770374860005859,1.0237831370003505,0.10733530299910399,0.15997193500004414,0.0967686029999868,1,1,2,50,2480,3516160,3518640,4931100,733618,5664718,104,52,9183358,20.0,100.0,0.3214912,1.45317744,1.7746686399999998,0.9884328358208955,0.8100348820135347,0.9867754691739332,0.8507959189426276,0.7860225755671628,0.0027434842249657062,,,,,1.4654199626870106e-06,0.0001984470000593319,1000.0,692519.0,350.0,50.0,13580.0,40.0,4.0,gaussian,random,proportional_blocks,"[41, 9]",0.0,30.053731343283584,0.9872351982618143,0.9948586118251928,0.0,0.9900662251655629,1.0,0.9880952380952381,0.9953161592505855,0.9972565157750343,0.9847328244274809,0.0,0.9819376026272578,0.5714285714285714,0.9920318725099602,0.9747706422018348,,,,,,,,
CICIDS2017__multiclass__SimFL__dirichlet_a0.1__M2__seed1,SimFL,CICIDS2017,multiclass,dirichlet,0.1,2,1,50,8,0.1,1.0,1.0,1.0,256,hist,,40,4.0,gaussian,random,proportional_blocks,4,20.0,100.0,0.2,42,20,1000,100,[],21440,5360,77,"[""BENIGN"", ""Bot"", ""BruteForce"", ""DoS"", ""Infiltration"", ""PortScan"", ""WebAttack""]","[14764, 6676]",3.0726284889999533,0.0076343650000580965,1.681402392000109,0.1650991509989126,0.8654796029998124,0.1118154189989582,0.14770707399952698,0.08889803400006713,1,1,2,50,2480,3516160,3518640,5483520,793428,6276948,104,52,9795588,20.0,100.0,0.3214912,1.50215584,1.82364704,0.975,0.9519892432784303,0.9748712223677047,0.9789438569736948,0.9289892144004993,0.012894375857338821,,,,,1.3866723880700016e-06,0.00019312099993840093,1000.0,752329.0,350.0,50.0,15340.0,40.0,4.0,gaussian,random,proportional_blocks,"[34, 16]",0.0,36.35214552238806,0.9774517794077696,0.9308641975308642,1.0,0.9882154882154882,1.0,0.9880952380952381,0.9679802955665024,0.9871056241426612,0.9592875318066157,0.8421052631578947,0.9638752052545156,0.8571428571428571,0.9920318725099602,0.9013761467889908,,,,,,,,
CICIDS2017__multiclass__SimFL__dirichlet_a0.1__M2__seed2,SimFL,CICIDS2017,multiclass,dirichlet,0.1,2,2,50,8,0.1,1.0,1.0,1.0,256,hist,,40,4.0,gaussian,random,proportional_blocks,4,20.0,100.0,0.2,42,20,1000,100,[],21440,5360,77,"[""BENIGN"", ""Bot"", ""BruteForce"", ""DoS"", ""Infiltration"", ""PortScan"", ""WebAttack""]","[16693, 4747]",2.942324860000099,0.007649254999932964,1.5406450779998977,0.16828368099936597,0.8844160549999742,0.10876055299786458,0.14909071599868184,0.07874699299986787,1,1,2,50,2480,3516160,3518640,7083960,702861,7786821,104,52,11305461,20.0,100.0,0.3214912,1.62294568,1.94443688,0.9860074626865671,0.9348370986656532,0.9859510188666004,0.9857990347923868,0.9025675117705472,0.008779149519890261,,,,,1.6738380597006206e-06,0.00022667899997941277,1000.0,661762.0,350.0,50.0,12676.0,40.0,4.0,gaussian,random,proportional_blocks,"[38, 12]",0.0,36.649253731343286,0.9893209200438116,0.9354838709677419,1.0,0.9900662251655629,1.0,0.9880478087649402,0.9976744186046511,0.9912208504801098,0.9592875318066157,0.8421052631578947,0.9819376026272578,0.5714285714285714,0.9880478087649402,0.9839449541284404,,,,,,,,
CICIDS2017__multiclass__SimFL__dirichlet_a0.1__M2__seed3,SimFL,CICIDS2017,multiclass,dirichlet,0.1,2,3,50,8,0.1,1.0,1.0,1.0,256,hist,,40,4.0,gaussian,random,proportional_blocks,4,20.0,100.0,0.2,42,20,1000,100,[],21440,5360,77,"[""BENIGN"", ""Bot"", ""BruteForce"", ""DoS"", ""Infiltration"", ""PortScan"", ""WebAttack""]","[5340, 16100]",3.159332433999907,0.008220498000127918,1.6310898760000327,0.17855387699910352,0.9759492099988165,0.11379172199849563,0.15953834599895345,0.08742351899991263,1,1,2,50,2480,3516160,3518640,4004640,780111,4784751,104,52,8303391,20.0,100.0,0.3214912,1.38278008,1.70427128,0.9692164179104478,0.914062101080909,0.9690258435955241,0.9744591056104873,0.886847268849177,0.01783264746227709,,,,,1.4484910447710934e-06,0.00019447300007868762,1000.0,739012.0,350.0,50.0,14948.0,40.0,4.0,gaussian,random,proportional_blocks,"[12, 38]",0.0,27.536986940298508,0.9733550842849374,0.912621359223301,1.0,0.9643463497453311,1.0,0.9880478087649402,0.9828431372549019,0.9821673525377229,0.9567430025445293,1.0,0.9326765188834154,0.42857142857142855,0.9880478087649402,0.9197247706422018,,,,,,,,
CICIDS2017__multiclass__SimFL__dirichlet_a0.1__M2__seed4,SimFL,CICIDS2017,multiclass,dirichlet,0.1,2,4,50,8,0.1,1.0,1.0,1.0,256,hist,,40,4.0,gaussian,random,proportional_blocks,4,20.0,100.0,0.2,42,20,1000,100,[],21440,5360,77,"[""BENIGN"", ""Bot"", ""BruteForce"", ""DoS"", ""Infiltration"", ""PortScan"", ""WebAttack""]","[14180, 7260]",3.595107268999982,0.00772091800013186,2.061343036999915,0.17755921800039687,0.9552218860012545,0.1367286379993402,0.16241830600142748,0.08917990899999495,1,1,2,50,2480,3516160,3518640,10650540,781027,11431567,104,52,14950207,20.0,100.0,0.3214912,1.9145253599999998,2.23601656,0.9901119402985075,0.9350906175124607,0.989923118556321,0.9927510289487176,0.8961804646659987,0.0032921810699588477,,,,,1.620437313422643e-06,0.0002139964999514632,1000.0,739928.0,350.0,50.0,14974.0,40.0,4.0,gaussian,random,proportional_blocks,"[33, 17]",0.0,36.660960820895525,0.9899182561307902,0.989821882951654,1.0,0.9900332225913622,1.0,0.9841897233201581,0.9952941176470588,0.9967078189300411,0.989821882951654,0.631578947368421,0.9786535303776683,0.7142857142857143,0.9920318725099602,0.9701834862385321,,,,,,,,
CICIDS2017__multiclass__SimFL__dirichlet_a0.1__M5__seed0,SimFL,CICIDS2017,multiclass,dirichlet,0.1,5,0,50,8,0.1,1.0,1.0,1.0,256,hist,,40,4.0,gaussian,random,proportional_blocks,4,20.0,100.0,0.2,42,20,1000,100,[],21440,5360,77,"[""BENIGN"", ""Bot"", ""BruteForce"", ""DoS"", ""Infiltration"", ""PortScan"", ""WebAttack""]","[16000, 58, 1421, 2509, 1452]",3.4495748780000213,0.008036486000037257,1.8402284090000194,0.17324728100106768,0.9343516799999634,0.15888287199913975,0.2483384610009125,0.0790108369999416,1,1,2,50,24800,14064640,14089440,4861680,2935216,7796896,440,52,21886336,20.0,100.0,1.1671552,1.62375168,2.79090688,0.9682835820895522,0.8208556575078619,0.9673013429564649,0.8990696754771548,0.7857895135655607,0.01673525377229081,,,,,1.387914365676664e-06,0.00019117800002277363,1000.0,692705.0,350.0,50.0,13586.0,40.0,4.0,gaussian,random,proportional_blocks,"[37, 0, 3, 5, 5]",0.0,28.98468983208955,0.9712737127371274,0.9923273657289002,0.5,0.97,1.0,0.875,0.9848866498740554,0.9832647462277092,0.9872773536895675,0.15789473684210525,0.9556650246305419,0.5714285714285714,0.9482071713147411,0.8967889908256881,,,,,,,,
CICIDS2017__multiclass__SimFL__dirichlet_a0.1__M5__seed1,SimFL,CICIDS2017,multiclass,dirichlet,0.1,5,1,50,8,0.1,1.0,1.0,1.0,256,hist,,40,4.0,gaussian,random,proportional_blocks,4,20.0,100.0,0.2,42,20,1000,100,[],21440,5360,77,"[""BENIGN"", ""Bot"", ""BruteForce"", ""DoS"", ""Infiltration"", ""PortScan"", ""WebAttack""]","[2057, 12806, 1633, 2465, 2479]",4.07979495099994,0.007878831000198261,2.579082592000077,0.17025102400020842,0.8011387520000426,0.18980435499838677,0.2371986990010555,0.08677613200006817,1,1,2,50,24800,14064640,14089440,11820960,3070808,14891768,440,52,28981208,20.0,100.0,1.1671552,2.19134144,3.3584966400000003,0.9617537313432836,0.8472222802498608,0.9609376246784883,0.9710145453896166,0.7903897630231856,0.01673525377229081,,,,,1.423445708983716e-06,0.00020832550012528372,1000.0,726603.0,350.0,50.0,14582.0,40.0,4.0,gaussian,random,proportional_blocks,"[4, 29, 3, 5, 9]",0.0,32.365776585820896,0.9621476510067114,0.8968253968253969,1.0,0.9898819561551433,1.0,0.9880478087649402,0.9601990049751243,0.9832647462277092,0.8625954198473282,0.42105263157894735,0.9638752052545156,0.42857142857142855,0.9880478087649402,0.8853211009174312,,,,,,,,
CICIDS2017__multiclass__SimFL__dirichlet_a0.1__M5__seed2,SimFL,CICIDS2017,multiclass,dirichlet,0.1,5,2,50,8,0.1,1.0,1.0,1.0,256,hist,,40,4.0,gaussian,random,proportional_blocks,4,20.0,100.0,0.2,42,20,1000,100,[],21440,5360,77,"[""BENIGN"", ""Bot"", ""BruteForce"", ""DoS"", ""Infiltration"", ""PortScan"", ""WebAttack""]","[1709, 1251, 354, 15260, 2866]",3.5721849100000327,0.00889298900005997,2.017371862000118,0.1757652510002572,0.8599784169994109,0.17694466399757403,0.2430335659996672,0.08273299100005715,1,1,2,50,24800,14064640,14089440,9412020,2978216,12390236,440,52,26479676,20.0,100.0,1.1671552,1.99121888,3.1583740799999998,0.9417910447761194,0.833418014928579,0.9393192844822524,0.8918149766868243,0.8015217359836494,0.030727023319615913,,,,,1.4371199627157015e-06,0.0001993324999602919,1000.0,703455.0,350.0,50.0,13902.0,40.0,4.0,gaussian,random,proportional_blocks,"[3, 2, 0, 35, 10]",0.0,29.42587453358209,0.9471849865951742,0.7284345047923323,1.0,0.9933554817275747,0.6666666666666666,0.9070631970260223,1.0,0.969272976680384,0.5801526717557252,0.8421052631578947,0.9819376026272578,0.2857142857142857,0.9721115537848606,0.9793577981651376,,,,,,,,
CICIDS2017__multiclass__SimFL__dirichlet_a0.1__M5__seed3,SimFL,CICIDS2017,multiclass,dirichlet,0.1,5,3,50,8,0.1,1.0,1.0,1.0,256,hist,,40,4.0,gaussian,random,proportional_blocks,4,20.0,100.0,0.2,42,20,1000,100,[],21440,5360,77,"[""BENIGN"", ""Bot"", ""BruteForce"", ""DoS"", ""Infiltration"", ""PortScan"", ""WebAttack""]","[149, 2835, 12835, 1525, 4096]",4.6487537129999055,0.008247558999983085,2.9497268999998596,0.17641694200074198,0.9604380249993483,0.18982942999991792,0.24656558300011966,0.1096240869999292,1,1,2,50,24800,14064640,14089440,8221860,3759276,11981136,440,52,26070576,20.0,100.0,1.1671552,1.95849088,3.12564608,0.9498134328358209,0.8770741539500394,0.9495070882791778,0.9521926482413919,0.8304185154367396,0.028257887517146776,,,,,1.508579291040989e-06,0.00022435200003201317,1000.0,898720.0,350.0,50.0,19644.0,40.0,4.0,gaussian,random,proportional_blocks,"[0, 6, 29, 3, 12]",2.0,28.08488805970149,0.9554896142433235,0.8688118811881188,1.0,0.9727891156462585,1.0,0.8857142857142857,0.9825436408977556,0.9717421124828532,0.8931297709923665,0.5263157894736842,0.9392446633825944,0.7142857142857143,0.8645418326693227,0.9036697247706422,,,,,,,,
CICIDS2017__multiclass__SimFL__dirichlet_a0.1__M5__seed4,SimFL,CICIDS2017,multiclass,dirichlet,0.1,5,4,50,8,0.1,1.0,1.0,1.0,256,hist,,40,4.0,gaussian,random,proportional_blocks,4,20.0,100.0,0.2,42,20,1000,100,[],21440,5360,77,"[""BENIGN"", ""Bot"", ""BruteForce"", ""DoS"", ""Infiltration"", ""PortScan"", ""WebAttack""]","[11066, 4386, 1485, 2807, 1696]",4.864644888999919,0.009411207000084687,3.31682006799997,0.1819850560013947,0.7916690499998822,0.21093854300124804,0.25613823999833585,0.08910620500000732,1,1,2,50,24800,14064640,14089440,12276900,3019504,15296404,440,52,29385844,20.0,100.0,1.1671552,2.2237123199999997,3.3908675199999996,0.9557835820895523,0.7597705764518009,0.9544580859438102,0.822877070174065,0.7312820124859012,0.023868312757201648,,,,,1.5953272387927861e-06,0.00023217350008053472,1000.0,713777.0,350.0,50.0,14206.0,40.0,4.0,gaussian,random,proportional_blocks,"[25, 10, 3, 6, 6]",0.0,28.714109141791045,0.9600647598488937,0.8522727272727273,0.0,0.9912280701754386,1.0,0.9795918367346939,0.9769820971867008,0.9761316872427983,0.9541984732824428,0.0,0.9277504105090312,0.42857142857142855,0.9561752988047809,0.8761467889908257,,,,,,,,
CICIDS2017__multiclass__SimFL__dirichlet_a0.5__M10__seed0,SimFL,CICIDS2017,multiclass,dirichlet,0.5,10,0,50,8,0.1,1.0,1.0,1.0,256,hist,,40,4.0,gaussian,random,proportional_blocks,4,20.0,100.0,0.2,42,20,1000,100,[],21440,5360,77,"[""BENIGN"", ""Bot"", ""BruteForce"", ""DoS"", ""Infiltration"", ""PortScan"", ""WebAttack""]","[2408, 701, 825, 503, 1060, 2217, 3247, 1549, 3885, 5045]",8.092991030999997,0.010357934000012392,6.371684243999994,0.18092747700052314,0.7092663949998723,0.32457242200109704,0.40450505499973133,0.07863989600002697,1,1,2,50,111600,31645440,31757040,27727588,6369309,34096897,1080,52,65853937,20.0,100.0,2.5805632,3.72775176,6.30831496,0.9733208955223881,0.8767604483418786,0.9729240290126422,0.9698869068987401,0.8347537673686904,0.018655692729766804,,,,,1.4864796641934018e-06,0.0001986944999998741,1000.0,666602.0,350.0,50.0,12818.0,40.0,4.0,gaussian,random,proportional_blocks,"[5, 1, 1, 1, 2, 5, 7, 3, 9, 16]",0.0,35.75632773631841,0.9802685667306111,0.9433497536945813,1.0,0.9700499168053245,1.0,0.9051094890510949,0.9904306220095693,0.9813443072702333,0.9745547073791349,0.42105263157894735,0.9573070607553367,0.5714285714285714,0.9880478087649402,0.9495412844036697,,,,,,,,
CICIDS2017__multiclass__SimFL__dirichlet_a0.5__M10__seed1,SimFL,CICIDS2017,multiclass,dirichlet,0.5,10,1,50,8,0.1,1.0,1.0,1.0,256,hist,,40,4.0,gaussian,random,proportional_blocks,4,20.0,100.0,0.2,42,20,1000,100,[],21440,5360,77,"[""BENIGN"", ""Bot"", ""BruteForce"", ""DoS"", ""Infiltration"", ""PortScan"", ""WebAttack""]","[6277, 1474, 742, 477, 2298, 2348, 503, 434, 1997, 4890]",7.252056601000049,0.00897455000017544,5.422994951999954,0.18239385600350033,0.824512814001082,0.3093588650003767,0.4004322949979269,0.09007440999994287,1,1,2,50,111600,31645440,31757040,23503932,7273395,30777327,1080,52,62534367,20.0,100.0,2.5805632,3.46218616,6.04274936,0.9695895522388059,0.803137884616645,0.9687641409971142,0.9583712587248048,0.7638582352155415,0.015912208504801097,,,,,1.4489160447731172e-06,0.00021074450000924116,1000.0,767056.0,350.0,50.0,15772.0,40.0,4.0,gaussian,random,proportional_blocks,"[14, 3, 1, 1, 5, 5, 1, 1, 4, 15]",0.0,33.42268345771144,0.9723502304147466,0.952020202020202,0.8888888888888888,0.9614093959731543,1.0,0.9411764705882353,0.9927536231884058,0.9840877914951989,0.9592875318066157,0.42105263157894735,0.9408866995073891,0.14285714285714285,0.9561752988047809,0.9426605504587156,,,,,,,,
CICIDS2017__multiclass__SimFL__dirichlet_a0.5__M10__seed2,SimFL,CICIDS2017,multiclass,dirichlet,0.5,10,2,50,8,0.1,1.0,1.0,1.0,256,hist,,40,4.0,gaussian,random,proportional_blocks,4,20.0,100.0,0.2,42,20,1000,100,[],21440,5360,77,"[""BENIGN"", ""Bot"", ""BruteForce"", ""DoS"", ""Infiltration"", ""PortScan"", ""WebAttack""]","[241, 724, 1002, 3193, 2588, 1214, 2029, 7582, 787, 2080]",7.0035102849999475,0.009721103999936531,5.2325865420000355,0.18343105399799242,0.765724276001265,0.31130523100000573,0.4034831449991998,0.08357897599989883,1,1,2,50,111600,31645440,31757040,23686920,6862122,30549042,1080,52,62306082,20.0,100.0,2.5805632,3.44392336,6.02448656,0.9746268656716418,0.8879707814853386,0.9742675598465519,0.9824130733864109,0.8383915398521967,0.010973936899862825,,,,,1.4660736940101484e-06,0.00020574000006945425,1000.0,721359.0,350.0,50.0,14428.0,40.0,4.0,gaussian,random,proportional_blocks,"[0, 1, 2, 7, 6, 2, 4, 17, 1, 10]",1.0,34.38172160033167,0.9748512709572742,0.9493670886075949,1.0,0.9694915254237289,1.0,0.9880478087649402,0.9951338199513382,0.9890260631001372,0.9541984732824428,0.631578947368421,0.9392446633825944,0.42857142857142855,0.9880478087649402,0.9380733944954128,,,,,,,,
CICIDS2017__multiclass__SimFL__dirichlet_a0.5__M10__seed3,SimFL,CICIDS2017,multiclass,dirichlet,0.5,10,3,50,8,0.1,1.0,1.0,1.0,256,hist,,40,4.0,gaussian,random,proportional_blocks,4,20.0,100.0,0.2,42,20,1000,100,[],21440,5360,77,"[""BENIGN"", ""Bot"", ""BruteForce"", ""DoS"", ""Infiltration"", ""PortScan"", ""WebAttack""]","[901, 1424, 3290, 2442, 480, 2162, 6685, 740, 2733, 583]",7.5887628610000775,0.009200744000054328,5.811824123999941,0.18714777600030175,0.7464821409994329,0.31614440900125373,0.4051435710014175,0.09963687999993454,1,1,2,50,111600,31645440,31757040,22090540,6849153,28939693,1080,52,60696733,20.0,100.0,2.5805632,3.31517544,5.895738639999999,0.9626865671641791,0.8812998799179645,0.9622071528061837,0.9666034573957109,0.835035666864598,0.019478737997256516,,,,,5.702338992522079e-06,0.00020075150007414777,1000.0,719918.0,350.0,50.0,14386.0,40.0,4.0,gaussian,random,proportional_blocks,"[2, 3, 7, 5, 1, 5, 15, 1, 6, 5]",0.0,33.555151326699836,0.9656849500135098,0.9404466501240695,1.0,0.9659498207885304,1.0,0.9014598540145985,0.9926829268292683,0.9805212620027435,0.9643765903307888,0.5263157894736842,0.8850574712643678,0.5714285714285714,0.9840637450199203,0.9334862385321101,,,,,,,,
CICIDS2017__multiclass__SimFL__dirichlet_a0.5__M10__seed4,SimFL,CICIDS2017,multiclass,dirichlet,0.5,10,4,50,8,0.1,1.0,1.0,1.0,256,hist,,40,4.0,gaussian,random,proportional_blocks,4,20.0,100.0,0.2,42,20,1000,100,[],21440,5360,77,"[""BENIGN"", ""Bot"", ""BruteForce"", ""DoS"", ""Infiltration"", ""PortScan"", ""WebAttack""]","[4748, 2553, 1256, 828, 1172, 2992, 3436, 1111, 986, 2358]",7.437912860999859,0.009356751000041186,5.755415549999952,0.18489248600212704,0.669771789999686,0.3249723250060015,0.4051495109986263,0.07467476500005432,1,1,2,50,111600,31645440,31757040,26295600,6314139,32609739,1080,52,64366779,20.0,100.0,2.5805632,3.60877912,6.18934232,0.9695895522388059,0.7830178801771456,0.9682977729002885,0.9798377974398892,0.7402571592819888,0.011796982167352537,,,,,1.3873251865883937e-06,0.00020335099998192163,1000.0,660472.0,350.0,50.0,12638.0,40.0,4.0,gaussian,random,proportional_blocks,"[11, 5, 2, 1, 2, 6, 8, 2, 2, 11]",0.0,35.695631218905476,0.9688004303388918,0.9338235294117647,1.0,0.9793103448275862,1.0,0.9919678714859438,0.9849624060150376,0.9882030178326474,0.9694656488549618,0.2631578947368421,0.9326765188834154,0.14285714285714285,0.9840637450199203,0.9013761467889908,,,,,,,,
CICIDS2017__multiclass__SimFL__dirichlet_a0.5__M2__seed0,SimFL,CICIDS2017,multiclass,dirichlet,0.5,2,0,50,8,0.1,1.0,1.0,1.0,256,hist,,40,4.0,gaussian,random,proportional_blocks,4,20.0,100.0,0.2,42,20,1000,100,[],21440,5360,77,"[""BENIGN"", ""Bot"", ""BruteForce"", ""DoS"", ""Infiltration"", ""PortScan"", ""WebAttack""]","[16460, 4980]",3.2662965450000456,0.009128293000003396,1.7100797660000353,0.18425329500007592,0.9795333709998886,0.12421427100036908,0.17009348099998078,0.08329821600000287,1,1,2,50,2480,3516160,3518640,8590080,731374,9321454,104,52,12840094,20.0,100.0,0.3214912,1.74571632,2.06720752,0.989365671641791,0.8601503359047148,0.9888828165795346,0.9191157512148387,0.8254337917954615,0.003017832647462277,,,,,1.529285074625545e-06,0.000198882499944375,1000.0,690275.0,350.0,50.0,13514.0,40.0,4.0,gaussian,random,proportional_blocks,"[38, 12]",0.0,36.7740671641791,0.9891126837234622,0.9923273657289002,0.7272727272727273,0.9917081260364843,0.75,0.9880952380952381,0.9952941176470588,0.9969821673525378,0.9872773536895675,0.42105263157894735,0.9819376026272578,0.42857142857142855,0.9920318725099602,0.9701834862385321,,,,,,,,
CICIDS2017__multiclass__SimFL__dirichlet_a0.5__M2__seed1,SimFL,CICIDS2017,multiclass,dirichlet,0.5,2,1,50,8,0.1,1.0,1.0,1.0,256,hist,,40,4.0,gaussian,random,proportional_blocks,4,20.0,100.0,0.2,42,20,1000,100,[],21440,5360,77,"[""BENIGN"", ""Bot"", ""BruteForce"", ""DoS"", ""Infiltration"", ""PortScan"", ""WebAttack""]","[13625, 7815]",3.326037115999952,0.007136478000120405,1.918283916000064,0.1706878500010589,0.8455592449995493,0.13217430099984995,0.15285717199958526,0.09446315900004265,1,1,2,50,2480,3516160,3518640,11517780,704822,12222602,104,52,15741242,20.0,100.0,0.3214912,1.97780816,2.29929936,0.9929104477611941,0.9699174572599292,0.9928800267879597,0.9935237951787993,0.9498298865664284,0.003840877914951989,,,,,1.3904613805821168e-06,0.00018793850006204593,1000.0,663723.0,350.0,50.0,12734.0,40.0,4.0,gaussian,random,proportional_blocks,"[31, 19]",0.0,37.73740671641791,0.9939775526964139,0.9847715736040609,1.0,0.9901477832512315,1.0,0.9880952380952381,0.9976744186046511,0.996159122085048,0.9872773536895675,0.8421052631578947,0.9901477832512315,0.8571428571428571,0.9920318725099602,0.9839449541284404,,,,,,,,
CICIDS2017__multiclass__SimFL__dirichlet_a0.5__M2__seed2,SimFL,CICIDS2017,multiclass,dirichlet,0.5,2,2,50,8,0.1,1.0,1.0,1.0,256,hist,,40,4.0,gaussian,random,proportional_blocks,4,20.0,100.0,0.2,42,20,1000,100,[],21440,5360,77,"[""BENIGN"", ""Bot"", ""BruteForce"", ""DoS"", ""Infiltration"", ""PortScan"", ""WebAttack""]","[6960, 14480]",3.5614522210000814,0.00752018200000748,2.07331638200003,0.17349224499957927,0.9289426229997844,0.14265020299785647,0.15422229499972673,0.07630793399994218,1,1,2,50,2480,3516160,3518640,14284320,691224,14975544,104,52,18494184,20.0,100.0,0.3214912,2.1980435199999997,2.51953472,0.9916044776119403,0.9433949542962647,0.9913898442371426,0.994402496160152,0.9100431083066098,0.0019204389574759945,,,,,1.312832649272993e-06,0.00021344599997519254,1000.0,650125.0,350.0,50.0,12334.0,40.0,4.0,gaussian,random,proportional_blocks,"[16, 34]",0.0,37.83535447761194,0.9907407407407407,0.9923664122137404,1.0,0.9966555183946488,1.0,0.9880478087649402,0.993006993006993,0.998079561042524,0.9923664122137404,0.5789473684210527,0.9786535303776683,0.8571428571428571,0.9880478087649402,0.9770642201834863,,,,,,,,
CICIDS2017__multiclass__SimFL__dirichlet_a0.5__M2__seed3,SimFL,CICIDS2017,multiclass,dirichlet,0.5,2,3,50,8,0.1,1.0,1.0,1.0,256,hist,,40,4.0,gaussian,random,proportional_blocks,4,20.0,100.0,0.2,42,20,1000,100,[],21440,5360,77,"[""BENIGN"", ""Bot"", ""BruteForce"", ""DoS"", ""Infiltration"", ""PortScan"", ""WebAttack""]","[4139, 17301]",2.9670995100000255,0.007322102999978597,1.502860038000108,0.17432373099927645,0.9235305460001655,0.11192292499958967,0.16026075200079504,0.08218407899994418,1,1,2,50,2480,3516160,3518640,7307640,712227,8019867,104,52,11538507,20.0,100.0,0.3214912,1.64158936,1.9630805599999999,0.9936567164179104,0.9700908023486667,0.9936164241145171,0.9956494014053883,0.9513825142610096,0.0021947873799725653,,,,,1.3476067164304626e-06,0.0002222540000502704,1000.0,671128.0,350.0,50.0,12952.0,40.0,4.0,gaussian,random,proportional_blocks,"[9, 41]",0.0,36.05592350746269,0.9931731294374658,0.9949109414758269,1.0,0.9933665008291874,1.0,0.9880952380952381,1.0,0.9978052126200274,0.9949109414758269,1.0,0.9835796387520526,0.7142857142857143,0.9920318725099602,0.9770642201834863,,,,,,,,
CICIDS2017__multiclass__SimFL__dirichlet_a0.5__M2__seed4,SimFL,CICIDS2017,multiclass,dirichlet,0.5,2,4,50,8,0.1,1.0,1.0,1.0,256,hist,,40,4.0,gaussian,random,proportional_blocks,4,20.0,100.0,0.2,42,20,1000,100,[],21440,5360,77,"[""BENIGN"", ""Bot"", ""BruteForce"", ""DoS"", ""Infiltration"", ""PortScan"", ""WebAttack""]","[14326, 7114]",3.8727849790000164,0.00786555399986355,2.5023581600000853,0.16464040800087787,0.8270971690008082,0.13261268900009782,0.14691176799942696,0.08660662000011143,1,1,2,50,2480,3516160,3518640,13625580,709187,14334767,104,52,17853407,20.0,100.0,0.3214912,2.1467813600000003,2.4682725600000004,0.9902985074626866,0.9228400267504872,0.9900879055877146,0.9707372266241102,0.8889557792522643,0.0035665294924554186,,,,,1.5804908582255725e-06,0.00021975199990720284,1000.0,668088.0,350.0,50.0,12862.0,40.0,4.0,gaussian,random,proportional_blocks,"[33, 17]",0.0,37.32019589552239,0.9907255864702673,0.9847715736040609,0.8461538461538461,0.9917355371900827,1.0,0.9841269841269841,0.9976470588235294,0.9964334705075446,0.9872773536895675,0.5789473684210527,0.9852216748768473,0.7142857142857143,0.9880478087649402,0.9724770642201835,,,,,,,,
CICIDS2017__multiclass__SimFL__dirichlet_a0.5__M5__seed0,SimFL,CICIDS2017,multiclass,dirichlet,0.5,5,0,50,8,0.1,1.0,1.0,1.0,256,hist,,40,4.0,gaussian,random,proportional_blocks,4,20.0,100.0,0.2,42,20,1000,100,[],21440,5360,77,"[""BENIGN"", ""Bot"", ""BruteForce"", ""DoS"", ""Infiltration"", ""PortScan"", ""WebAttack""]","[10004, 2218, 1976, 3153, 4089]",5.46256844800007,0.00851296599989837,3.9328964689999566,0.17728414200075804,0.7886133750002955,0.22614034099979108,0.24721447000035823,0.0735055629999124,1,1,2,50,24800,14064640,14089440,21750960,2789124,24540084,440,52,38629524,20.0,100.0,1.1671552,2.96320672,4.13036192,0.9899253731343284,0.9421104809207638,0.9897064128525342,0.9943604352066007,0.9075441015455986,0.0024691358024691358,,,,,1.3658779850651857e-06,0.00019864950002101978,1000.0,656182.0,350.0,50.0,12512.0,40.0,4.0,gaussian,random,proportional_blocks,"[23, 5, 4, 7, 11]",0.0,36.79086986940298,0.9885807504078303,0.9923273657289002,1.0,0.99,1.0,0.9919678714859438,0.9976470588235294,0.9975308641975309,0.9872773536895675,0.5789473684210527,0.9753694581280788,0.8571428571428571,0.9840637450199203,0.9724770642201835,,,,,,,,
CICIDS2017__multiclass__SimFL__dirichlet_a0.5__M5__seed1,SimFL,CICIDS2017,multiclass,dirichlet,0.5,5,1,50,8,0.1,1.0,1.0,1.0,256,hist,,40,4.0,gaussian,random,proportional_blocks,4,20.0,100.0,0.2,42,20,1000,100,[],21440,5360,77,"[""BENIGN"", ""Bot"", ""BruteForce"", ""DoS"", ""Infiltration"", ""PortScan"", ""WebAttack""]","[11081, 2708, 1240, 2994, 3417]",4.848952953999969,0.008655433999820161,3.343303194999862,0.16810772499752602,0.7903568819999691,0.20314212799576126,0.2468659750018105,0.08055799600015234,1,1,2,50,24800,14064640,14089440,16469460,2999804,19469264,440,52,33558704,20.0,100.0,1.1671552,2.55754112,3.7246963199999996,0.9707089552238806,0.8255603306056389,0.9703435443199393,0.9480529826902853,0.80064996507575,0.02030178326474623,,,,,1.4121839552332737e-06,0.00019422150000991678,1000.0,708852.0,350.0,50.0,14060.0,40.0,4.0,gaussian,random,proportional_blocks,"[25, 6, 2, 6, 11]",0.0,33.46354944029851,0.9783561643835617,0.8857808857808858,0.8571428571428571,0.9861351819757366,1.0,0.9312977099236641,0.9976580796252927,0.9796982167352538,0.9669211195928753,0.631578947368421,0.9343185550082101,0.14285714285714285,0.9721115537848606,0.9770642201834863,,,,,,,,
CICIDS2017__multiclass__SimFL__dirichlet_a0.5__M5__seed2,SimFL,CICIDS2017,multiclass,dirichlet,0.5,5,2,50,8,0.1,1.0,1.0,1.0,256,hist,,40,4.0,gaussian,random,proportional_blocks,4,20.0,100.0,0.2,42,20,1000,100,[],21440,5360,77,"[""BENIGN"", ""Bot"", ""BruteForce"", ""DoS"", ""Infiltration"", ""PortScan"", ""WebAttack""]","[1006, 2284, 2456, 7190, 8504]",5.1313334750000195,0.01056073099994137,3.579594977999932,0.17384262800055694,0.8054519580011856,0.22675170400316347,0.24754187600046862,0.07964794999998048,1,1,2,50,24800,14064640,14089440,21651120,2918640,24569760,440,52,38659200,20.0,100.0,1.1671552,2.9655807999999997,4.1327359999999995,0.989365671641791,0.9448614025981165,0.9892531727687393,0.9929224537758506,0.9093777023335734,0.0035665294924554186,,,,,2.2391313433105885e-06,0.00020429499988949829,1000.0,688561.0,350.0,50.0,13464.0,40.0,4.0,gaussian,random,proportional_blocks,"[2, 5, 5, 16, 22]",0.0,36.390671641791045,0.9885683179096353,0.9821882951653944,1.0,0.991652754590985,1.0,0.9880478087649402,1.0,0.9964334705075446,0.9821882951653944,0.7368421052631579,0.9753694581280788,0.7142857142857143,0.9880478087649402,0.9724770642201835,,,,,,,,
CICIDS2017__multiclass__SimFL__dirichlet_a0.5__M5__seed3,SimFL,CICIDS2017,multiclass,dirichlet,0.5,5,3,50,8,0.1,1.0,1.0,1.0,256,hist,,40,4.0,gaussian,random,proportional_blocks,4,20.0,100.0,0.2,42,20,1000,100,[],21440,5360,77,"[""BENIGN"", ""Bot"", ""BruteForce"", ""DoS"", ""Infiltration"", ""PortScan"", ""WebAttack""]","[1434, 1411, 10016, 6215, 2364]",4.785403397999971,0.008316412000112905,3.2155442459998085,0.1812322180035153,0.8036750809999376,0.22441661899847531,0.25209938599891757,0.09190057199998591,1,1,2,50,24800,14064640,14089440,16534800,3019976,19554776,440,52,33644216,20.0,100.0,1.1671552,2.5643820799999997,3.7315372799999995,0.9791044776119403,0.8679243864662788,0.9779776313273978,0.9874032201200098,0.837737423998585,0.007956104252400549,,,,,1.3981016791013414e-06,0.00021622799999931885,1000.0,713895.0,350.0,50.0,14210.0,40.0,4.0,gaussian,random,proportional_blocks,"[3, 3, 23, 14, 7]",0.0,33.320778917910445,0.9783549783549783,0.9922077922077922,1.0,0.9652892561983472,1.0,0.9880478087649402,0.9879227053140096,0.9920438957475994,0.9720101781170484,0.15789473684210525,0.9589490968801314,0.8571428571428571,0.9880478087649402,0.9380733944954128,,,,,,,,
CICIDS2017__multiclass__SimFL__dirichlet_a0.5__M5__seed4,SimFL,CICIDS2017,multiclass,dirichlet,0.5,5,4,50,8,0.1,1.0,1.0,1.0,256,hist,,40,4.0,gaussian,random,proportional_blocks,4,20.0,100.0,0.2,42,20,1000,100,[],21440,5360,77,"[""BENIGN"", ""Bot"", ""BruteForce"", ""DoS"", ""Infiltration"", ""PortScan"", ""WebAttack""]","[9581, 6006, 1558, 3324, 971]",5.448193933000084,0.008184449000054883,3.9249767979999888,0.16944530700016003,0.7599961739997525,0.2151402949994008,0.23941764300184332,0.12300078600014785,1,1,2,50,24800,14064640,14089440,18384660,2883296,21267956,440,52,35357396,20.0,100.0,1.1671552,2.70143648,3.8685916799999998,0.9794776119402985,0.8658280018807513,0.9788291965349935,0.9854347356435493,0.8129449109434583,0.007681755829903978,,,,,1.5103337686787877e-06,0.00020134300007157435,1000.0,679725.0,350.0,50.0,13204.0,40.0,4.0,gaussian,random,proportional_blocks,"[22, 14, 3, 7, 4]",0.0,35.841068097014926,0.9788903924221921,0.9670050761421319,1.0,0.9866888519134775,1.0,0.9802371541501976,0.9852216748768473,0.9923182441700961,0.9694656488549618,0.42105263157894735,0.9737274220032841,0.42857142857142855,0.9880478087649402,0.9174311926605505,,,,,,,,
CICIDS2017__multiclass__SimFL__dirichlet_a1.0__M10__seed0,SimFL,CICIDS2017,multiclass,dirichlet,1.0,10,0,50,8,0.1,1.0,1.0,1.0,256,hist,,40,4.0,gaussian,random,proportional_blocks,4,20.0,100.0,0.2,42,20,1000,100,[],21440,5360,77,"[""BENIGN"", ""Bot"", ""BruteForce"", ""DoS"", ""Infiltration"", ""PortScan"", ""WebAttack""]","[966, 3453, 858, 4036, 2812, 373, 2197, 1741, 2851, 2153]",7.407723113000088,0.009036164000008284,5.675352733999944,0.18124769200051105,0.7267897020004739,0.3232929320023459,0.4010662460001413,0.07824695999988762,1,1,2,50,111600,31645440,31757040,29173020,6433443,35606463,1080,52,67363503,20.0,100.0,2.5805632,3.84851704,6.429080239999999,0.9794776119402985,0.8985345486492804,0.9789684544728745,0.9837184429043697,0.8541880745758486,0.008779149519890261,,,,,1.3953731342923417e-06,0.00020261100007701316,1000.0,673728.0,350.0,50.0,13028.0,40.0,4.0,gaussian,random,proportional_blocks,"[2, 8, 2, 9, 6, 0, 5, 4, 6, 8]",0.0,35.97016480099502,0.979929481963656,0.979328165374677,1.0,0.9801652892561984,1.0,0.9612403100775194,0.9853658536585366,0.9912208504801098,0.9643765903307888,0.42105263157894735,0.9737274220032841,0.7142857142857143,0.9880478087649402,0.926605504587156,,,,,,,,
CICIDS2017__multiclass__SimFL__dirichlet_a1.0__M10__seed1,SimFL,CICIDS2017,multiclass,dirichlet,1.0,10,1,50,8,0.1,1.0,1.0,1.0,256,hist,,40,4.0,gaussian,random,proportional_blocks,4,20.0,100.0,0.2,42,20,1000,100,[],21440,5360,77,"[""BENIGN"", ""Bot"", ""BruteForce"", ""DoS"", ""Infiltration"", ""PortScan"", ""WebAttack""]","[1578, 3459, 2080, 2216, 629, 1028, 1143, 1256, 6054, 1997]",7.433095530999935,0.009104812000032325,5.593188263000002,0.18572443300126906,0.7725908339991747,0.31499261700560055,0.40186550400221677,0.14249242699997922,1,1,2,50,111600,31645440,31757040,25787276,6844788,32632064,1080,52,64389104,20.0,100.0,2.5805632,3.61056512,6.19112832,0.9744402985074627,0.8983097639732334,0.9740959319671592,0.9786218403607266,0.8511610398565923,0.012345679012345678,,,,,3.1948201492485767e-06,0.00020543400000860856,1000.0,719433.0,350.0,50.0,14372.0,40.0,4.0,gaussian,random,proportional_blocks,"[3, 8, 4, 5, 1, 2, 2, 2, 14, 9]",0.0,35.436105928689884,0.975609756097561,0.9523809523809523,1.0,0.9847715736040609,1.0,0.9571984435797666,0.9803921568627451,0.9876543209876543,0.9669211195928753,0.5789473684210527,0.9556650246305419,0.5714285714285714,0.9800796812749004,0.9174311926605505,,,,,,,,
CICIDS2017__multiclass__SimFL__dirichlet_a1.0__M10__seed2,SimFL,CICIDS2017,multiclass,dirichlet,1.0,10,2,50,8,0.1,1.0,1.0,1.0,256,hist,,40,4.0,gaussian,random,proportional_blocks,4,20.0,100.0,0.2,42,20,1000,100,[],21440,5360,77,"[""BENIGN"", ""Bot"", ""BruteForce"", ""DoS"", ""Infiltration"", ""PortScan"", ""WebAttack""]","[1282, 1209, 2542, 434, 1650, 2849, 1965, 2133, 4248, 3128]",7.4226060019998386,0.010362389999954758,5.670317041999851,0.18265960500025358,0.7384155369991277,0.3266891439971005,0.40106792500159827,0.07995322700003271,1,1,2,50,111600,31645440,31757040,28680840,6494814,35175654,1080,52,66932694,20.0,100.0,2.5805632,3.81405232,6.39461552,0.9729477611940298,0.8352942466001502,0.9722910212796807,0.9782734919192981,0.7966864320827425,0.012071330589849109,,,,,1.4762852611854091e-06,0.00023132699993766437,1000.0,680547.0,350.0,50.0,13228.0,40.0,4.0,gaussian,random,proportional_blocks,"[2, 2, 5, 1, 3, 6, 4, 4, 9, 14]",0.0,35.918262852404645,0.9737696051919956,0.9432098765432099,1.0,0.9845094664371773,1.0,0.9612403100775194,0.9851851851851852,0.9879286694101509,0.9720101781170484,0.631578947368421,0.9392446633825944,0.14285714285714285,0.9880478087649402,0.9151376146788991,,,,,,,,
CICIDS2017__multiclass__SimFL__dirichlet_a1.0__M10__seed3,SimFL,CICIDS2017,multiclass,dirichlet,1.0,10,3,50,8,0.1,1.0,1.0,1.0,256,hist,,40,4.0,gaussian,random,proportional_blocks,4,20.0,100.0,0.2,42,20,1000,100,[],21440,5360,77,"[""BENIGN"", ""Bot"", ""BruteForce"", ""DoS"", ""Infiltration"", ""PortScan"", ""WebAttack""]","[794, 4830, 777, 2967, 1933, 841, 1928, 2920, 3887, 563]",8.190960942999936,0.00916361299982782,6.5019435649999195,0.18174544000271453,0.6657357419994696,0.32590038000148525,0.41443412500234444,0.07801114700009748,1,1,2,50,111600,31645440,31757040,25672440,6284736,31957176,1080,52,63714216,20.0,100.0,2.5805632,3.55657408,6.137137279999999,0.9764925373134329,0.8557067027521227,0.9758052082306615,0.9823299008664662,0.8035241798999336,0.010425240054869684,,,,,2.1330677238910226e-06,0.00021854049998637493,1000.0,657205.0,350.0,50.0,12542.0,40.0,4.0,gaussian,random,proportional_blocks,"[1, 11, 1, 6, 4, 1, 4, 6, 9, 7]",0.0,35.12771558872305,0.9772419398536982,0.9437340153452686,1.0,0.9816053511705686,1.0,0.9880478087649402,0.9856801909307876,0.9895747599451303,0.9389312977099237,0.3684210526315789,0.9638752052545156,0.42857142857142855,0.9880478087649402,0.9472477064220184,,,,,,,,
CICIDS2017__multiclass__SimFL__dirichlet_a1.0__M10__seed4,SimFL,CICIDS2017,multiclass,dirichlet,1.0,10,4,50,8,0.1,1.0,1.0,1.0,256,hist,,40,4.0,gaussian,random,proportional_blocks,4,20.0,100.0,0.2,42,20,1000,100,[],21440,5360,77,"[""BENIGN"", ""Bot"", ""BruteForce"", ""DoS"", ""Infiltration"", ""PortScan"", ""WebAttack""]","[4324, 1555, 999, 993, 2149, 3477, 1935, 2084, 1857, 2067]",8.07004817699999,0.009383368000044356,6.395343973999843,0.17979913599674546,0.6813515729998016,0.3172448359985083,0.3951601310016031,0.07905475799998385,1,1,2,50,111600,31645440,31757040,27976680,6493464,34470144,1080,52,66227184,20.0,100.0,2.5805632,3.75761152,6.33817472,0.9718283582089552,0.8554939054792622,0.9713103828366453,0.9598613632780172,0.808465547285386,0.015912208504801097,,,,,1.3999169776277643e-06,0.00019947850000789913,1000.0,680397.0,350.0,50.0,13224.0,40.0,4.0,gaussian,random,proportional_blocks,"[10, 3, 2, 2, 5, 8, 4, 4, 4, 8]",0.0,36.13954705638474,0.9757889009793254,0.9002375296912114,0.8888888888888888,0.9849498327759197,1.0,0.9841269841269841,0.9850374064837906,0.9840877914951989,0.9643765903307888,0.42105263157894735,0.9671592775041051,0.42857142857142855,0.9880478087649402,0.9059633027522935,,,,,,,,
CICIDS2017__multiclass__SimFL__dirichlet_a1.0__M2__seed0,SimFL,CICIDS2017,multiclass,dirichlet,1.0,2,0,50,8,0.1,1.0,1.0,1.0,256,hist,,40,4.0,gaussian,random,proportional_blocks,4,20.0,100.0,0.2,42,20,1000,100,[],21440,5360,77,"[""BENIGN"", ""Bot"", ""BruteForce"", ""DoS"", ""Infiltration"", ""PortScan"", ""WebAttack""]","[5701, 15739]",3.576104985999905,0.010477355999910287,2.0684407670000837,0.1756718630007299,0.9469153060000508,0.1287351400010266,0.1650192149987788,0.07592924900006892,1,1,2,50,2480,3516160,3518640,9511560,685652,10197212,104,52,13715852,20.0,100.0,0.3214912,1.81577696,2.13726816,0.9925373134328358,0.9534979804910926,0.9924470874243898,0.9944919858102954,0.929254116817166,0.0024691358024691358,,,,,1.3241569029987794e-06,0.00019551500002989997,1000.0,644553.0,350.0,50.0,12170.0,40.0,4.0,gaussian,random,proportional_blocks,"[13, 37]",0.0,37.422341417910445,0.99235807860262,0.9923664122137404,1.0,0.9933774834437086,1.0,0.9880478087649402,0.9952941176470588,0.9975308641975309,0.9923664122137404,1.0,0.9852216748768473,0.5714285714285714,0.9880478087649402,0.9701834862385321,,,,,,,,
CICIDS2017__multiclass__SimFL__dirichlet_a1.0__M2__seed1,SimFL,CICIDS2017,multiclass,dirichlet,1.0,2,1,50,8,0.1,1.0,1.0,1.0,256,hist,,40,4.0,gaussian,random,proportional_blocks,4,20.0,100.0,0.2,42,20,1000,100,[],21440,5360,77,"[""BENIGN"", ""Bot"", ""BruteForce"", ""DoS"", ""Infiltration"", ""PortScan"", ""WebAttack""]","[6974, 14466]",3.2589668969999366,0.009659088000034899,1.8495207910000317,0.17339409599867395,0.8514743790001376,0.1362130860011348,0.156810081000458,0.07671011799993721,1,1,2,50,2480,3516160,3518640,11466600,698361,12164961,104,52,15683601,20.0,100.0,0.3214912,1.9731968800000002,2.2946880800000002,0.9919776119402985,0.9691575665163316,0.9919410467883736,0.9937646640273357,0.9481148963873001,0.003840877914951989,,,,,1.3240675372965448e-06,0.0002001394999524564,1000.0,657262.0,350.0,50.0,12544.0,40.0,4.0,gaussian,random,proportional_blocks,"[16, 34]",0.0,37.67742537313433,0.9926189174412248,0.9848484848484849,1.0,0.9868852459016394,1.0,0.992,1.0,0.996159122085048,0.9923664122137404,0.8421052631578947,0.9885057471264368,0.8571428571428571,0.9880478087649402,0.9724770642201835,,,,,,,,
CICIDS2017__multiclass__SimFL__dirichlet_a1.0__M2__seed2,SimFL,CICIDS2017,multiclass,dirichlet,1.0,2,2,50,8,0.1,1.0,1.0,1.0,256,hist,,40,4.0,gaussian,random,proportional_blocks,4,20.0,100.0,0.2,42,20,1000,100,[],21440,5360,77,"[""BENIGN"", ""Bot"", ""BruteForce"", ""DoS"", ""Infiltration"", ""PortScan"", ""WebAttack""]","[14051, 7389]",3.8813433899999836,0.0077884849999918515,2.505627461999893,0.16280968999967627,0.7814250730009462,0.13169994500049143,0.1464469530021688,0.14100211200002377,1,1,2,50,2480,3516160,3518640,14663880,682658,15346538,104,52,18865178,20.0,100.0,0.3214912,2.22772304,2.54921424,0.9930970149253732,0.9781099315702585,0.993079737326745,0.994325791777678,0.9637010634989244,0.0027434842249657062,,,,,1.6116462686721125e-06,0.00019626299990704865,1000.0,641559.0,350.0,50.0,12082.0,40.0,4.0,gaussian,random,proportional_blocks,"[32, 18]",0.0,37.843190298507466,0.9937124111536358,0.9923469387755102,1.0,0.9884678747940692,1.0,0.9880952380952381,0.9976580796252927,0.9972565157750343,0.989821882951654,0.9473684210526315,0.9852216748768473,0.8571428571428571,0.9920318725099602,0.9770642201834863,,,,,,,,
CICIDS2017__multiclass__SimFL__dirichlet_a1.0__M2__seed3,SimFL,CICIDS2017,multiclass,dirichlet,1.0,2,3,50,8,0.1,1.0,1.0,1.0,256,hist,,40,4.0,gaussian,random,proportional_blocks,4,20.0,100.0,0.2,42,20,1000,100,[],21440,5360,77,"[""BENIGN"", ""Bot"", ""BruteForce"", ""DoS"", ""Infiltration"", ""PortScan"", ""WebAttack""]","[4073, 17367]",2.948870503999842,0.007265135999887207,1.4074762860000192,0.17271150200008378,0.9673299559997304,0.10758881599895176,0.1523926360000587,0.129220825999937,1,1,2,50,2480,3516160,3518640,7082400,707208,7789608,104,52,11308248,20.0,100.0,0.3214912,1.62316864,1.94465984,0.9942164179104478,0.978989640346213,0.9941985454592146,0.995341960640128,0.9644456509698146,0.0019204389574759945,,,,,2.094956343257899e-06,0.00020213549987602164,1000.0,666109.0,350.0,50.0,12804.0,40.0,4.0,gaussian,random,proportional_blocks,"[9, 41]",0.0,35.29025186567164,0.9942607269745832,0.9923857868020305,1.0,0.9950413223140496,1.0,0.9880478087649402,0.9976580796252927,0.998079561042524,0.9949109414758269,0.9473684210526315,0.9885057471264368,0.8571428571428571,0.9880478087649402,0.9770642201834863,,,,,,,,
CICIDS2017__multiclass__SimFL__dirichlet_a1.0__M2__seed4,SimFL,CICIDS2017,multiclass,dirichlet,1.0,2,4,50,8,0.1,1.0,1.0,1.0,256,hist,,40,4.0,gaussian,random,proportional_blocks,4,20.0,100.0,0.2,42,20,1000,100,[],21440,5360,77,"[""BENIGN"", ""Bot"", ""BruteForce"", ""DoS"", ""Infiltration"", ""PortScan"", ""WebAttack""]","[14737, 6703]",4.403232480000042,0.007655684999917867,2.99283715699994,0.16652705199840057,0.8709579760009092,0.13379601299857313,0.15197395300083372,0.0747139520001383,1,1,2,50,2480,3516160,3518640,13470720,672926,14143646,104,52,17662286,20.0,100.0,0.3214912,2.13149168,2.45298288,0.9930970149253732,0.978165357939682,0.9930792906277337,0.994317942916585,0.9638104981229345,0.0027434842249657062,,,,,1.3188856343473542e-06,0.0002264884999476635,1000.0,631827.0,350.0,50.0,11796.0,40.0,4.0,gaussian,random,proportional_blocks,"[34, 16]",0.0,37.80848880597015,0.9937124111536358,0.9923857868020305,1.0,0.9884105960264901,1.0,0.9880478087649402,0.9976689976689976,0.9972565157750343,0.9949109414758269,0.9473684210526315,0.9802955665024631,0.8571428571428571,0.9880478087649402,0.981651376146789,,,,,,,,
CICIDS2017__multiclass__SimFL__dirichlet_a1.0__M5__seed0,SimFL,CICIDS2017,multiclass,dirichlet,1.0,5,0,50,8,0.1,1.0,1.0,1.0,256,hist,,40,4.0,gaussian,random,proportional_blocks,4,20.0,100.0,0.2,42,20,1000,100,[],21440,5360,77,"[""BENIGN"", ""Bot"", ""BruteForce"", ""DoS"", ""Infiltration"", ""PortScan"", ""WebAttack""]","[1231, 6113, 1414, 7578, 5104]",5.675806754000064,0.008833037999920634,4.017083548000073,0.18908564899913927,0.7963083750005353,0.25675672899797064,0.2579676299997118,0.140705672000081,1,1,2,50,24800,14064640,14089440,24282780,2838092,27120872,440,52,41210312,20.0,100.0,1.1671552,3.16966976,4.33682496,0.9912313432835821,0.9298890528277678,0.9908962690852919,0.9921539893618688,0.8960702675177165,0.0035665294924554186,,,,,1.3558279850847056e-06,0.00020222999995667124,1000.0,668424.0,350.0,50.0,12872.0,40.0,4.0,gaussian,random,proportional_blocks,"[2, 14, 3, 17, 14]",0.0,36.706471548507466,0.991807755324959,0.989769820971867,1.0,0.9917627677100495,1.0,0.9763779527559056,0.9953596287703016,0.9964334705075446,0.9847328244274809,0.47368421052631576,0.9885057471264368,0.8571428571428571,0.9880478087649402,0.9839449541284404,,,,,,,,
CICIDS2017__multiclass__SimFL__dirichlet_a1.0__M5__seed1,SimFL,CICIDS2017,multiclass,dirichlet,1.0,5,1,50,8,0.1,1.0,1.0,1.0,256,hist,,40,4.0,gaussian,random,proportional_blocks,4,20.0,100.0,0.2,42,20,1000,100,[],21440,5360,77,"[""BENIGN"", ""Bot"", ""BruteForce"", ""DoS"", ""Infiltration"", ""PortScan"", ""WebAttack""]","[3910, 7094, 4163, 4071, 2202]",5.4311589859999,0.008235935000129757,3.9473001709998243,0.17467653500011693,0.7294121769998583,0.23217994800097586,0.2458307780020732,0.0846359790000406,1,1,2,50,24800,14064640,14089440,22679400,2913236,25592636,440,52,39682076,20.0,100.0,1.1671552,3.04741088,4.21456608,0.9796641791044776,0.9168308778256281,0.979220728970977,0.9737294989660371,0.8807534579967113,0.007133058984910837,,,,,1.3530249999796558e-06,0.00020232500003203313,1000.0,687210.0,350.0,50.0,13424.0,40.0,4.0,gaussian,random,proportional_blocks,"[9, 16, 9, 9, 7]",0.0,36.96992770522388,0.9781081081081081,0.989769820971867,0.9,0.9832214765100671,1.0,0.9919678714859438,0.9730392156862745,0.9928669410150892,0.9847328244274809,0.47368421052631576,0.9622331691297209,0.8571428571428571,0.9840637450199203,0.9105504587155964,,,,,,,,
CICIDS2017__multiclass__SimFL__dirichlet_a1.0__M5__seed2,SimFL,CICIDS2017,multiclass,dirichlet,1.0,5,2,50,8,0.1,1.0,1.0,1.0,256,hist,,40,4.0,gaussian,random,proportional_blocks,4,20.0,100.0,0.2,42,20,1000,100,[],21440,5360,77,"[""BENIGN"", ""Bot"", ""BruteForce"", ""DoS"", ""Infiltration"", ""PortScan"", ""WebAttack""]","[3924, 2437, 9187, 2001, 3891]",5.431302774999949,0.008264398000164874,3.88735992099987,0.18083935100207782,0.7728279039990866,0.2408830019992365,0.25426475800236403,0.07821030899981452,1,1,2,50,24800,14064640,14089440,22314840,2825324,25140164,440,52,39229604,20.0,100.0,1.1671552,3.01121312,4.17836832,0.9854477611940299,0.9306202330504798,0.9852107063434817,0.9916019235488468,0.8885534483973333,0.003840877914951989,,,,,1.446231529858276e-06,0.0002238134999288377,1000.0,665232.0,350.0,50.0,12778.0,40.0,4.0,gaussian,random,proportional_blocks,"[9, 5, 21, 4, 11]",0.0,36.74482276119403,0.9837442427526416,0.9948320413436692,1.0,0.9866666666666667,1.0,0.9880478087649402,0.9879227053140096,0.996159122085048,0.9796437659033079,0.631578947368421,0.9720853858784894,0.7142857142857143,0.9880478087649402,0.9380733944954128,,,,,,,,
CICIDS2017__multiclass__SimFL__dirichlet_a1.0__M5__seed3,SimFL,CICIDS2017,multiclass,dirichlet,1.0,5,3,50,8,0.1,1.0,1.0,1.0,256,hist,,40,4.0,gaussian,random,proportional_blocks,4,20.0,100.0,0.2,42,20,1000,100,[],21440,5360,77,"[""BENIGN"", ""Bot"", ""BruteForce"", ""DoS"", ""Infiltration"", ""PortScan"", ""WebAttack""]","[1627, 8302, 2497, 5908, 3106]",5.8240889649998735,0.00815718800004106,4.292710036000017,0.17645174300082545,0.7846430860001874,0.2256277470016812,0.24910143099964444,0.07933935200003361,1,1,2,50,24800,14064640,14089440,20654460,2915364,23569824,440,52,37659264,20.0,100.0,1.1671552,2.88558592,4.05274112,0.9863805970149254,0.9166408578328772,0.9861195572161783,0.9913340707041419,0.8706759839464295,0.004663923182441701,,,,,1.6199531716611363e-06,0.00020468450009047956,1000.0,687742.0,350.0,50.0,13440.0,40.0,4.0,gaussian,random,proportional_blocks,"[3, 19, 5, 13, 10]",0.0,36.15690298507463,0.9850665218571817,0.9872448979591837,1.0,0.9933333333333333,1.0,0.9880478087649402,0.9856459330143541,0.9953360768175583,0.9847328244274809,0.631578947368421,0.9786535303776683,0.5714285714285714,0.9880478087649402,0.944954128440367,,,,,,,,
CICIDS2017__multiclass__SimFL__dirichlet_a1.0__M5__seed4,SimFL,CICIDS2017,multiclass,dirichlet,1.0,5,4,50,8,0.1,1.0,1.0,1.0,256,hist,,40,4.0,gaussian,random,proportional_blocks,4,20.0,100.0,0.2,42,20,1000,100,[],21440,5360,77,"[""BENIGN"", ""Bot"", ""BruteForce"", ""DoS"", ""Infiltration"", ""PortScan"", ""WebAttack""]","[8437, 3727, 1405, 1697, 6174]",5.758260683000117,0.009094177999941166,4.260859986000014,0.17384055100023943,0.7571354670005803,0.22728978599820948,0.24529707799979406,0.0767664469999545,1,1,2,50,24800,14064640,14089440,21775020,2859568,24634588,440,52,38724028,20.0,100.0,1.1671552,2.97076704,4.13792224,0.9869402985074627,0.8913331553843445,0.9864370947569273,0.9911679987895524,0.8419786665378206,0.003840877914951989,,,,,1.3679020522675871e-06,0.00019246749991452816,1000.0,673793.0,350.0,50.0,13030.0,40.0,4.0,gaussian,random,proportional_blocks,"[19, 8, 3, 3, 17]",0.0,36.78854944029851,0.9861488321564367,0.9770408163265306,1.0,0.9916666666666667,1.0,0.9880478087649402,0.9952718676122931,0.996159122085048,0.9745547073791349,0.42105263157894735,0.9770114942528736,0.5714285714285714,0.9880478087649402,0.9655963302752294,,,,,,,,
CICIDS2017__multiclass__SimFL__iid__M10__seed0,SimFL,CICIDS2017,multiclass,iid,,10,0,50,8,0.1,1.0,1.0,1.0,256,hist,,40,4.0,gaussian,random,proportional_blocks,4,20.0,100.0,0.2,42,20,1000,100,[],21440,5360,77,"[""BENIGN"", ""Bot"", ""BruteForce"", ""DoS"", ""Infiltration"", ""PortScan"", ""WebAttack""]","[2144, 2144, 2144, 2144, 2144, 2144, 2144, 2144, 2144, 2144]",7.304040205999968,0.013231261999976596,5.516990008999983,0.18054989099925933,0.7524918579999849,0.34025897999845256,0.40540704699981234,0.08177013599993188,1,1,2,50,111600,31645440,31757040,33819900,6484833,40304733,1080,52,72061773,20.0,100.0,2.5805632,4.224378639999999,6.80494184,0.9777985074626866,0.9084974943603775,0.9775241032313492,0.9833886562699253,0.8624242251275767,0.010699588477366255,,,,,1.4306723880624182e-06,0.00020845699998517375,1000.0,679438.0,350.0,50.0,13196.0,40.0,4.0,gaussian,random,proportional_blocks,"[5, 5, 5, 5, 5, 5, 5, 5, 5, 5]",0.0,36.92749792703151,0.9796251018744906,0.9621212121212122,1.0,0.966996699669967,1.0,0.9919678714859438,0.9830097087378641,0.9893004115226337,0.9694656488549618,0.631578947368421,0.9622331691297209,0.5714285714285714,0.9840637450199203,0.9288990825688074,,,,,,,,
CICIDS2017__multiclass__SimFL__iid__M10__seed1,SimFL,CICIDS2017,multiclass,iid,,10,1,50,8,0.1,1.0,1.0,1.0,256,hist,,40,4.0,gaussian,random,proportional_blocks,4,20.0,100.0,0.2,42,20,1000,100,[],21440,5360,77,"[""BENIGN"", ""Bot"", ""BruteForce"", ""DoS"", ""Infiltration"", ""PortScan"", ""WebAttack""]","[2144, 2144, 2144, 2144, 2144, 2144, 2144, 2144, 2144, 2144]",7.275828073000184,0.010590344000092955,5.5320202990001235,0.18059800200262544,0.7152197909992992,0.3397274909993939,0.40968394000265107,0.07429480699988744,1,1,2,50,111600,31645440,31757040,33780900,6273639,40054539,1080,52,71811579,20.0,100.0,2.5805632,4.20436312,6.78492632,0.9794776119402985,0.8918730595347154,0.9790010370203234,0.9877755191272143,0.839773370901426,0.006584362139917695,,,,,1.708256902958707e-06,0.00018452199992680107,1000.0,655972.0,350.0,50.0,12506.0,40.0,4.0,gaussian,random,proportional_blocks,"[5, 5, 5, 5, 5, 5, 5, 5, 5, 5]",0.0,36.91257255389718,0.9775917926565875,0.979328165374677,1.0,0.9847715736040609,1.0,0.9919678714859438,0.9807692307692307,0.9934156378600824,0.9643765903307888,0.47368421052631576,0.9556650246305419,0.5714285714285714,0.9840637450199203,0.9357798165137615,,,,,,,,
CICIDS2017__multiclass__SimFL__iid__M10__seed2,SimFL,CICIDS2017,multiclass,iid,,10,2,50,8,0.1,1.0,1.0,1.0,256,hist,,40,4.0,gaussian,random,proportional_blocks,4,20.0,100.0,0.2,42,20,1000,100,[],21440,5360,77,"[""BENIGN"", ""Bot"", ""BruteForce"", ""DoS"", ""Infiltration"", ""PortScan"", ""WebAttack""]","[2144, 2144, 2144, 2144, 2144, 2144, 2144, 2144, 2144, 2144]",6.951969073999862,0.009139466000078755,5.251374476999899,0.17515478200220969,0.7019392620009057,0.32791395000663215,0.39533914400271897,0.07841365200010841,1,1,2,50,111600,31645440,31757040,33801600,6316560,40118160,1080,52,71875200,20.0,100.0,2.5805632,4.2094528,6.790016,0.9761194029850746,0.9265151403723058,0.9758705469671286,0.9839389131257529,0.8883034170407683,0.009876543209876543,,,,,1.4148580224125692e-06,0.00020337800003744633,1000.0,660741.0,350.0,50.0,12646.0,40.0,4.0,gaussian,random,proportional_blocks,"[5, 5, 5, 5, 5, 5, 5, 5, 5, 5]",0.0,36.77407752902156,0.9759329367225528,0.9646464646464646,1.0,0.9714765100671141,1.0,0.9880478087649402,0.9874686716791979,0.9901234567901235,0.9720101781170484,0.8421052631578947,0.9507389162561576,0.5714285714285714,0.9880478087649402,0.9036697247706422,,,,,,,,
CICIDS2017__multiclass__SimFL__iid__M10__seed3,SimFL,CICIDS2017,multiclass,iid,,10,3,50,8,0.1,1.0,1.0,1.0,256,hist,,40,4.0,gaussian,random,proportional_blocks,4,20.0,100.0,0.2,42,20,1000,100,[],21440,5360,77,"[""BENIGN"", ""Bot"", ""BruteForce"", ""DoS"", ""Infiltration"", ""PortScan"", ""WebAttack""]","[2144, 2144, 2144, 2144, 2144, 2144, 2144, 2144, 2144, 2144]",7.70724399300002,0.009647587000017666,5.861268246999998,0.18193206899854886,0.7775478769997335,0.35133012799701646,0.4319860509983755,0.07983677699985492,1,1,2,50,111600,31645440,31757040,33846900,6403482,40250382,1080,52,72007422,20.0,100.0,2.5805632,4.22003056,6.80059376,0.9783582089552239,0.908898856398943,0.9781355908730301,0.9811659905121192,0.8653035824779091,0.012894375857338821,,,,,1.3857429104461123e-06,0.0002252539999290093,1000.0,670399.0,350.0,50.0,12930.0,40.0,4.0,gaussian,random,proportional_blocks,"[5, 5, 5, 5, 5, 5, 5, 5, 5, 5]",0.0,36.82281820066335,0.981718963165075,0.9551122194513716,1.0,0.9701986754966887,1.0,0.98,0.9811320754716981,0.9871056241426612,0.9745547073791349,0.631578947368421,0.9622331691297209,0.5714285714285714,0.9760956175298805,0.9541284403669725,,,,,,,,
CICIDS2017__multiclass__SimFL__iid__M10__seed4,SimFL,CICIDS2017,multiclass,iid,,10,4,50,8,0.1,1.0,1.0,1.0,256,hist,,40,4.0,gaussian,random,proportional_blocks,4,20.0,100.0,0.2,42,20,1000,100,[],21440,5360,77,"[""BENIGN"", ""Bot"", ""BruteForce"", ""DoS"", ""Infiltration"", ""PortScan"", ""WebAttack""]","[2144, 2144, 2144, 2144, 2144, 2144, 2144, 2144, 2144, 2144]",7.3899583909999365,0.009248210999885487,5.6353387260001,0.17895007400124996,0.7204266819996974,0.33849030900273647,0.41312221599969234,0.08113832300000468,1,1,2,50,111600,31645440,31757040,33756300,6462873,40219173,1080,52,71976213,20.0,100.0,2.5805632,4.21753384,6.79809704,0.9787313432835821,0.8909143610446392,0.9783118024264461,0.9849164071198054,0.8419355100280349,0.00823045267489712,,,,,1.9484550373176512e-06,0.0002140449998933036,1000.0,676998.0,350.0,50.0,13124.0,40.0,4.0,gaussian,random,proportional_blocks,"[5, 5, 5, 5, 5, 5, 5, 5, 5, 5]",0.0,36.78222947761194,0.9786139685977261,0.9675,1.0,0.9815436241610739,1.0,0.9841269841269841,0.9826302729528535,0.9917695473251029,0.9847328244274809,0.631578947368421,0.9605911330049262,0.42857142857142855,0.9880478087649402,0.908256880733945,,,,,,,,
CICIDS2017__multiclass__SimFL__iid__M2__seed0,SimFL,CICIDS2017,multiclass,iid,,2,0,50,8,0.1,1.0,1.0,1.0,256,hist,,40,4.0,gaussian,random,proportional_blocks,4,20.0,100.0,0.2,42,20,1000,100,[],21440,5360,77,"[""BENIGN"", ""Bot"", ""BruteForce"", ""DoS"", ""Infiltration"", ""PortScan"", ""WebAttack""]","[10720, 10720]",3.6905580650000047,0.007862441000042963,2.178239491999989,0.16895722899982957,0.9380587840000771,0.15333520499973474,0.16032856200047263,0.07882264299996677,1,1,2,50,2480,3516160,3518640,19144500,697079,19841579,104,52,23360219,20.0,100.0,0.3214912,2.58732632,2.90881752,0.9930970149253732,0.9700422378123645,0.9930585936293649,0.9947192006095562,0.9489106176933106,0.0027434842249657062,,,,,1.3466199626777915e-06,0.0002170870000099967,1000.0,655980.0,350.0,50.0,12506.0,40.0,4.0,gaussian,random,proportional_blocks,"[25, 25]",0.0,38.25387126865672,0.9931693989071039,0.9923273657289002,1.0,0.9917898193760263,1.0,0.9880952380952381,0.9976525821596244,0.9972565157750343,0.9872773536895675,0.8421052631578947,0.9917898193760263,0.8571428571428571,0.9920318725099602,0.9747706422018348,,,,,,,,
CICIDS2017__multiclass__SimFL__iid__M2__seed1,SimFL,CICIDS2017,multiclass,iid,,2,1,50,8,0.1,1.0,1.0,1.0,256,hist,,40,4.0,gaussian,random,proportional_blocks,4,20.0,100.0,0.2,42,20,1000,100,[],21440,5360,77,"[""BENIGN"", ""Bot"", ""BruteForce"", ""DoS"", ""Infiltration"", ""PortScan"", ""WebAttack""]","[10720, 10720]",3.523445102000096,0.008549421999987317,2.087485347999973,0.16394527399938852,0.871727306999901,0.1535330820006493,0.15416385899948182,0.07923480800013749,1,1,2,50,2480,3516160,3518640,19246500,714288,19960788,104,52,23479428,20.0,100.0,0.3214912,2.5968630399999997,2.9183542399999998,0.9932835820895523,0.9701510223792295,0.9932504343455706,0.9942385364932184,0.9495839602814861,0.003017832647462277,,,,,1.9727643657053923e-06,0.00019274899989341066,1000.0,673189.0,350.0,50.0,13012.0,40.0,4.0,gaussian,random,proportional_blocks,"[25, 25]",0.0,38.262733208955225,0.9939824945295405,0.989769820971867,1.0,0.9901477832512315,1.0,0.9880952380952381,0.9976744186046511,0.9969821673525378,0.9847328244274809,0.8421052631578947,0.9901477832512315,0.8571428571428571,0.9920318725099602,0.9839449541284404,,,,,,,,
CICIDS2017__multiclass__SimFL__iid__M2__seed2,SimFL,CICIDS2017,multiclass,iid,,2,2,50,8,0.1,1.0,1.0,1.0,256,hist,,40,4.0,gaussian,random,proportional_blocks,4,20.0,100.0,0.2,42,20,1000,100,[],21440,5360,77,"[""BENIGN"", ""Bot"", ""BruteForce"", ""DoS"", ""Infiltration"", ""PortScan"", ""WebAttack""]","[10720, 10720]",3.4206925209998644,0.007427685000038764,1.985023991999924,0.17052980900052717,0.8577834789998633,0.16097506499932024,0.1563699609998821,0.0773850069999753,1,1,2,50,2480,3516160,3518640,19309500,689989,19999489,104,52,23518129,20.0,100.0,0.3214912,2.5999591200000003,2.9214503200000004,0.9949626865671641,0.9836974029305247,0.9949532983981502,0.9951152745093242,0.9738589080599371,0.0024691358024691358,,,,,1.8906009327976329e-06,0.0002042629998868506,1000.0,648890.0,350.0,50.0,12298.0,40.0,4.0,gaussian,random,proportional_blocks,"[25, 25]",0.0,38.1513526119403,0.9958915365653246,0.9923857868020305,1.0,0.9917491749174917,1.0,0.9880952380952381,0.9976851851851852,0.9975308641975309,0.9949109414758269,1.0,0.986863711001642,0.8571428571428571,0.9920318725099602,0.9885321100917431,,,,,,,,
CICIDS2017__multiclass__SimFL__iid__M2__seed3,SimFL,CICIDS2017,multiclass,iid,,2,3,50,8,0.1,1.0,1.0,1.0,256,hist,,40,4.0,gaussian,random,proportional_blocks,4,20.0,100.0,0.2,42,20,1000,100,[],21440,5360,77,"[""BENIGN"", ""Bot"", ""BruteForce"", ""DoS"", ""Infiltration"", ""PortScan"", ""WebAttack""]","[10720, 10720]",3.961614314000144,0.007888634999972055,2.5614412800000537,0.16837764300089475,0.8305039120002675,0.15513117599994075,0.15416317599920148,0.07921447300009277,1,1,2,50,2480,3516160,3518640,19323000,691758,20014758,104,52,23533398,20.0,100.0,0.3214912,2.60118064,2.92267184,0.9936567164179104,0.9786277841073747,0.993642143037415,0.9949960358588931,0.9640609887511492,0.0024691358024691358,,,,,1.3178930970525471e-06,0.0002151195000124062,1000.0,650659.0,350.0,50.0,12350.0,40.0,4.0,gaussian,random,proportional_blocks,"[25, 25]",0.0,38.20685634328358,0.9937141295435912,0.989821882951654,1.0,0.9933884297520661,1.0,0.9880478087649402,1.0,0.9975308641975309,0.989821882951654,0.9473684210526315,0.986863711001642,0.8571428571428571,0.9880478087649402,0.981651376146789,,,,,,,,
CICIDS2017__multiclass__SimFL__iid__M2__seed4,SimFL,CICIDS2017,multiclass,iid,,2,4,50,8,0.1,1.0,1.0,1.0,256,hist,,40,4.0,gaussian,random,proportional_blocks,4,20.0,100.0,0.2,42,20,1000,100,[],21440,5360,77,"[""BENIGN"", ""Bot"", ""BruteForce"", ""DoS"", ""Infiltration"", ""PortScan"", ""WebAttack""]","[10720, 10720]",3.838326133999999,0.007508373000064239,2.4561337340001046,0.15941430200018658,0.8318727040007161,0.14900938199889424,0.1541664960016078,0.07566113900020355,1,1,2,50,2480,3516160,3518640,19369500,674144,20043644,104,52,23562284,20.0,100.0,0.3214912,2.60349152,2.92498272,0.9938432835820895,0.9710640772882464,0.9938104015921932,0.9950487465106131,0.9506080164559508,0.0027434842249657062,,,,,1.3599902985106383e-06,0.00020355050003217912,1000.0,633045.0,350.0,50.0,11832.0,40.0,4.0,gaussian,random,proportional_blocks,"[25, 25]",0.0,38.199486940298506,0.993984140005469,0.9898734177215189,1.0,0.9933884297520661,1.0,0.9880952380952381,1.0,0.9972565157750343,0.9949109414758269,0.8421052631578947,0.986863711001642,0.8571428571428571,0.9920318725099602,0.9839449541284404,,,,,,,,
CICIDS2017__multiclass__SimFL__iid__M5__seed0,SimFL,CICIDS2017,multiclass,iid,,5,0,50,8,0.1,1.0,1.0,1.0,256,hist,,40,4.0,gaussian,random,proportional_blocks,4,20.0,100.0,0.2,42,20,1000,100,[],21440,5360,77,"[""BENIGN"", ""Bot"", ""BruteForce"", ""DoS"", ""Infiltration"", ""PortScan"", ""WebAttack""]","[4288, 4288, 4288, 4288, 4288]",6.043685964000019,0.009595866999916325,4.506793289999905,0.172915644999307,0.7602012240004115,0.2502973469996732,0.25739858700114837,0.0776585650000925,1,1,2,50,24800,14064640,14089440,30420000,2822848,33242848,440,52,47332288,20.0,100.0,1.1671552,3.65942784,4.82658304,0.989365671641791,0.9502313129801764,0.989291882279979,0.9844725545925073,0.9236761400568823,0.003840877914951989,,,,,1.514850932831301e-06,0.00020409900002960057,1000.0,664613.0,350.0,50.0,12760.0,40.0,4.0,gaussian,random,proportional_blocks,"[10, 10, 10, 10, 10]",0.0,37.61054104477612,0.9893732970027248,0.9922879177377892,0.9411764705882353,0.985172981878089,1.0,0.9880478087649402,0.995249406175772,0.996159122085048,0.9821882951653944,0.8421052631578947,0.9819376026272578,0.7142857142857143,0.9880478087649402,0.9610091743119266,,,,,,,,
CICIDS2017__multiclass__SimFL__iid__M5__seed1,SimFL,CICIDS2017,multiclass,iid,,5,1,50,8,0.1,1.0,1.0,1.0,256,hist,,40,4.0,gaussian,random,proportional_blocks,4,20.0,100.0,0.2,42,20,1000,100,[],21440,5360,77,"[""BENIGN"", ""Bot"", ""BruteForce"", ""DoS"", ""Infiltration"", ""PortScan"", ""WebAttack""]","[4288, 4288, 4288, 4288, 4288]",6.687472638000145,0.0650717099999838,4.7448727280000185,0.1814255739991495,1.0025155450005059,0.28279501400311347,0.30951303500069116,0.09213149299989709,1,1,2,50,24800,14064640,14089440,30399600,2854408,33254008,440,52,47343448,20.0,100.0,1.1671552,3.66032064,4.82747584,0.9895522388059701,0.947286045018768,0.9893922559252881,0.9923633001943271,0.9157012701154946,0.00411522633744856,,,,,1.3083225746613743e-06,0.0001975659999970958,1000.0,672503.0,350.0,50.0,12992.0,40.0,4.0,gaussian,random,proportional_blocks,"[10, 10, 10, 10, 10]",0.0,37.59818097014925,0.9899100081810744,0.9897435897435898,1.0,0.9835255354200988,1.0,0.9880478087649402,0.9953161592505855,0.9958847736625515,0.9821882951653944,0.631578947368421,0.9802955665024631,0.8571428571428571,0.9880478087649402,0.9747706422018348,,,,,,,,
CICIDS2017__multiclass__SimFL__iid__M5__seed2,SimFL,CICIDS2017,multiclass,iid,,5,2,50,8,0.1,1.0,1.0,1.0,256,hist,,40,4.0,gaussian,random,proportional_blocks,4,20.0,100.0,0.2,42,20,1000,100,[],21440,5360,77,"[""BENIGN"", ""Bot"", ""BruteForce"", ""DoS"", ""Infiltration"", ""PortScan"", ""WebAttack""]","[4288, 4288, 4288, 4288, 4288]",5.7401160920001075,0.008401558999821646,4.229729428999917,0.17232211500004269,0.7527375910003684,0.24446048099798645,0.24490825399880123,0.07898083200007022,1,1,2,50,24800,14064640,14089440,30360000,2841876,33201876,440,52,47291316,20.0,100.0,1.1671552,3.65615008,4.8233052800000005,0.9914179104477612,0.9555227588777196,0.9913521350092573,0.9938306871990763,0.9260067901158593,0.003017832647462277,,,,,1.7551694029899449e-06,0.00020581249998485873,1000.0,669370.0,350.0,50.0,12900.0,40.0,4.0,gaussian,random,proportional_blocks,"[10, 10, 10, 10, 10]",0.0,37.454022854477614,0.9912711402073104,0.9897172236503856,1.0,0.9901315789473685,1.0,0.9880478087649402,0.9976470588235294,0.9969821673525378,0.9796437659033079,0.8421052631578947,0.9885057471264368,0.7142857142857143,0.9880478087649402,0.9724770642201835,,,,,,,,
CICIDS2017__multiclass__SimFL__iid__M5__seed3,SimFL,CICIDS2017,multiclass,iid,,5,3,50,8,0.1,1.0,1.0,1.0,256,hist,,40,4.0,gaussian,random,proportional_blocks,4,20.0,100.0,0.2,42,20,1000,100,[],21440,5360,77,"[""BENIGN"", ""Bot"", ""BruteForce"", ""DoS"", ""Infiltration"", ""PortScan"", ""WebAttack""]","[4288, 4288, 4288, 4288, 4288]",6.378441060000114,0.008522310000216748,4.95756039999992,0.16771908500140853,0.6929330069997377,0.2351277539999046,0.2324734699993769,0.07565970400014521,1,1,2,50,24800,14064640,14089440,30250200,2826672,33076872,440,52,47166312,20.0,100.0,1.1671552,3.64614976,4.81330496,0.9902985074626866,0.9675943936532855,0.9902612974698903,0.9922280094266911,0.9464823084076482,0.004663923182441701,,,,,1.7740805970388192e-06,0.0001956039999413406,1000.0,665569.0,350.0,50.0,12788.0,40.0,4.0,gaussian,random,proportional_blocks,"[10, 10, 10, 10, 10]",0.0,37.498052705223884,0.9912568306010929,0.989769820971867,1.0,0.9834983498349835,1.0,0.9880478087649402,0.9930232558139535,0.9953360768175583,0.9847328244274809,0.8421052631578947,0.9786535303776683,0.8571428571428571,0.9880478087649402,0.9793577981651376,,,,,,,,
CICIDS2017__multiclass__SimFL__iid__M5__seed4,SimFL,CICIDS2017,multiclass,iid,,5,4,50,8,0.1,1.0,1.0,1.0,256,hist,,40,4.0,gaussian,random,proportional_blocks,4,20.0,100.0,0.2,42,20,1000,100,[],21440,5360,77,"[""BENIGN"", ""Bot"", ""BruteForce"", ""DoS"", ""Infiltration"", ""PortScan"", ""WebAttack""]","[4288, 4288, 4288, 4288, 4288]",5.87463030899994,0.00850254700003461,4.395743817000039,0.16941253500249331,0.7298303559991837,0.24066601800245735,0.24626073899935363,0.07560783799999626,1,1,2,50,24800,14064640,14089440,30366000,2829964,33195964,440,52,47285404,20.0,100.0,1.1671552,3.65567712,4.82283232,0.9902985074626866,0.9397774291493535,0.9901952064013317,0.9920505491410887,0.9061617560972416,0.0043895747599451305,,,,,1.3281164179196916e-06,0.00019132899990381702,1000.0,666392.0,350.0,50.0,12812.0,40.0,4.0,gaussian,random,proportional_blocks,"[10, 10, 10, 10, 10]",0.0,37.49134794776119,0.9912592187926796,0.9822784810126582,1.0,0.9850993377483444,1.0,0.9880478087649402,0.9976689976689976,0.9956104252400548,0.9872773536895675,0.8421052631578947,0.9770114942528736,0.5714285714285714,0.9880478087649402,0.981651376146789,,,,,,,,
IoT__binary__ALL-IN__pooled__M1__seed0,ALL-IN,IoT,binary,pooled,,1,0,50,8,0.1,1.0,1.0,1.0,256,hist,,40,4.0,gaussian,random,proportional_blocks,4,20.0,100.0,0.2,42,20,1000,100,"[""Src_IP"", ""Dst_IP""]",50062,12516,79,"[""benign"", ""attack""]",[50062],0.26833357700002125,0.01695000700010496,0.0,0.0,0.2513391180000326,0.0,0.0,0.0,0,0,0,0,0,0,0,0,0,0,0,0,0,20.0,100.0,0.0,0.0,0.0,0.9983221476510067,0.992985309839902,0.9983157925267471,0.9967528615296839,0.9892833000998065,0.02109181141439206,0.9949558638083228,0.998549859251045,0.9789081885856079,0.9996584116140051,3.302873921347375e-07,0.00014515049997498863,1000.0,156597.0,50.0,50.0,3614.0,,,,,,,,,,,,,,,,,,,,,,,,,,,,,,
IoT__binary__ALL-IN__pooled__M1__seed1,ALL-IN,IoT,binary,pooled,,1,1,50,8,0.1,1.0,1.0,1.0,256,hist,,40,4.0,gaussian,random,proportional_blocks,4,20.0,100.0,0.2,42,20,1000,100,"[""Src_IP"", ""Dst_IP""]",50062,12516,79,"[""benign"", ""attack""]",[50062],0.2778022550000969,0.02396555899986197,0.0,0.0,0.25379610900017724,0.0,0.0,0.0,0,0,0,0,0,0,0,0,0,0,0,0,0,20.0,100.0,0.0,0.0,0.0,0.9983221476510067,0.992985309839902,0.9983157925267471,0.9967528615296839,0.9892833000998065,0.02109181141439206,0.9949558638083228,0.998549859251045,0.9789081885856079,0.9996584116140051,3.3450455416826065e-07,0.00014675649981654715,1000.0,156597.0,50.0,50.0,3614.0,,,,,,,,,,,,,,,,,,,,,,,,,,,,,,
IoT__binary__ALL-IN__pooled__M1__seed2,ALL-IN,IoT,binary,pooled,,1,2,50,8,0.1,1.0,1.0,1.0,256,hist,,40,4.0,gaussian,random,proportional_blocks,4,20.0,100.0,0.2,42,20,1000,100,"[""Src_IP"", ""Dst_IP""]",50062,12516,79,"[""benign"", ""attack""]",[50062],0.27754318300003433,0.02511536599968167,0.0,0.0,0.25238614599993525,0.0,0.0,0.0,0,0,0,0,0,0,0,0,0,0,0,0,0,20.0,100.0,0.0,0.0,0.0,0.9983221476510067,0.992985309839902,0.9983157925267471,0.9967528615296839,0.9892833000998065,0.02109181141439206,0.9949558638083228,0.998549859251045,0.9789081885856079,0.9996584116140051,3.2867313835611546e-07,0.00014869049982735305,1000.0,156597.0,50.0,50.0,3614.0,,,,,,,,,,,,,,,,,,,,,,,,,,,,,,
IoT__binary__ALL-IN__pooled__M1__seed3,ALL-IN,IoT,binary,pooled,,1,3,50,8,0.1,1.0,1.0,1.0,256,hist,,40,4.0,gaussian,random,proportional_blocks,4,20.0,100.0,0.2,42,20,1000,100,"[""Src_IP"", ""Dst_IP""]",50062,12516,79,"[""benign"", ""attack""]",[50062],0.3951720860000023,0.018644989000222267,0.0,0.0,0.37648511900033554,0.0,0.0,0.0,0,0,0,0,0,0,0,0,0,0,0,0,0,20.0,100.0,0.0,0.0,0.0,0.9983221476510067,0.992985309839902,0.9983157925267471,0.9967528615296839,0.9892833000998065,0.02109181141439206,0.9949558638083228,0.998549859251045,0.9789081885856079,0.9996584116140051,3.5289972833736577e-07,0.00014390800015462446,1000.0,156597.0,50.0,50.0,3614.0,,,,,,,,,,,,,,,,,,,,,,,,,,,,,,
IoT__binary__ALL-IN__pooled__M1__seed4,ALL-IN,IoT,binary,pooled,,1,4,50,8,0.1,1.0,1.0,1.0,256,hist,,40,4.0,gaussian,random,proportional_blocks,4,20.0,100.0,0.2,42,20,1000,100,"[""Src_IP"", ""Dst_IP""]",50062,12516,79,"[""benign"", ""attack""]",[50062],0.26959479100014505,0.018853942999612627,0.0,0.0,0.2507031680002001,0.0,0.0,0.0,0,0,0,0,0,0,0,0,0,0,0,0,0,20.0,100.0,0.0,0.0,0.0,0.9983221476510067,0.992985309839902,0.9983157925267471,0.9967528615296839,0.9892833000998065,0.02109181141439206,0.9949558638083228,0.998549859251045,0.9789081885856079,0.9996584116140051,6.294681208026167e-07,0.00014399499991668563,1000.0,156597.0,50.0,50.0,3614.0,,,,,,,,,,,,,,,,,,,,,,,,,,,,,,
IoT__binary__SOLO__dirichlet_a0.1__M10__seed0,SOLO,IoT,binary,dirichlet,0.1,10,0,50,8,0.1,1.0,1.0,1.0,256,hist,,40,4.0,gaussian,random,proportional_blocks,4,20.0,100.0,0.2,42,20,1000,100,"[""Src_IP"", ""Dst_IP""]",50062,12516,79,"[""benign"", ""attack""]","[22, 6920, 3785, 378, 2838, 13121, 4899, 7527, 2909, 7663]",0.038505787600024634,0.0020601447999752053,0.0,0.0,0.03640893390004294,0.0,0.0,0.0,0,0,0,0,0,0,0,0,0,0,0,0,0,20.0,100.0,0.0,0.0,0.0,0.938111217641419,0.6675959752413305,0.9279759565400407,0.6523332835375671,0.7163993998893864,0.5380893300248138,0.339560499542857,0.9651060675322775,0.46191066997518604,0.9708881298035867,1.9918945349680137e-07,0.00013752389999126534,1000.0,48721.3,50.0,50.0,442.2,,,,,,,,,,,,,,,,,,,,,,,,,,,,,,
IoT__binary__SOLO__dirichlet_a0.1__M10__seed1,SOLO,IoT,binary,dirichlet,0.1,10,1,50,8,0.1,1.0,1.0,1.0,256,hist,,40,4.0,gaussian,random,proportional_blocks,4,20.0,100.0,0.2,42,20,1000,100,"[""Src_IP"", ""Dst_IP""]",50062,12516,79,"[""benign"", ""attack""]","[4809, 3751, 6468, 8681, 1785, 98, 23018, 177, 264, 1011]",0.03868495090000579,0.0028241524999430114,0.0,0.0,0.03582249189998947,0.0,0.0,0.0,0,0,0,0,0,0,0,0,0,0,0,0,0,20.0,100.0,0.0,0.0,0.0,0.8911633109619688,0.5946663053442361,0.8913963356400094,0.6119593931491083,0.6694746065482409,0.5849875930521092,0.261892627554369,0.9620261587438476,0.41501240694789077,0.9239368061485909,2.0286613135432009e-07,0.00014315979988168692,1000.0,46735.0,50.0,50.0,383.8,,,,,,,,,,,,,,,,,,,,,,,,,,,,,,
IoT__binary__SOLO__dirichlet_a0.1__M10__seed2,SOLO,IoT,binary,dirichlet,0.1,10,2,50,8,0.1,1.0,1.0,1.0,256,hist,,40,4.0,gaussian,random,proportional_blocks,4,20.0,100.0,0.2,42,20,1000,100,"[""Src_IP"", ""Dst_IP""]",50062,12516,79,"[""benign"", ""attack""]","[27473, 328, 7127, 1088, 2441, 5565, 1522, 3860, 492, 166]",0.03427206459996342,0.0019843972000671783,0.0,0.0,0.03224892450011794,0.0,0.0,0.0,0,0,0,0,0,0,0,0,0,0,0,0,0,20.0,100.0,0.0,0.0,0.0,0.9480664749121125,0.6797300596176674,0.9349125956255702,0.7032914856246493,0.6910464852631735,0.6039702233250621,0.44603242232218865,0.9605505489271098,0.396029776674938,0.9860631938514091,1.8956438159014733e-07,0.00014332640007523877,1000.0,46544.9,50.0,50.0,378.4,,,,,,,,,,,,,,,,,,,,,,,,,,,,,,
IoT__binary__SOLO__dirichlet_a0.1__M10__seed3,SOLO,IoT,binary,dirichlet,0.1,10,3,50,8,0.1,1.0,1.0,1.0,256,hist,,40,4.0,gaussian,random,proportional_blocks,4,20.0,100.0,0.2,42,20,1000,100,"[""Src_IP"", ""Dst_IP""]",50062,12516,79,"[""benign"", ""attack""]","[1800, 2037, 1941, 181, 4976, 70, 1031, 29228, 1395, 7403]",0.042035525199935364,0.0019521737000104621,0.0,0.0,0.04005020459999287,0.0,0.0,0.0,0,0,0,0,0,0,0,0,0,0,0,0,0,20.0,100.0,0.0,0.0,0.0,0.8400767018216684,0.5350310538688741,0.8444012783746409,0.5529233589573199,0.6322953595260143,0.6062034739454094,0.14500146392147742,0.9608452539931622,0.3937965260545906,0.8707941929974382,1.9595318792286452e-07,0.0001433294499747717,1000.0,48066.2,50.0,50.0,423.0,,,,,,,,,,,,,,,,,,,,,,,,,,,,,,
IoT__binary__SOLO__dirichlet_a0.1__M10__seed4,SOLO,IoT,binary,dirichlet,0.1,10,4,50,8,0.1,1.0,1.0,1.0,256,hist,,40,4.0,gaussian,random,proportional_blocks,4,20.0,100.0,0.2,42,20,1000,100,"[""Src_IP"", ""Dst_IP""]",50062,12516,79,"[""benign"", ""attack""]","[10295, 2111, 18961, 572, 74, 3587, 5619, 4793, 263, 3787]",0.03399840090000907,0.0020871872000043368,0.0,0.0,0.03187141049993443,0.0,0.0,0.0,0,0,0,0,0,0,0,0,0,0,0,0,0,20.0,100.0,0.0,0.0,0.0,0.8822387344199424,0.548975412955285,0.8823540073050198,0.5574176970870174,0.6271580036998345,0.6656327543424317,0.1586074424848086,0.9562279516892263,0.33436724565756826,0.9199487617421008,1.8620957973181103e-07,0.00013958729996375042,1000.0,45152.3,50.0,50.0,337.4,,,,,,,,,,,,,,,,,,,,,,,,,,,,,,
IoT__binary__SOLO__dirichlet_a0.1__M2__seed0,SOLO,IoT,binary,dirichlet,0.1,2,0,50,8,0.1,1.0,1.0,1.0,256,hist,,40,4.0,gaussian,random,proportional_blocks,4,20.0,100.0,0.2,42,20,1000,100,"[""Src_IP"", ""Dst_IP""]",50062,12516,79,"[""benign"", ""attack""]","[356, 49706]",0.13825406549995023,0.008895493999943938,0.0,0.0,0.12932229199998346,0.0,0.0,0.0,0,0,0,0,0,0,0,0,0,0,0,0,0,20.0,100.0,0.0,0.0,0.0,0.9670022371364653,0.7383363108191573,0.9514347396444293,0.7328839332514653,0.7443741749008821,0.511166253101737,0.49873417721518987,0.9670336892877407,0.48883374689826303,0.9999146029035013,2.3548777564353755e-07,0.00014374274996953318,1000.0,93162.0,50.0,50.0,1749.0,,,,,,,,,,,,,,,,,,,,,,,,,,,,,,
IoT__binary__SOLO__dirichlet_a0.1__M2__seed1,SOLO,IoT,binary,dirichlet,0.1,2,1,50,8,0.1,1.0,1.0,1.0,256,hist,,40,4.0,gaussian,random,proportional_blocks,4,20.0,100.0,0.2,42,20,1000,100,"[""Src_IP"", ""Dst_IP""]",50062,12516,79,"[""benign"", ""attack""]","[29617, 20445]",0.17188759099985873,0.009498143499968137,0.0,0.0,0.16234564350020264,0.0,0.0,0.0,0,0,0,0,0,0,0,0,0,0,0,0,0,20.0,100.0,0.0,0.0,0.0,0.9669622882710132,0.7381832994497866,0.9513963290108682,0.7316985563328393,0.7452192988961949,0.5093052109181141,0.49623588456712675,0.9671612280985518,0.49069478908188585,0.9997438087105038,7.541843640215188e-07,0.00013992874994528393,1000.0,89694.0,50.0,50.0,1647.0,,,,,,,,,,,,,,,,,,,,,,,,,,,,,,
IoT__binary__SOLO__dirichlet_a0.1__M2__seed2,SOLO,IoT,binary,dirichlet,0.1,2,2,50,8,0.1,1.0,1.0,1.0,256,hist,,40,4.0,gaussian,random,proportional_blocks,4,20.0,100.0,0.2,42,20,1000,100,"[""Src_IP"", ""Dst_IP""]",50062,12516,79,"[""benign"", ""attack""]","[13150, 36912]",0.13214341800016882,0.008469560999856185,0.0,0.0,0.123628314500138,0.0,0.0,0.0,0,0,0,0,0,0,0,0,0,0,0,0,0,20.0,100.0,0.0,0.0,0.0,0.9189437519974433,0.6187717286772049,0.9124432262190867,0.5823688336771143,0.7189798225520382,0.510545905707196,0.19774436090225564,0.966993306451973,0.48945409429280395,0.9485055508112724,2.2585718282573084e-07,0.0001442820000647771,1000.0,86634.0,50.0,50.0,1557.0,,,,,,,,,,,,,,,,,,,,,,,,,,,,,,
IoT__binary__SOLO__dirichlet_a0.1__M2__seed3,SOLO,IoT,binary,dirichlet,0.1,2,3,50,8,0.1,1.0,1.0,1.0,256,hist,,40,4.0,gaussian,random,proportional_blocks,4,20.0,100.0,0.2,42,20,1000,100,"[""Src_IP"", ""Dst_IP""]",50062,12516,79,"[""benign"", ""attack""]","[36672, 13390]",0.15499089950003508,0.008685019500035196,0.0,0.0,0.14626627999996344,0.0,0.0,0.0,0,0,0,0,0,0,0,0,0,0,0,0,0,20.0,100.0,0.0,0.0,0.0,0.8755193352508789,0.7159368806623729,0.9013054286226715,0.6698905337593379,0.9152797231693129,0.039081885856079406,0.3428011401381143,0.9969799273805615,0.9609181141439206,0.8696413321947054,3.515864892920705e-07,0.00014045049988453684,1000.0,85739.0,50.0,50.0,1530.0,,,,,,,,,,,,,,,,,,,,,,,,,,,,,,
IoT__binary__SOLO__dirichlet_a0.1__M2__seed4,SOLO,IoT,binary,dirichlet,0.1,2,4,50,8,0.1,1.0,1.0,1.0,256,hist,,40,4.0,gaussian,random,proportional_blocks,4,20.0,100.0,0.2,42,20,1000,100,"[""Src_IP"", ""Dst_IP""]",50062,12516,79,"[""benign"", ""attack""]","[39240, 10822]",0.1288444110000455,0.008151653000140868,0.0,0.0,0.12065623050011709,0.0,0.0,0.0,0,0,0,0,0,0,0,0,0,0,0,0,0,20.0,100.0,0.0,0.0,0.0,0.918903803131991,0.6187095989212202,0.9124145509585393,0.5823192601178988,0.7189584732779135,0.510545905707196,0.19764529058116231,0.9669932296546353,0.48945409429280395,0.9484628522630231,2.1890560084602854e-07,0.00014231449995349976,1000.0,86532.0,50.0,50.0,1554.0,,,,,,,,,,,,,,,,,,,,,,,,,,,,,,
IoT__binary__SOLO__dirichlet_a0.1__M5__seed0,SOLO,IoT,binary,dirichlet,0.1,5,0,50,8,0.1,1.0,1.0,1.0,256,hist,,40,4.0,gaussian,random,proportional_blocks,4,20.0,100.0,0.2,42,20,1000,100,"[""Src_IP"", ""Dst_IP""]",50062,12516,79,"[""benign"", ""attack""]","[2503, 20045, 4919, 8290, 14305]",0.061427198399996996,0.004328495999970983,0.0,0.0,0.05705875119997472,0.0,0.0,0.0,0,0,0,0,0,0,0,0,0,0,0,0,0,20.0,100.0,0.0,0.0,0.0,0.9578299776286354,0.674662261870397,0.9390679979778568,0.6718686046188239,0.6799745503938226,0.6389578163771712,0.38502923976608183,0.958707969471566,0.3610421836228288,0.9989069171648165,1.912003036113398e-07,0.0001412738000453828,1000.0,54290.0,50.0,50.0,606.0,,,,,,,,,,,,,,,,,,,,,,,,,,,,,,
IoT__binary__SOLO__dirichlet_a0.1__M5__seed1,SOLO,IoT,binary,dirichlet,0.1,5,1,50,8,0.1,1.0,1.0,1.0,256,hist,,40,4.0,gaussian,random,proportional_blocks,4,20.0,100.0,0.2,42,20,1000,100,"[""Src_IP"", ""Dst_IP""]",50062,12516,79,"[""benign"", ""attack""]","[30971, 2941, 7885, 4195, 4070]",0.0589010373999372,0.0036552300000039393,0.0,0.0,0.055203198800063545,0.0,0.0,0.0,0,0,0,0,0,0,0,0,0,0,0,0,0,20.0,100.0,0.0,0.0,0.0,0.7745286033876638,0.5921246767124287,0.7779252283124969,0.6371391134119688,0.725387984649713,0.33101736972704715,0.29673398788209726,0.9775442389418403,0.6689826302729529,0.7817933390264731,2.035801693917243e-07,0.00014653120006187238,1000.0,47125.0,50.0,50.0,395.2,,,,,,,,,,,,,,,,,,,,,,,,,,,,,,
IoT__binary__SOLO__dirichlet_a0.1__M5__seed2,SOLO,IoT,binary,dirichlet,0.1,5,2,50,8,0.1,1.0,1.0,1.0,256,hist,,40,4.0,gaussian,random,proportional_blocks,4,20.0,100.0,0.2,42,20,1000,100,"[""Src_IP"", ""Dst_IP""]",50062,12516,79,"[""benign"", ""attack""]","[1968, 3243, 14573, 2763, 27515]",0.071516454599805,0.003859294799985946,0.0,0.0,0.06761831819994768,0.0,0.0,0.0,0,0,0,0,0,0,0,0,0,0,0,0,0,20.0,100.0,0.0,0.0,0.0,0.870629594119527,0.6987529832305579,0.8900256362544262,0.6909373887922803,0.827578896957702,0.22183622828784116,0.3963500036420414,0.9855247739425188,0.7781637717121588,0.8769940222032451,2.304513262856781e-07,0.0001454741000543436,1000.0,61137.2,50.0,50.0,806.8,,,,,,,,,,,,,,,,,,,,,,,,,,,,,,
IoT__binary__SOLO__dirichlet_a0.1__M5__seed3,SOLO,IoT,binary,dirichlet,0.1,5,3,50,8,0.1,1.0,1.0,1.0,256,hist,,40,4.0,gaussian,random,proportional_blocks,4,20.0,100.0,0.2,42,20,1000,100,"[""Src_IP"", ""Dst_IP""]",50062,12516,79,"[""benign"", ""attack""]","[28007, 1980, 2128, 746, 17201]",0.06412695480003094,0.003558278599939513,0.0,0.0,0.06053180180015261,0.0,0.0,0.0,0,0,0,0,0,0,0,0,0,0,0,0,0,20.0,100.0,0.0,0.0,0.0,0.7814637264301695,0.6094946843782004,0.7951808743985606,0.6575208352648925,0.7404161360250725,0.3066997518610422,0.33580275166618384,0.9792389188636011,0.6933002481389579,0.787532023911187,2.1497395333559082e-07,0.00014860109995424865,1000.0,54624.6,50.0,50.0,615.6,,,,,,,,,,,,,,,,,,,,,,,,,,,,,,
IoT__binary__SOLO__dirichlet_a0.1__M5__seed4,SOLO,IoT,binary,dirichlet,0.1,5,4,50,8,0.1,1.0,1.0,1.0,256,hist,,40,4.0,gaussian,random,proportional_blocks,4,20.0,100.0,0.2,42,20,1000,100,"[""Src_IP"", ""Dst_IP""]",50062,12516,79,"[""benign"", ""attack""]","[30265, 5442, 12587, 944, 824]",0.055078563600091,0.0037489082000320196,0.0,0.0,0.05129608779998307,0.0,0.0,0.0,0,0,0,0,0,0,0,0,0,0,0,0,0,20.0,100.0,0.0,0.0,0.0,0.9439437519974433,0.6792737321774713,0.9328782846243385,0.673662838791328,0.68722582340389,0.6074441687344914,0.3875708864352082,0.9597547911474479,0.3925558312655087,0.9818958155422715,2.0549932885295247e-07,0.0001351396000245586,1000.0,58677.8,50.0,50.0,735.2,,,,,,,,,,,,,,,,,,,,,,,,,,,,,,
IoT__binary__SOLO__dirichlet_a0.5__M10__seed0,SOLO,IoT,binary,dirichlet,0.5,10,0,50,8,0.1,1.0,1.0,1.0,256,hist,,40,4.0,gaussian,random,proportional_blocks,4,20.0,100.0,0.2,42,20,1000,100,"[""Src_IP"", ""Dst_IP""]",50062,12516,79,"[""benign"", ""attack""]","[1190, 8406, 8577, 1474, 3888, 3924, 8092, 3245, 8851, 2415]",0.06397738809998828,0.0021060283000224446,0.0,0.0,0.06183116969998537,0.0,0.0,0.0,0,0,0,0,0,0,0,0,0,0,0,0,0,20.0,100.0,0.0,0.0,0.0,0.9805049536593161,0.9364794352354531,0.9825107512504735,0.9335410949625944,0.9482796617173082,0.08870967741935484,0.8733852277733025,0.9936969621518864,0.9112903225806452,0.9852690008539711,2.5501800095898615e-07,0.00014814019998539153,1000.0,64217.0,50.0,50.0,897.2,,,,,,,,,,,,,,,,,,,,,,,,,,,,,,
IoT__binary__SOLO__dirichlet_a0.5__M10__seed1,SOLO,IoT,binary,dirichlet,0.5,10,1,50,8,0.1,1.0,1.0,1.0,256,hist,,40,4.0,gaussian,random,proportional_blocks,4,20.0,100.0,0.2,42,20,1000,100,"[""Src_IP"", ""Dst_IP""]",50062,12516,79,"[""benign"", ""attack""]","[2546, 2584, 4921, 16350, 1202, 2436, 12730, 832, 4293, 2168]",0.05431022240004495,0.0021703127999444403,0.0,0.0,0.05210063449999325,0.0,0.0,0.0,0,0,0,0,0,0,0,0,0,0,0,0,0,20.0,100.0,0.0,0.0,0.0,0.9658517098114414,0.9159270479531303,0.9718531768931061,0.9233774710535249,0.9418928700841043,0.08560794044665013,0.8526884452684367,0.9940664968386128,0.9143920595533498,0.9693936806148591,2.411055688808776e-07,0.00014462860001458467,1000.0,60295.8,50.0,50.0,782.2,,,,,,,,,,,,,,,,,,,,,,,,,,,,,,
IoT__binary__SOLO__dirichlet_a0.5__M10__seed2,SOLO,IoT,binary,dirichlet,0.5,10,2,50,8,0.1,1.0,1.0,1.0,256,hist,,40,4.0,gaussian,random,proportional_blocks,4,20.0,100.0,0.2,42,20,1000,100,"[""Src_IP"", ""Dst_IP""]",50062,12516,79,"[""benign"", ""attack""]","[9170, 1963, 3554, 1737, 3333, 3287, 1168, 1784, 3993, 20073]",0.057197084499921405,0.002128712800094945,0.0,0.0,0.055031718600093885,0.0,0.0,0.0,0,0,0,0,0,0,0,0,0,0,0,0,0,20.0,100.0,0.0,0.0,0.0,0.9869287312240334,0.9280543069865514,0.9847280955236597,0.9696339703262936,0.9227724177973482,0.15086848635235733,0.9492849613394954,0.9899829793130914,0.8491315136476428,0.9964133219470538,2.3555381910706607e-07,0.00014024755005266344,1000.0,62459.8,50.0,50.0,845.6,,,,,,,,,,,,,,,,,,,,,,,,,,,,,,
IoT__binary__SOLO__dirichlet_a0.5__M10__seed3,SOLO,IoT,binary,dirichlet,0.5,10,3,50,8,0.1,1.0,1.0,1.0,256,hist,,40,4.0,gaussian,random,proportional_blocks,4,20.0,100.0,0.2,42,20,1000,100,"[""Src_IP"", ""Dst_IP""]",50062,12516,79,"[""benign"", ""attack""]","[5405, 14769, 13070, 1298, 3571, 2453, 1140, 3788, 3821, 747]",0.05203130759996384,0.001986884999996619,0.0,0.0,0.05000960540000961,0.0,0.0,0.0,0,0,0,0,0,0,0,0,0,0,0,0,0,20.0,100.0,0.0,0.0,0.0,0.975343560242889,0.8739705436023515,0.9723592019267183,0.890508969382747,0.8689250984821355,0.25322580645161286,0.7979589239326829,0.9830590148328113,0.746774193548387,0.9910760034158838,2.3196742568987393e-07,0.00013615419998131985,1000.0,61029.5,50.0,50.0,803.8,,,,,,,,,,,,,,,,,,,,,,,,,,,,,,
IoT__binary__SOLO__dirichlet_a0.5__M10__seed4,SOLO,IoT,binary,dirichlet,0.5,10,4,50,8,0.1,1.0,1.0,1.0,256,hist,,40,4.0,gaussian,random,proportional_blocks,4,20.0,100.0,0.2,42,20,1000,100,"[""Src_IP"", ""Dst_IP""]",50062,12516,79,"[""benign"", ""attack""]","[2400, 797, 2411, 5155, 11656, 6462, 4131, 6414, 6610, 4026]",0.053525285099931354,0.0019266005000190488,0.0,0.0,0.05156566000000566,0.0,0.0,0.0,0,0,0,0,0,0,0,0,0,0,0,0,0,20.0,100.0,0.0,0.0,0.0,0.988039309683605,0.9354151275682072,0.9861899581579185,0.9853231114240117,0.9151055491160447,0.1686104218362283,0.9819106596314924,0.988735563216531,0.8313895781637717,0.9988215200683177,2.2855882870232564e-07,0.00014021850004155567,1000.0,60286.3,50.0,50.0,781.8,,,,,,,,,,,,,,,,,,,,,,,,,,,,,,
IoT__binary__SOLO__dirichlet_a0.5__M2__seed0,SOLO,IoT,binary,dirichlet,0.5,2,0,50,8,0.1,1.0,1.0,1.0,256,hist,,40,4.0,gaussian,random,proportional_blocks,4,20.0,100.0,0.2,42,20,1000,100,"[""Src_IP"", ""Dst_IP""]",50062,12516,79,"[""benign"", ""attack""]","[5524, 44538]",0.15816655300000093,0.013052954000045247,0.0,0.0,0.14507093750000877,0.0,0.0,0.0,0,0,0,0,0,0,0,0,0,0,0,0,0,20.0,100.0,0.0,0.0,0.0,0.9953659316075423,0.9809657011633558,0.9953892809297153,0.9801560624532939,0.9819269653516645,0.03349875930521092,0.9626201006557877,0.9976920242508001,0.966501240694789,0.9973526900085397,2.779306887253545e-07,0.0001435894999985976,1000.0,106549.0,50.0,50.0,2142.0,,,,,,,,,,,,,,,,,,,,,,,,,,,,,,
IoT__binary__SOLO__dirichlet_a0.5__M2__seed1,SOLO,IoT,binary,dirichlet,0.5,2,1,50,8,0.1,1.0,1.0,1.0,256,hist,,40,4.0,gaussian,random,proportional_blocks,4,20.0,100.0,0.2,42,20,1000,100,"[""Src_IP"", ""Dst_IP""]",50062,12516,79,"[""benign"", ""attack""]","[39524, 10538]",0.14111055600005784,0.008743051999999807,0.0,0.0,0.13232554900014293,0.0,0.0,0.0,0,0,0,0,0,0,0,0,0,0,0,0,0,20.0,100.0,0.0,0.0,0.0,0.9859779482262704,0.946625994083393,0.9865497345768497,0.9362646547977932,0.9656457334296787,0.05769230769230769,0.8764908533073645,0.9960384562882219,0.9423076923076923,0.9889837745516652,2.6468380472683214e-07,0.00014131774992165447,1000.0,91585.5,50.0,50.0,1702.0,,,,,,,,,,,,,,,,,,,,,,,,,,,,,,
IoT__binary__SOLO__dirichlet_a0.5__M2__seed2,SOLO,IoT,binary,dirichlet,0.5,2,2,50,8,0.1,1.0,1.0,1.0,256,hist,,40,4.0,gaussian,random,proportional_blocks,4,20.0,100.0,0.2,42,20,1000,100,"[""Src_IP"", ""Dst_IP""]",50062,12516,79,"[""benign"", ""attack""]","[16811, 33251]",0.15647291150003184,0.009714363000057347,0.0,0.0,0.1467182325000067,0.0,0.0,0.0,0,0,0,0,0,0,0,0,0,0,0,0,0,20.0,100.0,0.0,0.0,0.0,0.9961649089165867,0.9838748778531079,0.9961392906850296,0.9902387780184921,0.9780215844869711,0.042803970223325064,0.9834152334152334,0.9970623226217508,0.957196029776675,0.9988471391972673,2.7167209970712977e-07,0.0001537949999601551,1000.0,99035.0,50.0,50.0,1921.0,,,,,,,,,,,,,,,,,,,,,,,,,,,,,,
IoT__binary__SOLO__dirichlet_a0.5__M2__seed3,SOLO,IoT,binary,dirichlet,0.5,2,3,50,8,0.1,1.0,1.0,1.0,256,hist,,40,4.0,gaussian,random,proportional_blocks,4,20.0,100.0,0.2,42,20,1000,100,"[""Src_IP"", ""Dst_IP""]",50062,12516,79,"[""benign"", ""attack""]","[6994, 43068]",0.18659642900001927,0.009969879999971454,0.0,0.0,0.17658152000012706,0.0,0.0,0.0,0,0,0,0,0,0,0,0,0,0,0,0,0,20.0,100.0,0.0,0.0,0.0,0.9589325663151167,0.8881725282725454,0.9656601033291357,0.8596153994179319,0.9682329158128722,0.02109181141439206,0.7207475599880663,0.9984832388477973,0.9789081885856079,0.9575576430401367,2.833641339157358e-07,0.0001474540000572233,1000.0,108827.0,50.0,50.0,2209.0,,,,,,,,,,,,,,,,,,,,,,,,,,,,,,
IoT__binary__SOLO__dirichlet_a0.5__M2__seed4,SOLO,IoT,binary,dirichlet,0.5,2,4,50,8,0.1,1.0,1.0,1.0,256,hist,,40,4.0,gaussian,random,proportional_blocks,4,20.0,100.0,0.2,42,20,1000,100,"[""Src_IP"", ""Dst_IP""]",50062,12516,79,"[""benign"", ""attack""]","[26596, 23466]",0.13015109649995793,0.008173497499910809,0.0,0.0,0.12191122750004979,0.0,0.0,0.0,0,0,0,0,0,0,0,0,0,0,0,0,0,20.0,100.0,0.0,0.0,0.0,0.9455896452540747,0.8526498233933741,0.954478204934713,0.8443750032932371,0.9278874495934633,0.0924317617866005,0.6951330170254995,0.9936169895609748,0.9075682382133995,0.9482066609735269,2.5673262223397536e-07,0.0001380664999715009,1000.0,83383.0,50.0,50.0,1461.0,,,,,,,,,,,,,,,,,,,,,,,,,,,,,,
IoT__binary__SOLO__dirichlet_a0.5__M5__seed0,SOLO,IoT,binary,dirichlet,0.5,5,0,50,8,0.1,1.0,1.0,1.0,256,hist,,40,4.0,gaussian,random,proportional_blocks,4,20.0,100.0,0.2,42,20,1000,100,"[""Src_IP"", ""Dst_IP""]",50062,12516,79,"[""benign"", ""attack""]","[2718, 16263, 4585, 11717, 14779]",0.0904577208000319,0.00396613700004309,0.0,0.0,0.08644902679998268,0.0,0.0,0.0,0,0,0,0,0,0,0,0,0,0,0,0,0,20.0,100.0,0.0,0.0,0.0,0.9753275806967082,0.9295429590888219,0.9789509301019613,0.9241708426514046,0.9596651925248934,0.058312655086848644,0.8524200973566749,0.9959215879461343,0.9416873449131515,0.9776430401366353,2.8379838606584417e-07,0.00014379689998804678,1000.0,78961.4,50.0,50.0,1330.8,,,,,,,,,,,,,,,,,,,,,,,,,,,,,,
IoT__binary__SOLO__dirichlet_a0.5__M5__seed1,SOLO,IoT,binary,dirichlet,0.5,5,1,50,8,0.1,1.0,1.0,1.0,256,hist,,40,4.0,gaussian,random,proportional_blocks,4,20.0,100.0,0.2,42,20,1000,100,"[""Src_IP"", ""Dst_IP""]",50062,12516,79,"[""benign"", ""attack""]","[7960, 1645, 2303, 8945, 29209]",0.07389444499985984,0.003690466199986986,0.0,0.0,0.07015400780010168,0.0,0.0,0.0,0,0,0,0,0,0,0,0,0,0,0,0,0,20.0,100.0,0.0,0.0,0.0,0.9572547139661234,0.8858835554802637,0.9643736092724471,0.8767508532445898,0.947349596217947,0.06401985111662531,0.7578985487114824,0.9956031577776973,0.9359801488833748,0.958719043552519,2.396458932606749e-07,0.00014038699987395376,1000.0,64294.8,50.0,50.0,899.6,,,,,,,,,,,,,,,,,,,,,,,,,,,,,,
IoT__binary__SOLO__dirichlet_a0.5__M5__seed2,SOLO,IoT,binary,dirichlet,0.5,5,2,50,8,0.1,1.0,1.0,1.0,256,hist,,40,4.0,gaussian,random,proportional_blocks,4,20.0,100.0,0.2,42,20,1000,100,"[""Src_IP"", ""Dst_IP""]",50062,12516,79,"[""benign"", ""attack""]","[26196, 4213, 4607, 9134, 5912]",0.10037768960000903,0.0035435538001365786,0.0,0.0,0.09678834920005101,0.0,0.0,0.0,0,0,0,0,0,0,0,0,0,0,0,0,0,20.0,100.0,0.0,0.0,0.0,0.9869127516778524,0.9474214566875597,0.9871138096906595,0.9423454245717895,0.9584625767885182,0.07419354838709678,0.8897626172090733,0.9949282319345055,0.9258064516129034,0.9911187019641332,3.096694151417295e-07,0.00014394870008800354,1000.0,76938.0,50.0,50.0,1271.2,,,,,,,,,,,,,,,,,,,,,,,,,,,,,,
IoT__binary__SOLO__dirichlet_a0.5__M5__seed3,SOLO,IoT,binary,dirichlet,0.5,5,3,50,8,0.1,1.0,1.0,1.0,256,hist,,40,4.0,gaussian,random,proportional_blocks,4,20.0,100.0,0.2,42,20,1000,100,"[""Src_IP"", ""Dst_IP""]",50062,12516,79,"[""benign"", ""attack""]","[7564, 2902, 3975, 6841, 28780]",0.08259598819995517,0.0035222261999479088,0.0,0.0,0.07903607379994355,0.0,0.0,0.0,0,0,0,0,0,0,0,0,0,0,0,0,0,20.0,100.0,0.0,0.0,0.0,0.9630233301374241,0.9176028877759265,0.9706869096035815,0.9191318374576172,0.9584039854803745,0.04689826302729529,0.8415167964555378,0.9967468784596966,0.9531017369727047,0.9637062339880444,2.582517257901497e-07,0.00013738710003963206,1000.0,72872.6,50.0,50.0,1151.6,,,,,,,,,,,,,,,,,,,,,,,,,,,,,,
IoT__binary__SOLO__dirichlet_a0.5__M5__seed4,SOLO,IoT,binary,dirichlet,0.5,5,4,50,8,0.1,1.0,1.0,1.0,256,hist,,40,4.0,gaussian,random,proportional_blocks,4,20.0,100.0,0.2,42,20,1000,100,"[""Src_IP"", ""Dst_IP""]",50062,12516,79,"[""benign"", ""attack""]","[13876, 14414, 9376, 9232, 3164]",0.0915285229998517,0.0036931058000845953,0.0,0.0,0.08779831680003554,0.0,0.0,0.0,0,0,0,0,0,0,0,0,0,0,0,0,0,20.0,100.0,0.0,0.0,0.0,0.9559124320869288,0.8798298958296616,0.9630254011128356,0.8700722725125628,0.9433974270681249,0.07096774193548387,0.7450501973600258,0.9950943476650999,0.9290322580645161,0.9577625960717334,2.4416868009237776e-07,0.0001371127000766137,1000.0,73273.4,50.0,50.0,1163.6,,,,,,,,,,,,,,,,,,,,,,,,,,,,,,
IoT__binary__SOLO__dirichlet_a1.0__M10__seed0,SOLO,IoT,binary,dirichlet,1.0,10,0,50,8,0.1,1.0,1.0,1.0,256,hist,,40,4.0,gaussian,random,proportional_blocks,4,20.0,100.0,0.2,42,20,1000,100,"[""Src_IP"", ""Dst_IP""]",50062,12516,79,"[""benign"", ""attack""]","[1450, 3248, 1968, 5994, 7202, 2351, 15747, 5384, 5023, 1695]",0.06241743839998435,0.001939347000006819,0.0,0.0,0.06043918970001414,0.0,0.0,0.0,0,0,0,0,0,0,0,0,0,0,0,0,0,20.0,100.0,0.0,0.0,0.0,0.9941834451901566,0.9753025189013119,0.9941153960921317,0.9832677251752594,0.9681823980267549,0.06166253101736972,0.9707618495749852,0.9957736007755337,0.9383374689826303,0.9980273270708796,2.4913978108053316e-07,0.00014161775001184652,1000.0,66328.5,50.0,50.0,959.2,,,,,,,,,,,,,,,,,,,,,,,,,,,,,,
IoT__binary__SOLO__dirichlet_a1.0__M10__seed1,SOLO,IoT,binary,dirichlet,1.0,10,1,50,8,0.1,1.0,1.0,1.0,256,hist,,40,4.0,gaussian,random,proportional_blocks,4,20.0,100.0,0.2,42,20,1000,100,"[""Src_IP"", ""Dst_IP""]",50062,12516,79,"[""benign"", ""attack""]","[4784, 4205, 699, 2946, 6853, 2146, 2395, 5943, 15348, 4743]",0.06195236039998235,0.002371892500013928,0.0,0.0,0.05953876000012315,0.0,0.0,0.0,0,0,0,0,0,0,0,0,0,0,0,0,0,20.0,100.0,0.0,0.0,0.0,0.9903004154682007,0.9629278689841781,0.9906751569820699,0.9618508432200816,0.9688221981594065,0.055831265508684856,0.9275419790565694,0.9961597073835942,0.9441687344913152,0.993475661827498,2.59680816559043e-07,0.00013968905004730915,1000.0,64927.6,50.0,50.0,918.0,,,,,,,,,,,,,,,,,,,,,,,,,,,,,,
IoT__binary__SOLO__dirichlet_a1.0__M10__seed2,SOLO,IoT,binary,dirichlet,1.0,10,2,50,8,0.1,1.0,1.0,1.0,256,hist,,40,4.0,gaussian,random,proportional_blocks,4,20.0,100.0,0.2,42,20,1000,100,"[""Src_IP"", ""Dst_IP""]",50062,12516,79,"[""benign"", ""attack""]","[2225, 3855, 9306, 7252, 9255, 3498, 1910, 4290, 5063, 3408]",0.0661901224999383,0.00203921530005573,0.0,0.0,0.06410628969993012,0.0,0.0,0.0,0,0,0,0,0,0,0,0,0,0,0,0,0,20.0,100.0,0.0,0.0,0.0,0.9942154042825184,0.9755231588597368,0.9941577209646763,0.9838641291899893,0.9686038316384588,0.06079404466501241,0.9718917326786931,0.995836525701286,0.9392059553349876,0.99800170794193,2.570737855557934e-07,0.00014198214992120484,1000.0,65492.4,50.0,50.0,934.6,,,,,,,,,,,,,,,,,,,,,,,,,,,,,,
IoT__binary__SOLO__dirichlet_a1.0__M10__seed3,SOLO,IoT,binary,dirichlet,1.0,10,3,50,8,0.1,1.0,1.0,1.0,256,hist,,40,4.0,gaussian,random,proportional_blocks,4,20.0,100.0,0.2,42,20,1000,100,"[""Src_IP"", ""Dst_IP""]",50062,12516,79,"[""benign"", ""attack""]","[10127, 814, 2152, 5310, 1376, 4575, 7197, 4629, 4031, 9851]",0.062050618599960215,0.0019461402000160888,0.0,0.0,0.06006882629994834,0.0,0.0,0.0,0,0,0,0,0,0,0,0,0,0,0,0,0,20.0,100.0,0.0,0.0,0.0,0.9914829018855864,0.9634068308636637,0.9913272418252085,0.9766822868762395,0.9561104483241614,0.08449131513647642,0.9591097383235573,0.9942548354289217,0.9155086848635235,0.9967122117847994,2.5043549056920033e-07,0.0001394763000007515,1000.0,67849.0,50.0,50.0,1004.0,,,,,,,,,,,,,,,,,,,,,,,,,,,,,,
IoT__binary__SOLO__dirichlet_a1.0__M10__seed4,SOLO,IoT,binary,dirichlet,1.0,10,4,50,8,0.1,1.0,1.0,1.0,256,hist,,40,4.0,gaussian,random,proportional_blocks,4,20.0,100.0,0.2,42,20,1000,100,"[""Src_IP"", ""Dst_IP""]",50062,12516,79,"[""benign"", ""attack""]","[3288, 3207, 5549, 2861, 3817, 3978, 7082, 2092, 13809, 4379]",0.06103758320000452,0.0019709143999989466,0.0,0.0,0.059030738499996,0.0,0.0,0.0,0,0,0,0,0,0,0,0,0,0,0,0,0,20.0,100.0,0.0,0.0,0.0,0.9924576542026206,0.9651562370217336,0.9920245894389108,0.9866816606829639,0.9501039386497088,0.09851116625310172,0.9800395760212787,0.9933237453446491,0.9014888337468981,0.9987190435525191,2.4253699264974076e-07,0.0001472883999667829,1000.0,64521.2,50.0,50.0,906.2,,,,,,,,,,,,,,,,,,,,,,,,,,,,,,
IoT__binary__SOLO__dirichlet_a1.0__M2__seed0,SOLO,IoT,binary,dirichlet,1.0,2,0,50,8,0.1,1.0,1.0,1.0,256,hist,,40,4.0,gaussian,random,proportional_blocks,4,20.0,100.0,0.2,42,20,1000,100,"[""Src_IP"", ""Dst_IP""]",50062,12516,79,"[""benign"", ""attack""]","[11045, 39017]",0.17300223000006554,0.008381747500038728,0.0,0.0,0.16457662600009826,0.0,0.0,0.0,0,0,0,0,0,0,0,0,0,0,0,0,0,20.0,100.0,0.0,0.0,0.0,0.99820230105465,0.9924701630941948,0.9981937904987863,0.9969778052412719,0.9880639545848493,0.02357320099255583,0.9955758797829949,0.9983797306995488,0.9764267990074442,0.9997011101622545,2.919299296892839e-07,0.0001486224999212027,1000.0,109813.0,50.0,50.0,2238.0,,,,,,,,,,,,,,,,,,,,,,,,,,,,,,
IoT__binary__SOLO__dirichlet_a1.0__M2__seed1,SOLO,IoT,binary,dirichlet,1.0,2,1,50,8,0.1,1.0,1.0,1.0,256,hist,,40,4.0,gaussian,random,proportional_blocks,4,20.0,100.0,0.2,42,20,1000,100,"[""Src_IP"", ""Dst_IP""]",50062,12516,79,"[""benign"", ""attack""]","[36950, 13112]",0.16456768799980637,0.012199894499872244,0.0,0.0,0.1523238209997544,0.0,0.0,0.0,0,0,0,0,0,0,0,0,0,0,0,0,0,20.0,100.0,0.0,0.0,0.0,0.9982422499201022,0.992640316879869,0.9982342693798126,0.997000290588257,0.9883741282821198,0.02295285359801489,0.9955783046838165,0.9984222764926978,0.9770471464019851,0.9997011101622545,2.9507298658233503e-07,0.00014291875004346366,1000.0,119061.0,50.0,50.0,2510.0,,,,,,,,,,,,,,,,,,,,,,,,,,,,,,
IoT__binary__SOLO__dirichlet_a1.0__M2__seed2,SOLO,IoT,binary,dirichlet,1.0,2,2,50,8,0.1,1.0,1.0,1.0,256,hist,,40,4.0,gaussian,random,proportional_blocks,4,20.0,100.0,0.2,42,20,1000,100,"[""Src_IP"", ""Dst_IP""]",50062,12516,79,"[""benign"", ""attack""]","[27186, 22876]",0.16128312450018711,0.008282356999870899,0.0,0.0,0.15295986900014213,0.0,0.0,0.0,0,0,0,0,0,0,0,0,0,0,0,0,0,20.0,100.0,0.0,0.0,0.0,0.9982821987855545,0.9927871216708843,0.9982719297258272,0.9984949115823358,0.9872401798636613,0.02543424317617866,0.9987373737373737,0.998252449427298,0.9745657568238213,0.9999146029035013,3.005194151438504e-07,0.00014767924994885107,1000.0,109337.0,50.0,50.0,2224.0,,,,,,,,,,,,,,,,,,,,,,,,,,,,,,
IoT__binary__SOLO__dirichlet_a1.0__M2__seed3,SOLO,IoT,binary,dirichlet,1.0,2,3,50,8,0.1,1.0,1.0,1.0,256,hist,,40,4.0,gaussian,random,proportional_blocks,4,20.0,100.0,0.2,42,20,1000,100,"[""Src_IP"", ""Dst_IP""]",50062,12516,79,"[""benign"", ""attack""]","[42091, 7971]",0.27102260049991855,0.009831032499960202,0.0,0.0,0.26113983799996277,0.0,0.0,0.0,0,0,0,0,0,0,0,0,0,0,0,0,0,20.0,100.0,0.0,0.0,0.0,0.9970837328219879,0.9876305402569625,0.9970512683399888,0.9963479767735751,0.9793790910612761,0.04094292803970223,0.9955048237273623,0.997191129819788,0.9590570719602978,0.9997011101622545,2.834730345157894e-07,0.00013519374999759748,1000.0,103013.0,50.0,50.0,2038.0,,,,,,,,,,,,,,,,,,,,,,,,,,,,,,
IoT__binary__SOLO__dirichlet_a1.0__M2__seed4,SOLO,IoT,binary,dirichlet,1.0,2,4,50,8,0.1,1.0,1.0,1.0,256,hist,,40,4.0,gaussian,random,proportional_blocks,4,20.0,100.0,0.2,42,20,1000,100,"[""Src_IP"", ""Dst_IP""]",50062,12516,79,"[""benign"", ""attack""]","[36622, 13440]",0.17417527099996732,0.012385804500127051,0.0,0.0,0.16174769250005738,0.0,0.0,0.0,0,0,0,0,0,0,0,0,0,0,0,0,0,20.0,100.0,0.0,0.0,0.0,0.9964844998402045,0.9855656725244077,0.99650286653578,0.9833080439142716,0.9880124090669254,0.021712158808933003,0.9681116146216239,0.9985044732069193,0.9782878411910669,0.997736976942784,2.785805368960843e-07,0.0001420672499534703,1000.0,107705.0,50.0,50.0,2176.0,,,,,,,,,,,,,,,,,,,,,,,,,,,,,,
IoT__binary__SOLO__dirichlet_a1.0__M5__seed0,SOLO,IoT,binary,dirichlet,1.0,5,0,50,8,0.1,1.0,1.0,1.0,256,hist,,40,4.0,gaussian,random,proportional_blocks,4,20.0,100.0,0.2,42,20,1000,100,"[""Src_IP"", ""Dst_IP""]",50062,12516,79,"[""benign"", ""attack""]","[4831, 9419, 6613, 13940, 15259]",0.09495203919996129,0.003818251600068834,0.0,0.0,0.09108880679996219,0.0,0.0,0.0,0,0,0,0,0,0,0,0,0,0,0,0,0,20.0,100.0,0.0,0.0,0.0,0.9950463406839246,0.9795724311739283,0.9950615236751365,0.979836842751672,0.9797921650812758,0.03771712158808933,0.9622676474351154,0.9974060380682287,0.9622828784119107,0.9973014517506404,3.0543277405121104e-07,0.00013720170002216037,1000.0,81633.6,50.0,50.0,1409.2,,,,,,,,,,,,,,,,,,,,,,,,,,,,,,
IoT__binary__SOLO__dirichlet_a1.0__M5__seed1,SOLO,IoT,binary,dirichlet,1.0,5,1,50,8,0.1,1.0,1.0,1.0,256,hist,,40,4.0,gaussian,random,proportional_blocks,4,20.0,100.0,0.2,42,20,1000,100,"[""Src_IP"", ""Dst_IP""]",50062,12516,79,"[""benign"", ""attack""]","[6491, 7950, 8271, 6488, 20862]",0.08952475859987316,0.0035750216000451475,0.0,0.0,0.08590798779996475,0.0,0.0,0.0,0,0,0,0,0,0,0,0,0,0,0,0,0,20.0,100.0,0.0,0.0,0.0,0.9957494407158837,0.9821468218815699,0.9957233104569555,0.9878492110887109,0.9769330787666372,0.04466501240694789,0.9787642653044744,0.9969341568729476,0.9553349875930521,0.9985311699402221,3.010021092991118e-07,0.00014075730005060904,1000.0,78940.4,50.0,50.0,1330.0,,,,,,,,,,,,,,,,,,,,,,,,,,,,,,
IoT__binary__SOLO__dirichlet_a1.0__M5__seed2,SOLO,IoT,binary,dirichlet,1.0,5,2,50,8,0.1,1.0,1.0,1.0,256,hist,,40,4.0,gaussian,random,proportional_blocks,4,20.0,100.0,0.2,42,20,1000,100,"[""Src_IP"", ""Dst_IP""]",50062,12516,79,"[""benign"", ""attack""]","[15612, 24312, 4162, 3256, 2720]",0.10527463860007628,0.003722309400109225,0.0,0.0,0.10151006620008048,0.0,0.0,0.0,0,0,0,0,0,0,0,0,0,0,0,0,0,20.0,100.0,0.0,0.0,0.0,0.9949185043144775,0.9790203462783286,0.9949310285342452,0.9810776853162502,0.9776443115574269,0.042183622828784115,0.9650543516988485,0.997101018933652,0.9578163771712159,0.9974722459436378,2.6899263341680887e-07,0.00014230619999580085,1000.0,77225.2,50.0,50.0,1279.6,,,,,,,,,,,,,,,,,,,,,,,,,,,,,,
IoT__binary__SOLO__dirichlet_a1.0__M5__seed3,SOLO,IoT,binary,dirichlet,1.0,5,3,50,8,0.1,1.0,1.0,1.0,256,hist,,40,4.0,gaussian,random,proportional_blocks,4,20.0,100.0,0.2,42,20,1000,100,"[""Src_IP"", ""Dst_IP""]",50062,12516,79,"[""benign"", ""attack""]","[23704, 10275, 5090, 5189, 5804]",0.08960847620001004,0.003657640399887896,0.0,0.0,0.08591261119991031,0.0,0.0,0.0,0,0,0,0,0,0,0,0,0,0,0,0,0,20.0,100.0,0.0,0.0,0.0,0.9881271971875998,0.9586155824220128,0.9890520410572895,0.9548277128042093,0.9727441074943899,0.04491315136476426,0.9127415734204692,0.9969138521879494,0.9550868486352357,0.990401366353544,2.581814956934639e-07,0.00013663339996128343,1000.0,79809.0,50.0,50.0,1355.6,,,,,,,,,,,,,,,,,,,,,,,,,,,,,,
IoT__binary__SOLO__dirichlet_a1.0__M5__seed4,SOLO,IoT,binary,dirichlet,1.0,5,4,50,8,0.1,1.0,1.0,1.0,256,hist,,40,4.0,gaussian,random,proportional_blocks,4,20.0,100.0,0.2,42,20,1000,100,"[""Src_IP"", ""Dst_IP""]",50062,12516,79,"[""benign"", ""attack""]","[8677, 2409, 9028, 10886, 19062]",0.09019829820008454,0.0035095258000183093,0.0,0.0,0.08664873059979072,0.0,0.0,0.0,0,0,0,0,0,0,0,0,0,0,0,0,0,20.0,100.0,0.0,0.0,0.0,0.9765420262064557,0.9336894633356613,0.9800580968889909,0.933088231336298,0.9613539783816085,0.05607940446650124,0.8700400437653137,0.9961364189072824,0.9439205955334987,0.9787873612297181,2.8946548418380566e-07,0.00013558690002355434,1000.0,79100.4,50.0,50.0,1334.8,,,,,,,,,,,,,,,,,,,,,,,,,,,,,,
IoT__binary__SOLO__iid__M10__seed0,SOLO,IoT,binary,iid,,10,0,50,8,0.1,1.0,1.0,1.0,256,hist,,40,4.0,gaussian,random,proportional_blocks,4,20.0,100.0,0.2,42,20,1000,100,"[""Src_IP"", ""Dst_IP""]",50062,12516,79,"[""benign"", ""attack""]","[5007, 5007, 5006, 5006, 5006, 5006, 5006, 5006, 5006, 5006]",0.07252995119995376,0.002060835300017061,0.0,0.0,0.07042521729993041,0.0,0.0,0.0,0,0,0,0,0,0,0,0,0,0,0,0,0,20.0,100.0,0.0,0.0,0.0,0.9967162032598272,0.9861694166781321,0.9966914663971733,0.9933283491390666,0.9792982075085874,0.040694789081885854,0.9894512349348219,0.9972054633433114,0.9593052109181143,0.9992912040990607,2.6601615531798053e-07,0.00014700280004262823,1000.0,70977.8,50.0,50.0,1095.8,,,,,,,,,,,,,,,,,,,,,,,,,,,,,,
IoT__binary__SOLO__iid__M10__seed1,SOLO,IoT,binary,iid,,10,1,50,8,0.1,1.0,1.0,1.0,256,hist,,40,4.0,gaussian,random,proportional_blocks,4,20.0,100.0,0.2,42,20,1000,100,"[""Src_IP"", ""Dst_IP""]",50062,12516,79,"[""benign"", ""attack""]","[5007, 5007, 5006, 5006, 5006, 5006, 5006, 5006, 5006, 5006]",0.07173645920006493,0.002112517699924865,0.0,0.0,0.06958265520006535,0.0,0.0,0.0,0,0,0,0,0,0,0,0,0,0,0,0,0,20.0,100.0,0.0,0.0,0.0,0.996348673697667,0.984584992370533,0.9963167645021075,0.992969606638473,0.9765601392629575,0.046153846153846156,0.9891077272827798,0.9968314859941657,0.9538461538461538,0.9992741246797608,2.632731383905729e-07,0.0001380651000090438,1000.0,70889.2,50.0,50.0,1093.2,,,,,,,,,,,,,,,,,,,,,,,,,,,,,,
IoT__binary__SOLO__iid__M10__seed2,SOLO,IoT,binary,iid,,10,2,50,8,0.1,1.0,1.0,1.0,256,hist,,40,4.0,gaussian,random,proportional_blocks,4,20.0,100.0,0.2,42,20,1000,100,"[""Src_IP"", ""Dst_IP""]",50062,12516,79,"[""benign"", ""attack""]","[5007, 5007, 5006, 5006, 5006, 5006, 5006, 5006, 5006, 5006]",0.07431059720006487,0.0020069433999651666,0.0,0.0,0.07226248329998271,0.0,0.0,0.0,0,0,0,0,0,0,0,0,0,0,0,0,0,20.0,100.0,0.0,0.0,0.0,0.9961569191434962,0.983789922495089,0.9961250761698365,0.9917106737535724,0.9762266032086423,0.04665012406947891,0.9866240644683539,0.9967972830387908,0.953349875930521,0.9991033304867634,3.9703563438187793e-07,0.00014240334999158222,1000.0,70379.2,50.0,50.0,1078.2,,,,,,,,,,,,,,,,,,,,,,,,,,,,,,
IoT__binary__SOLO__iid__M10__seed3,SOLO,IoT,binary,iid,,10,3,50,8,0.1,1.0,1.0,1.0,256,hist,,40,4.0,gaussian,random,proportional_blocks,4,20.0,100.0,0.2,42,20,1000,100,"[""Src_IP"", ""Dst_IP""]",50062,12516,79,"[""benign"", ""attack""]","[5007, 5007, 5006, 5006, 5006, 5006, 5006, 5006, 5006, 5006]",0.07614795209988187,0.0021774991000256703,0.0,0.0,0.07392724269998326,0.0,0.0,0.0,0,0,0,0,0,0,0,0,0,0,0,0,0,20.0,100.0,0.0,0.0,0.0,0.9967002237136464,0.9860935293665587,0.9966743330700419,0.9933360617898132,0.9791163731450501,0.04106699751861042,0.9894922881278815,0.9971798354517448,0.9589330024813896,0.9992997438087106,2.8421320709708873e-07,0.0001471453000249312,1000.0,71283.6,50.0,50.0,1104.8,,,,,,,,,,,,,,,,,,,,,,,,,,,,,,
IoT__binary__SOLO__iid__M10__seed4,SOLO,IoT,binary,iid,,10,4,50,8,0.1,1.0,1.0,1.0,256,hist,,40,4.0,gaussian,random,proportional_blocks,4,20.0,100.0,0.2,42,20,1000,100,"[""Src_IP"", ""Dst_IP""]",50062,12516,79,"[""benign"", ""attack""]","[5007, 5007, 5006, 5006, 5006, 5006, 5006, 5006, 5006, 5006]",0.06978376379993279,0.002070482100089066,0.0,0.0,0.067677189799997,0.0,0.0,0.0,0,0,0,0,0,0,0,0,0,0,0,0,0,20.0,100.0,0.0,0.0,0.0,0.996476510067114,0.9851195562136864,0.996445100475387,0.9936759607672044,0.9769172813633021,0.04553349875930521,0.990477855938612,0.996874065595797,0.9544665012406949,0.9993680614859095,2.5957755673000436e-07,0.000136451000003035,1000.0,70733.0,50.0,50.0,1088.6,,,,,,,,,,,,,,,,,,,,,,,,,,,,,,
IoT__binary__SOLO__iid__M2__seed0,SOLO,IoT,binary,iid,,2,0,50,8,0.1,1.0,1.0,1.0,256,hist,,40,4.0,gaussian,random,proportional_blocks,4,20.0,100.0,0.2,42,20,1000,100,"[""Src_IP"", ""Dst_IP""]",50062,12516,79,"[""benign"", ""attack""]","[25031, 25031]",0.17072073150006872,0.012187635499913085,0.0,0.0,0.15849265050007944,0.0,0.0,0.0,0,0,0,0,0,0,0,0,0,0,0,0,0,20.0,100.0,0.0,0.0,0.0,0.9982821987855545,0.9927897368202575,0.9982722459650468,0.9984904233012762,0.9872401798636614,0.025434243176178657,0.9987285313364889,0.9982523152660636,0.9745657568238213,0.9999146029035013,2.847773649765509e-07,0.00014451600003440035,1000.0,111275.0,50.0,50.0,2281.0,,,,,,,,,,,,,,,,,,,,,,,,,,,,,,
IoT__binary__SOLO__iid__M2__seed1,SOLO,IoT,binary,iid,,2,1,50,8,0.1,1.0,1.0,1.0,256,hist,,40,4.0,gaussian,random,proportional_blocks,4,20.0,100.0,0.2,42,20,1000,100,"[""Src_IP"", ""Dst_IP""]",50062,12516,79,"[""benign"", ""attack""]","[25031, 25031]",0.16114633349980068,0.008392458500111388,0.0,0.0,0.15270940500022334,0.0,0.0,0.0,0,0,0,0,0,0,0,0,0,0,0,0,0,20.0,100.0,0.0,0.0,0.0,0.9982422499201022,0.9926399258134398,0.9982342221845891,0.9973006802412248,0.988085303858974,0.02357320099255583,0.9962216624685138,0.9983796980139356,0.9764267990074442,0.9997438087105038,3.042133668788788e-07,0.00014745449982456194,1000.0,111887.0,50.0,50.0,2299.0,,,,,,,,,,,,,,,,,,,,,,,,,,,,,,
IoT__binary__SOLO__iid__M2__seed2,SOLO,IoT,binary,iid,,2,2,50,8,0.1,1.0,1.0,1.0,256,hist,,40,4.0,gaussian,random,proportional_blocks,4,20.0,100.0,0.2,42,20,1000,100,"[""Src_IP"", ""Dst_IP""]",50062,12516,79,"[""benign"", ""attack""]","[25031, 25031]",0.17196915849990546,0.008890165499906288,0.0,0.0,0.16303570499985653,0.0,0.0,0.0,0,0,0,0,0,0,0,0,0,0,0,0,0,20.0,100.0,0.0,0.0,0.0,0.9980824544582934,0.9919542440739293,0.9980716953556383,0.9974999972598547,0.9865557846467464,0.026674937965260548,0.9968329853895921,0.9981670091301174,0.9733250620347396,0.9997865072587533,3.3577948225707485e-07,0.00014148024990845443,1000.0,113723.0,50.0,50.0,2353.0,,,,,,,,,,,,,,,,,,,,,,,,,,,,,,
IoT__binary__SOLO__iid__M2__seed3,SOLO,IoT,binary,iid,,2,3,50,8,0.1,1.0,1.0,1.0,256,hist,,40,4.0,gaussian,random,proportional_blocks,4,20.0,100.0,0.2,42,20,1000,100,"[""Src_IP"", ""Dst_IP""]",50062,12516,79,"[""benign"", ""attack""]","[25031, 25031]",0.1639623205001044,0.008154283500061865,0.0,0.0,0.15576584699988416,0.0,0.0,0.0,0,0,0,0,0,0,0,0,0,0,0,0,0,20.0,100.0,0.0,0.0,0.0,0.9982422499201022,0.9926242987813602,0.9982323363954508,0.9981723163978763,0.9872188305895366,0.025434243176178657,0.9980924010882113,0.9982522317075413,0.9745657568238213,0.999871904355252,3.086097794835368e-07,0.0001420794999376085,1000.0,117123.0,50.0,50.0,2453.0,,,,,,,,,,,,,,,,,,,,,,,,,,,,,,
IoT__binary__SOLO__iid__M2__seed4,SOLO,IoT,binary,iid,,2,4,50,8,0.1,1.0,1.0,1.0,256,hist,,40,4.0,gaussian,random,proportional_blocks,4,20.0,100.0,0.2,42,20,1000,100,"[""Src_IP"", ""Dst_IP""]",50062,12516,79,"[""benign"", ""attack""]","[25031, 25031]",0.1705895170000531,0.010740524500079118,0.0,0.0,0.15980629699993187,0.0,0.0,0.0,0,0,0,0,0,0,0,0,0,0,0,0,0,20.0,100.0,0.0,0.0,0.0,0.99820230105465,0.9924705750926252,0.9981938404015274,0.9972770050828781,0.9877751301617035,0.024193548387096774,0.9962168978562421,0.998337112309514,0.9758064516129032,0.9997438087105038,2.9251378236005007e-07,0.0001449505000437057,1000.0,113587.0,50.0,50.0,2349.0,,,,,,,,,,,,,,,,,,,,,,,,,,,,,,
IoT__binary__SOLO__iid__M5__seed0,SOLO,IoT,binary,iid,,5,0,50,8,0.1,1.0,1.0,1.0,256,hist,,40,4.0,gaussian,random,proportional_blocks,4,20.0,100.0,0.2,42,20,1000,100,"[""Src_IP"", ""Dst_IP""]",50062,12516,79,"[""benign"", ""attack""]","[10013, 10013, 10012, 10012, 10012]",0.11152687899998455,0.0034890837999682844,0.0,0.0,0.10797912680000081,0.0,0.0,0.0,0,0,0,0,0,0,0,0,0,0,0,0,0,20.0,100.0,0.0,0.0,0.0,0.9978108021732183,0.990802122161565,0.99779703315857,0.9970544139596352,0.9847354279284529,0.03027295285359801,0.9961886506514824,0.997920177267788,0.9697270471464019,0.9997438087105038,2.9922454457430234e-07,0.0001401925000436677,1000.0,86475.4,50.0,50.0,1551.6,,,,,,,,,,,,,,,,,,,,,,,,,,,,,,
IoT__binary__SOLO__iid__M5__seed1,SOLO,IoT,binary,iid,,5,1,50,8,0.1,1.0,1.0,1.0,256,hist,,40,4.0,gaussian,random,proportional_blocks,4,20.0,100.0,0.2,42,20,1000,100,"[""Src_IP"", ""Dst_IP""]",50062,12516,79,"[""benign"", ""attack""]","[10013, 10013, 10012, 10012, 10012]",0.09868538039982014,0.003798715400171204,0.0,0.0,0.09484548079999514,0.0,0.0,0.0,0,0,0,0,0,0,0,0,0,0,0,0,0,20.0,100.0,0.0,0.0,0.0,0.9975071907957813,0.9895244297785005,0.9974912613221832,0.9958240867210957,0.9834178757525223,0.032754342431761785,0.9938983845898202,0.9977497888523711,0.9672456575682382,0.9995900939368061,2.772300894786009e-07,0.00014340740003717655,1000.0,86924.2,50.0,50.0,1564.8,,,,,,,,,,,,,,,,,,,,,,,,,,,,,,
IoT__binary__SOLO__iid__M5__seed2,SOLO,IoT,binary,iid,,5,2,50,8,0.1,1.0,1.0,1.0,256,hist,,40,4.0,gaussian,random,proportional_blocks,4,20.0,100.0,0.2,42,20,1000,100,"[""Src_IP"", ""Dst_IP""]",50062,12516,79,"[""benign"", ""attack""]","[10013, 10013, 10012, 10012, 10012]",0.10099078900002496,0.0036968786000215912,0.0,0.0,0.09725275479995617,0.0,0.0,0.0,0,0,0,0,0,0,0,0,0,0,0,0,0,20.0,100.0,0.0,0.0,0.0,0.9979066794503035,0.9912147285397243,0.9978946939633391,0.9968749074201775,0.9857109043404186,0.028287841191066997,0.9956935477076525,0.9980562671327021,0.971712158808933,0.9997096498719042,2.912562160389534e-07,0.00014247879994400137,1000.0,87114.4,50.0,50.0,1570.4,,,,,,,,,,,,,,,,,,,,,,,,,,,,,,
IoT__binary__SOLO__iid__M5__seed3,SOLO,IoT,binary,iid,,5,3,50,8,0.1,1.0,1.0,1.0,256,hist,,40,4.0,gaussian,random,proportional_blocks,4,20.0,100.0,0.2,42,20,1000,100,"[""Src_IP"", ""Dst_IP""]",50062,12516,79,"[""benign"", ""attack""]","[10013, 10013, 10012, 10012, 10012]",0.09865924219993757,0.003588608800055226,0.0,0.0,0.09502994659997058,0.0,0.0,0.0,0,0,0,0,0,0,0,0,0,0,0,0,0,20.0,100.0,0.0,0.0,0.0,0.9978587408117608,0.9910160739806582,0.997846787160474,0.996488664015108,0.985685285211469,0.028287841191066997,0.9949211959330275,0.9980561320971886,0.971712158808933,0.999658411614005,2.736426494085694e-07,0.00014083080009186233,1000.0,86951.2,50.0,50.0,1565.6,,,,,,,,,,,,,,,,,,,,,,,,,,,,,,
IoT__binary__SOLO__iid__M5__seed4,SOLO,IoT,binary,iid,,5,4,50,8,0.1,1.0,1.0,1.0,256,hist,,40,4.0,gaussian,random,proportional_blocks,4,20.0,100.0,0.2,42,20,1000,100,"[""Src_IP"", ""Dst_IP""]",50062,12516,79,"[""benign"", ""attack""]","[10013, 10013, 10012, 10012, 10012]",0.10522954639982345,0.0036131601999841224,0.0,0.0,0.1015652039998713,0.0,0.0,0.0,0,0,0,0,0,0,0,0,0,0,0,0,0,20.0,100.0,0.0,0.0,0.0,0.9973953339725151,0.9890715307926226,0.997380760917728,0.9945932289108219,0.983704687092748,0.032009925558312655,0.9913859905544374,0.9978004672672064,0.9679900744416873,0.9994192997438086,2.8131649089154046e-07,0.00014742400003342482,1000.0,87128.2,50.0,50.0,1570.8,,,,,,,,,,,,,,,,,,,,,,,,,,,,,,
IoT__binary__SimFL__dirichlet_a0.1__M10__seed0,SimFL,IoT,binary,dirichlet,0.1,10,0,50,8,0.1,1.0,1.0,1.0,256,hist,,40,4.0,gaussian,random,proportional_blocks,4,20.0,100.0,0.2,42,20,1000,100,"[""Src_IP"", ""Dst_IP""]",50062,12516,79,"[""benign"", ""attack""]","[22, 6920, 3785, 378, 2838, 13121, 4899, 7527, 2909, 7663]",12.367763591999847,0.01889500299989777,11.269285573000161,0.02437454100117975,0.3679594780003299,0.2175898679945476,0.4313106419988344,0.027655030000005354,1,1,2,50,114480,73891512,74005992,10462420,2205135,12667555,1080,52,86673547,20.0,100.0,5.96047936,2.0134043999999998,7.97388376,0.9939277724512624,0.9740531269111357,0.993837053784382,0.988723544973545,0.9603630330166789,0.07816377171215881,0.9828042328042328,0.9946428571428572,0.9218362282878412,0.9988898377455167,3.5080624798646595e-07,0.0001468555000201377,1000.0,204836.0,50.0,50.0,5032.0,40.0,4.0,gaussian,random,proportional_blocks,"[0, 6, 3, 0, 2, 13, 4, 7, 2, 13]",7.0,34.07703780645333,,,,,,,,,,,,,,,,,,,,,,
IoT__binary__SimFL__dirichlet_a0.1__M10__seed1,SimFL,IoT,binary,dirichlet,0.1,10,1,50,8,0.1,1.0,1.0,1.0,256,hist,,40,4.0,gaussian,random,proportional_blocks,4,20.0,100.0,0.2,42,20,1000,100,"[""Src_IP"", ""Dst_IP""]",50062,12516,79,"[""benign"", ""attack""]","[4809, 3751, 6468, 8681, 1785, 98, 23018, 177, 264, 1011]",11.951825684999676,0.022876531000292744,10.859677201000068,0.02567864900447603,0.36825834299861526,0.20299325299720294,0.42979211000010764,0.03201402300010159,1,1,2,50,114480,73891512,74005992,7047212,2446362,9493574,1080,52,83499566,20.0,100.0,5.96047936,1.75948592,7.71996528,0.9814637264301694,0.9157351243523526,0.9805718058302351,0.9606977234401349,0.8797630071644562,0.2369727047146402,0.9375,0.9838954468802699,0.7630272952853598,0.9964987190435525,3.401563598551174e-07,0.00015251749982780893,1000.0,231639.0,50.0,50.0,5820.0,40.0,4.0,gaussian,random,proportional_blocks,"[4, 3, 6, 8, 1, 0, 22, 0, 0, 6]",2.0,32.664791214449636,,,,,,,,,,,,,,,,,,,,,,
IoT__binary__SimFL__dirichlet_a0.1__M10__seed2,SimFL,IoT,binary,dirichlet,0.1,10,2,50,8,0.1,1.0,1.0,1.0,256,hist,,40,4.0,gaussian,random,proportional_blocks,4,20.0,100.0,0.2,42,20,1000,100,"[""Src_IP"", ""Dst_IP""]",50062,12516,79,"[""benign"", ""attack""]","[27473, 328, 7127, 1088, 2441, 5565, 1522, 3860, 492, 166]",10.514414100000067,0.01921941099999458,9.479182736999974,0.023517469004218583,0.3432313119983519,0.19179009399977076,0.42098554799622434,0.025960489999761194,1,1,2,50,114480,73891512,74005992,5908584,2052072,7960656,1080,52,81966648,20.0,100.0,5.96047936,1.63685248,7.59733184,0.9862575902844359,0.9377672586964737,0.9856255656873445,0.9827615647987065,0.90138733198704,0.19602977667493796,0.9788519637462235,0.9866711658511895,0.8039702233250621,0.998804440649018,3.0885035155047376e-07,0.00015188199995463947,1000.0,187829.0,50.0,50.0,4532.0,40.0,4.0,gaussian,random,proportional_blocks,"[27, 0, 7, 1, 2, 5, 1, 3, 0, 4]",0.0,31.3708002077424,,,,,,,,,,,,,,,,,,,,,,
IoT__binary__SimFL__dirichlet_a0.1__M10__seed3,SimFL,IoT,binary,dirichlet,0.1,10,3,50,8,0.1,1.0,1.0,1.0,256,hist,,40,4.0,gaussian,random,proportional_blocks,4,20.0,100.0,0.2,42,20,1000,100,"[""Src_IP"", ""Dst_IP""]",50062,12516,79,"[""benign"", ""attack""]","[1800, 2037, 1941, 181, 4976, 70, 1031, 29228, 1395, 7403]",10.950008269000136,0.018105438000020513,9.882792289000008,0.02414769500001057,0.36077052299924617,0.1951160949934092,0.4336684110025999,0.02422307799997725,1,1,2,50,114480,73891512,74005992,6161508,1887309,8048817,1080,52,82054809,20.0,100.0,5.96047936,1.64390536,7.60438472,0.9976030680728667,0.9899261605922607,0.9975876102690434,0.9963408991281477,0.9837001735489381,0.03225806451612903,0.9948979591836735,0.9977838390726219,0.967741935483871,0.9996584116140051,3.36375199724405e-07,0.00015012299991212785,1000.0,169522.0,50.0,50.0,3994.0,40.0,4.0,gaussian,random,proportional_blocks,"[1, 2, 1, 0, 4, 0, 1, 29, 1, 11]",3.0,31.513088215057774,,,,,,,,,,,,,,,,,,,,,,
IoT__binary__SimFL__dirichlet_a0.1__M10__seed4,SimFL,IoT,binary,dirichlet,0.1,10,4,50,8,0.1,1.0,1.0,1.0,256,hist,,40,4.0,gaussian,random,proportional_blocks,4,20.0,100.0,0.2,42,20,1000,100,"[""Src_IP"", ""Dst_IP""]",50062,12516,79,"[""benign"", ""attack""]","[10295, 2111, 18961, 572, 74, 3587, 5619, 4793, 263, 3787]",11.877378544999829,0.018441969999912544,10.803573153999878,0.022533276000558544,0.353410791000897,0.20696399100006602,0.4310395480083571,0.03052287799982878,1,1,2,50,114480,73891512,74005992,8077940,2382048,10459988,1080,52,84465980,20.0,100.0,5.96047936,1.83679904,7.7972784,0.9920901246404602,0.9658536161917293,0.9919298980370453,0.9856507426059118,0.9478279894811119,0.10297766749379653,0.9783491204330176,0.9929523647788061,0.8970223325062034,0.9986336464560205,4.5031879192052564e-07,0.00015184100016085722,1000.0,224493.0,50.0,50.0,5610.0,40.0,4.0,gaussian,random,proportional_blocks,"[10, 2, 18, 0, 0, 3, 5, 4, 0, 8]",2.0,33.046868549665085,,,,,,,,,,,,,,,,,,,,,,
IoT__binary__SimFL__dirichlet_a0.1__M2__seed0,SimFL,IoT,binary,dirichlet,0.1,2,0,50,8,0.1,1.0,1.0,1.0,256,hist,,40,4.0,gaussian,random,proportional_blocks,4,20.0,100.0,0.2,42,20,1000,100,"[""Src_IP"", ""Dst_IP""]",50062,12516,79,"[""benign"", ""attack""]","[356, 49706]",1.2686808579999251,0.016703168000049118,0.6256585230000837,0.017239410000229327,0.3650097899992488,0.0394341030025771,0.18009784699825104,0.0213320279999607,1,1,2,50,2544,8210168,8212712,207000,191268,398268,104,52,8610980,20.0,100.0,0.69701696,1.03186144,1.7288784,0.99856184084372,0.9939839025973728,0.9985559706169891,0.9980550127684211,0.9899890445908461,0.019851116625310174,0.9974747474747475,0.9986352780620948,0.9801488833746899,0.9998292058070025,2.957580696794366e-07,0.00014578549996713264,1000.0,151089.0,50.0,50.0,3452.0,40.0,4.0,gaussian,random,proportional_blocks,"[0, 50]",1.0,27.158962886021335,,,,,,,,,,,,,,,,,,,,,,
IoT__binary__SimFL__dirichlet_a0.1__M2__seed1,SimFL,IoT,binary,dirichlet,0.1,2,1,50,8,0.1,1.0,1.0,1.0,256,hist,,40,4.0,gaussian,random,proportional_blocks,4,20.0,100.0,0.2,42,20,1000,100,"[""Src_IP"", ""Dst_IP""]",50062,12516,79,"[""benign"", ""attack""]","[29617, 20445]",5.8779167590000725,0.017484840999713924,5.091775202000008,0.02111198800139391,0.41368698900078016,0.09543644099539961,0.20456938899997112,0.030351396000241948,1,1,2,50,2544,8210168,8212712,3911688,257743,4169431,104,52,12382143,20.0,100.0,0.69701696,1.33355448,2.03057144,0.9968040907638223,0.9867083639181143,0.9968003886270984,0.9878390075690064,0.9855837834516108,0.02729528535980149,0.9775561097256857,0.9981219054123271,0.9727047146401985,0.998462852263023,3.35132470443963e-07,0.00014798700021856348,1000.0,217564.0,50.0,50.0,5406.0,40.0,4.0,gaussian,random,proportional_blocks,"[29, 21]",0.0,36.874755303423754,,,,,,,,,,,,,,,,,,,,,,
IoT__binary__SimFL__dirichlet_a0.1__M2__seed2,SimFL,IoT,binary,dirichlet,0.1,2,2,50,8,0.1,1.0,1.0,1.0,256,hist,,40,4.0,gaussian,random,proportional_blocks,4,20.0,100.0,0.2,42,20,1000,100,"[""Src_IP"", ""Dst_IP""]",50062,12516,79,"[""benign"", ""attack""]","[13150, 36912]",4.910021198999857,0.01713970899982087,4.158429765999699,0.02085864199898424,0.3972282609997819,0.08613947100093355,0.1945428220019494,0.03177752600004169,1,1,2,50,2544,8210168,8212712,2904576,260258,3164834,104,52,11377546,20.0,100.0,0.69701696,1.25318672,1.95020368,0.99712368168744,0.9879255492479462,0.9971068414596124,0.9937174205892114,0.9822886845668588,0.034739454094292806,0.989821882951654,0.997612958226769,0.9652605459057072,0.9993168232280103,3.4988862256846556e-07,0.00015625200012436835,1000.0,220079.0,50.0,50.0,5480.0,40.0,4.0,gaussian,random,proportional_blocks,"[13, 37]",0.0,36.45082098198234,,,,,,,,,,,,,,,,,,,,,,
IoT__binary__SimFL__dirichlet_a0.1__M2__seed3,SimFL,IoT,binary,dirichlet,0.1,2,3,50,8,0.1,1.0,1.0,1.0,256,hist,,40,4.0,gaussian,random,proportional_blocks,4,20.0,100.0,0.2,42,20,1000,100,"[""Src_IP"", ""Dst_IP""]",50062,12516,79,"[""benign"", ""attack""]","[36672, 13390]",5.010698344000048,0.019721131000096648,4.24683124000012,0.018641529999968043,0.4021486490019015,0.0904861419980989,0.19646307200173396,0.032741803000135405,1,1,2,50,2544,8210168,8212712,3149016,270456,3419472,104,52,11632184,20.0,100.0,0.69701696,1.27355776,1.9705747200000001,0.9974432726110578,0.9892419558564339,0.9974252609344372,0.9962493412153547,0.9824594787598562,0.034739454094292806,0.9948849104859335,0.9976137719447759,0.9652605459057072,0.9996584116140051,3.4886697029678816e-07,0.00014508500021293003,1000.0,230277.0,50.0,50.0,5780.0,40.0,4.0,gaussian,random,proportional_blocks,"[36, 14]",0.0,31.475330590068314,,,,,,,,,,,,,,,,,,,,,,
IoT__binary__SimFL__dirichlet_a0.1__M2__seed4,SimFL,IoT,binary,dirichlet,0.1,2,4,50,8,0.1,1.0,1.0,1.0,256,hist,,40,4.0,gaussian,random,proportional_blocks,4,20.0,100.0,0.2,42,20,1000,100,"[""Src_IP"", ""Dst_IP""]",50062,12516,79,"[""benign"", ""attack""]","[39240, 10822]",4.265254070000083,0.02374184599966611,3.4659339600002568,0.018022001999270287,0.42989852500295456,0.08271855299835806,0.20593428600159314,0.03509337900004539,1,1,2,50,2544,8210168,8212712,3181440,280794,3462234,104,52,11674946,20.0,100.0,0.69701696,1.27697872,1.97399568,0.9964046021093,0.9848448053661261,0.9963760489566091,0.9926897516308159,0.9772832068622819,0.04466501240694789,0.9884467265725289,0.9969327766891029,0.9553349875930521,0.9992314261315115,4.2285354744118183e-07,0.00016155150001395668,1000.0,240615.0,50.0,50.0,6084.0,40.0,4.0,gaussian,random,proportional_blocks,"[39, 11]",0.0,36.48242179697176,,,,,,,,,,,,,,,,,,,,,,
IoT__binary__SimFL__dirichlet_a0.1__M5__seed0,SimFL,IoT,binary,dirichlet,0.1,5,0,50,8,0.1,1.0,1.0,1.0,256,hist,,40,4.0,gaussian,random,proportional_blocks,4,20.0,100.0,0.2,42,20,1000,100,"[""Src_IP"", ""Dst_IP""]",50062,12516,79,"[""benign"", ""attack""]","[2503, 20045, 4919, 8290, 14305]",8.361900512000148,0.018125887999985935,7.48121072899994,0.021172827000327743,0.3650542160000896,0.15846985499956645,0.281431427000598,0.029802298000049632,1,1,2,50,25440,32840672,32866112,8042880,1025504,9068384,440,52,41934496,20.0,100.0,2.66928896,1.7254707200000001,4.39475968,0.9904921700223713,0.9592996820525059,0.9903412891368731,0.974432119350533,0.94524107197725,0.10669975186104218,0.9561752988047809,0.9926889398962849,0.8933002481389578,0.9971818958155423,3.158964525454248e-07,0.00014594399988254736,1000.0,216197.0,50.0,50.0,5366.0,40.0,4.0,gaussian,random,proportional_blocks,"[2, 20, 4, 8, 16]",0.0,34.00425971794974,,,,,,,,,,,,,,,,,,,,,,
IoT__binary__SimFL__dirichlet_a0.1__M5__seed1,SimFL,IoT,binary,dirichlet,0.1,5,1,50,8,0.1,1.0,1.0,1.0,256,hist,,40,4.0,gaussian,random,proportional_blocks,4,20.0,100.0,0.2,42,20,1000,100,"[""Src_IP"", ""Dst_IP""]",50062,12516,79,"[""benign"", ""attack""]","[30971, 2941, 7885, 4195, 4070]",7.860739472000205,0.024190193999857,6.910588000000189,0.02349633000449103,0.4305442499980927,0.1359100670015323,0.2876437460017769,0.03651456799980224,1,1,2,50,25440,32840672,32866112,5387192,1241808,6629000,440,52,39495112,20.0,100.0,2.66928896,1.5303200000000001,4.19960896,0.9725950782997763,0.8805382455802715,0.9718996457780944,0.9010660378387488,0.8623151936903624,0.2642679900744417,0.8201936376210235,0.9819384380564742,0.7357320099255583,0.9888983774551665,5.144023649622901e-07,0.0001563034998071089,1000.0,270273.0,50.0,50.0,6956.0,40.0,4.0,gaussian,random,proportional_blocks,"[30, 2, 7, 4, 7]",0.0,33.905861731453,,,,,,,,,,,,,,,,,,,,,,
IoT__binary__SimFL__dirichlet_a0.1__M5__seed2,SimFL,IoT,binary,dirichlet,0.1,5,2,50,8,0.1,1.0,1.0,1.0,256,hist,,40,4.0,gaussian,random,proportional_blocks,4,20.0,100.0,0.2,42,20,1000,100,"[""Src_IP"", ""Dst_IP""]",50062,12516,79,"[""benign"", ""attack""]","[1968, 3243, 14573, 2763, 27515]",7.584456965999834,0.01684399499981737,6.657575955000084,0.02362517299616229,0.3872617129995888,0.15680164299283206,0.3073208079995311,0.02749794400006067,1,1,2,50,25440,32840672,32866112,6527472,946596,7474068,440,52,40340180,20.0,100.0,2.66928896,1.59792544,4.2672144,0.9966442953020134,0.9859624393938697,0.9966305981063077,0.9899674844659492,0.9820324932773625,0.034739454094292806,0.9823232323232324,0.997611736608666,0.9652605459057072,0.998804440649018,3.3478571428926155e-07,0.00015055349990689137,1000.0,196470.0,50.0,50.0,4786.0,40.0,4.0,gaussian,random,proportional_blocks,"[1, 3, 14, 2, 30]",0.0,33.15369441892054,,,,,,,,,,,,,,,,,,,,,,
IoT__binary__SimFL__dirichlet_a0.1__M5__seed3,SimFL,IoT,binary,dirichlet,0.1,5,3,50,8,0.1,1.0,1.0,1.0,256,hist,,40,4.0,gaussian,random,proportional_blocks,4,20.0,100.0,0.2,42,20,1000,100,"[""Src_IP"", ""Dst_IP""]",50062,12516,79,"[""benign"", ""attack""]","[28007, 1980, 2128, 746, 17201]",8.453156362999835,0.02859408499989513,7.457089581999753,0.022435106998273113,0.4327386929999193,0.1541093059981904,0.3115963409968572,0.039466986999741493,1,1,2,50,25440,32840672,32866112,7265964,1312260,8578224,440,52,41444336,20.0,100.0,2.66928896,1.68625792,4.35554688,0.9883349312879515,0.9506847274368113,0.9882247624398135,0.9593884802319639,0.9423552646356426,0.11042183622828784,0.9263565891472868,0.9924203713166411,0.8895781637717122,0.9951323654995731,3.36674816244061e-07,0.00015091049999682582,1000.0,287886.0,50.0,50.0,7474.0,40.0,4.0,gaussian,random,proportional_blocks,"[27, 1, 2, 0, 20]",0.0,34.07731413047821,,,,,,,,,,,,,,,,,,,,,,
IoT__binary__SimFL__dirichlet_a0.1__M5__seed4,SimFL,IoT,binary,dirichlet,0.1,5,4,50,8,0.1,1.0,1.0,1.0,256,hist,,40,4.0,gaussian,random,proportional_blocks,4,20.0,100.0,0.2,42,20,1000,100,"[""Src_IP"", ""Dst_IP""]",50062,12516,79,"[""benign"", ""attack""]","[30265, 5442, 12587, 944, 824]",8.005948200000148,0.06499928299990643,7.086032035999779,0.019517671998073638,0.38258319299939103,0.13352054300275995,0.27974421000226357,0.03321103200005382,1,1,2,50,25440,32840672,32866112,4480884,1162048,5642932,440,52,38509044,20.0,100.0,2.66928896,1.45143456,4.12072352,0.9955257270693513,0.9812394867989366,0.9955021826338203,0.9863667408812958,0.9762358739852472,0.04590570719602978,0.9758883248730964,0.9968451568894953,0.9540942928039702,0.9983774551665243,5.646420581516936e-07,0.0001417770001808094,1000.0,250333.0,50.0,50.0,6370.0,40.0,4.0,gaussian,random,proportional_blocks,"[30, 5, 12, 0, 3]",1.0,36.762799129079944,,,,,,,,,,,,,,,,,,,,,,
IoT__binary__SimFL__dirichlet_a0.5__M10__seed0,SimFL,IoT,binary,dirichlet,0.5,10,0,50,8,0.1,1.0,1.0,1.0,256,hist,,40,4.0,gaussian,random,proportional_blocks,4,20.0,100.0,0.2,42,20,1000,100,"[""Src_IP"", ""Dst_IP""]",50062,12516,79,"[""benign"", ""attack""]","[1190, 8406, 8577, 1474, 3888, 3924, 8092, 3245, 8851, 2415]",14.59148616099992,0.026808690000052593,13.481707618999963,0.024405190003562893,0.3512851719999617,0.2246392130048207,0.44756075300301745,0.0238736589999462,1,1,2,50,114480,73891512,74005992,12021440,1850544,13871984,1080,52,87877976,20.0,100.0,5.96047936,2.1097587200000003,8.07023808,0.9959252157238735,0.9827224282730103,0.9958805668676737,0.9935758159983963,0.972405824802453,0.05459057071960298,0.9908972691807543,0.9962543628160382,0.9454094292803971,0.999402220324509,3.1599504635635714e-07,0.00015364399996542488,1000.0,165437.0,50.0,50.0,3874.0,40.0,4.0,gaussian,random,proportional_blocks,"[1, 8, 8, 1, 3, 3, 8, 3, 8, 7]",1.0,37.84463709444733,,,,,,,,,,,,,,,,,,,,,,
IoT__binary__SimFL__dirichlet_a0.5__M10__seed1,SimFL,IoT,binary,dirichlet,0.5,10,1,50,8,0.1,1.0,1.0,1.0,256,hist,,40,4.0,gaussian,random,proportional_blocks,4,20.0,100.0,0.2,42,20,1000,100,"[""Src_IP"", ""Dst_IP""]",50062,12516,79,"[""benign"", ""attack""]","[2546, 2584, 4921, 16350, 1202, 2436, 12730, 832, 4293, 2168]",14.024453965000248,0.021493002000170236,12.944707366999864,0.025135367000530096,0.3372397920011281,0.21618699299187938,0.44137232600314746,0.026876132999859692,1,1,2,50,114480,73891512,74005992,10157416,2041686,12199102,1080,52,86205094,20.0,100.0,5.96047936,1.97592816,7.9364075199999995,0.9956056248002557,0.9813673246081482,0.9955574740729813,0.9921902977635437,0.9710797329168723,0.05707196029776675,0.988296488946684,0.9960841065804035,0.9429280397022333,0.9992314261315115,3.138055289130422e-07,0.00014773049997529597,1000.0,186675.0,50.0,50.0,4498.0,40.0,4.0,gaussian,random,proportional_blocks,"[2, 2, 4, 16, 1, 2, 12, 0, 4, 7]",1.0,37.12939954456474,,,,,,,,,,,,,,,,,,,,,,
IoT__binary__SimFL__dirichlet_a0.5__M10__seed2,SimFL,IoT,binary,dirichlet,0.5,10,2,50,8,0.1,1.0,1.0,1.0,256,hist,,40,4.0,gaussian,random,proportional_blocks,4,20.0,100.0,0.2,42,20,1000,100,"[""Src_IP"", ""Dst_IP""]",50062,12516,79,"[""benign"", ""attack""]","[9170, 1963, 3554, 1737, 3333, 3287, 1168, 1784, 3993, 20073]",13.278445052999814,0.019273173999863502,12.178796464000243,0.024337002990705514,0.3642895010002576,0.21077407600114384,0.4458483799990063,0.023951649000082398,1,1,2,50,114480,73891512,74005992,10184968,1966257,12151225,1080,52,86157217,20.0,100.0,5.96047936,1.972098,7.93257736,0.9942473633748802,0.9754480934369139,0.9941649706651446,0.9895329783887106,0.9622667737485511,0.07444168734491315,0.9841688654353562,0.9948970913420649,0.9255583126550868,0.9989752348420153,3.1673689675409483e-07,0.00014674050021312723,1000.0,178294.0,50.0,50.0,4252.0,40.0,4.0,gaussian,random,proportional_blocks,"[9, 1, 3, 1, 3, 3, 1, 1, 3, 25]",0.0,37.742599177020494,,,,,,,,,,,,,,,,,,,,,,
IoT__binary__SimFL__dirichlet_a0.5__M10__seed3,SimFL,IoT,binary,dirichlet,0.5,10,3,50,8,0.1,1.0,1.0,1.0,256,hist,,40,4.0,gaussian,random,proportional_blocks,4,20.0,100.0,0.2,42,20,1000,100,"[""Src_IP"", ""Dst_IP""]",50062,12516,79,"[""benign"", ""attack""]","[5405, 14769, 13070, 1298, 3571, 2453, 1140, 3788, 3821, 747]",14.184453064000081,0.02126324300024862,13.143114302999948,0.02355774699481117,0.31835082399993553,0.21258425099813394,0.4333647920002477,0.021875862999877427,1,1,2,50,114480,73891512,74005992,11106428,1818153,12924581,1080,52,86930573,20.0,100.0,5.96047936,2.03396648,7.99444584,0.9961649089165868,0.983690445099733,0.9961170441732735,0.9961220814815079,0.9719562716009095,0.05583126550868486,0.9960732984293194,0.9961708645336964,0.9441687344913151,0.9997438087105038,3.210576861568653e-07,0.0001408035000167729,1000.0,161838.0,50.0,50.0,3768.0,40.0,4.0,gaussian,random,proportional_blocks,"[5, 14, 13, 1, 3, 2, 1, 3, 3, 5]",0.0,37.31544884343414,,,,,,,,,,,,,,,,,,,,,,
IoT__binary__SimFL__dirichlet_a0.5__M10__seed4,SimFL,IoT,binary,dirichlet,0.5,10,4,50,8,0.1,1.0,1.0,1.0,256,hist,,40,4.0,gaussian,random,proportional_blocks,4,20.0,100.0,0.2,42,20,1000,100,"[""Src_IP"", ""Dst_IP""]",50062,12516,79,"[""benign"", ""attack""]","[2400, 797, 2411, 5155, 11656, 6462, 4131, 6414, 6610, 4026]",14.495890036000219,0.02046037099989917,13.47019678100014,0.02112979699859352,0.30374043299934783,0.21524896299979446,0.4315960600006292,0.022872844000175974,1,1,2,50,114480,73891512,74005992,12185008,1896462,14081470,1080,52,88087462,20.0,100.0,5.96047936,2.1265175999999997,8.08699696,0.9954458293384468,0.9805978054458222,0.9953848044891302,0.9938885289956856,0.9681060915889157,0.06327543424317618,0.9921156373193167,0.9956614206720544,0.9367245657568238,0.9994876174210077,3.397904282661206e-07,0.00014604849980059953,1000.0,170539.0,50.0,50.0,4024.0,40.0,4.0,gaussian,random,proportional_blocks,"[2, 0, 2, 5, 11, 6, 4, 6, 6, 8]",0.0,38.47600530897243,,,,,,,,,,,,,,,,,,,,,,
IoT__binary__SimFL__dirichlet_a0.5__M2__seed0,SimFL,IoT,binary,dirichlet,0.5,2,0,50,8,0.1,1.0,1.0,1.0,256,hist,,40,4.0,gaussian,random,proportional_blocks,4,20.0,100.0,0.2,42,20,1000,100,"[""Src_IP"", ""Dst_IP""]",50062,12516,79,"[""benign"", ""attack""]","[5524, 44538]",3.327960444000155,0.017329767000092033,2.5962830089999898,0.019917146000580033,0.41036269899973377,0.06309903099895564,0.19509022900069795,0.022179846999961228,1,1,2,50,2544,8210168,8212712,2542960,199700,2742660,104,52,10955372,20.0,100.0,0.69701696,1.2194128,1.91642976,0.9984819431128156,0.9936459697007631,0.9984752996838221,0.9980108308017435,0.9893686971963052,0.02109181141439206,0.9974715549936789,0.9985501066098081,0.9789081885856079,0.9998292058070025,3.019522211506405e-07,0.00014594750007290713,1000.0,159521.0,50.0,50.0,3700.0,40.0,4.0,gaussian,random,proportional_blocks,"[5, 45]",0.0,37.82835284247533,,,,,,,,,,,,,,,,,,,,,,
IoT__binary__SimFL__dirichlet_a0.5__M2__seed1,SimFL,IoT,binary,dirichlet,0.5,2,1,50,8,0.1,1.0,1.0,1.0,256,hist,,40,4.0,gaussian,random,proportional_blocks,4,20.0,100.0,0.2,42,20,1000,100,"[""Src_IP"", ""Dst_IP""]",50062,12516,79,"[""benign"", ""attack""]","[39524, 10538]",4.630809493000015,0.017809760000091046,3.8648782059999576,0.021287919998030702,0.41831979299877275,0.07534316099417993,0.2049308100035887,0.024564304999785236,1,1,2,50,2544,8210168,8212712,2757348,215278,2972626,104,52,11185338,20.0,100.0,0.69701696,1.23781008,1.93482704,0.9973633748801534,0.988951157394806,0.9973502801363341,0.9938643752466197,0.9841497267504815,0.031017369727047148,0.9898605830164765,0.997868167476763,0.9689826302729528,0.9993168232280103,3.046497283358429e-07,0.0001512579999598529,1000.0,175099.0,50.0,50.0,4158.0,40.0,4.0,gaussian,random,proportional_blocks,"[39, 11]",0.0,38.21555271463385,,,,,,,,,,,,,,,,,,,,,,
IoT__binary__SimFL__dirichlet_a0.5__M2__seed2,SimFL,IoT,binary,dirichlet,0.5,2,2,50,8,0.1,1.0,1.0,1.0,256,hist,,40,4.0,gaussian,random,proportional_blocks,4,20.0,100.0,0.2,42,20,1000,100,"[""Src_IP"", ""Dst_IP""]",50062,12516,79,"[""benign"", ""attack""]","[16811, 33251]",5.2316984140002205,0.0160247070002697,4.509861522999927,0.019600254000579298,0.3603388420015108,0.09425820300157284,0.20404546699955972,0.023805557999821758,1,1,2,50,2544,8210168,8212712,4647360,198204,4845564,104,52,13058276,20.0,100.0,0.69701696,1.38764512,2.08466208,0.9976030680728667,0.9900081195338442,0.9975974999287764,0.9922970508709048,0.9877437154729791,0.02357320099255583,0.9862155388471178,0.998378562894692,0.9764267990074442,0.9990606319385141,3.1134595719754025e-07,0.00015737149988126475,1000.0,158025.0,50.0,50.0,3656.0,40.0,4.0,gaussian,random,proportional_blocks,"[16, 34]",0.0,38.07786344932284,,,,,,,,,,,,,,,,,,,,,,
IoT__binary__SimFL__dirichlet_a0.5__M2__seed3,SimFL,IoT,binary,dirichlet,0.5,2,3,50,8,0.1,1.0,1.0,1.0,256,hist,,40,4.0,gaussian,random,proportional_blocks,4,20.0,100.0,0.2,42,20,1000,100,"[""Src_IP"", ""Dst_IP""]",50062,12516,79,"[""benign"", ""attack""]","[6994, 43068]",3.421612597999683,0.016508704999978363,2.7134571229998983,0.01778742200212946,0.3835023540009388,0.06524940700091975,0.19693552000035197,0.02471893599977193,1,1,2,50,2544,8210168,8212712,3041712,206778,3248490,104,52,11461202,20.0,100.0,0.69701696,1.2598791999999999,1.9568961599999999,0.9984020453819111,0.9933154473304142,0.9983955229077656,0.9973810520765485,0.9893259986480558,0.02109181141439206,0.9962121212121212,0.9985499829409757,0.9789081885856079,0.9997438087105038,3.19839725165402e-07,0.00015664100010326365,1000.0,166599.0,50.0,50.0,3908.0,40.0,4.0,gaussian,random,proportional_blocks,"[6, 44]",0.0,32.63990651592026,,,,,,,,,,,,,,,,,,,,,,
IoT__binary__SimFL__dirichlet_a0.5__M2__seed4,SimFL,IoT,binary,dirichlet,0.5,2,4,50,8,0.1,1.0,1.0,1.0,256,hist,,40,4.0,gaussian,random,proportional_blocks,4,20.0,100.0,0.2,42,20,1000,100,"[""Src_IP"", ""Dst_IP""]",50062,12516,79,"[""benign"", ""attack""]","[26596, 23466]",4.91440071299985,0.016326562999893213,4.178389078000237,0.017345451999517536,0.3632101969997166,0.10585026400121933,0.2063708650002809,0.02313193300005878,1,1,2,50,2544,8210168,8212712,7346160,207589,7553749,104,52,15766461,20.0,100.0,0.69701696,1.6042999199999999,2.30131688,0.9982422499201022,0.9926211689848561,0.9982319586697631,0.9984687270195167,0.9869300061663908,0.026054590570719603,0.9987277353689568,0.9982097186700767,0.9739454094292804,0.9999146029035013,3.2019527005022494e-07,0.0001395254998897144,1000.0,167410.0,50.0,50.0,3932.0,40.0,4.0,gaussian,random,proportional_blocks,"[26, 24]",0.0,37.38947704845991,,,,,,,,,,,,,,,,,,,,,,
IoT__binary__SimFL__dirichlet_a0.5__M5__seed0,SimFL,IoT,binary,dirichlet,0.5,5,0,50,8,0.1,1.0,1.0,1.0,256,hist,,40,4.0,gaussian,random,proportional_blocks,4,20.0,100.0,0.2,42,20,1000,100,"[""Src_IP"", ""Dst_IP""]",50062,12516,79,"[""benign"", ""attack""]","[2718, 16263, 4585, 11717, 14779]",9.186359368000012,0.017514331000029415,8.319652678000011,0.021304506999740624,0.36184806600044794,0.15991598999744383,0.2773879069977738,0.02235379799981274,1,1,2,50,25440,32840672,32866112,11873544,817304,12690848,440,52,45556960,20.0,100.0,2.66928896,2.01526784,4.684556799999999,0.9975231703419623,0.9895842592051467,0.9975064599039513,0.9962951207143098,0.9830798261543972,0.033498759305210915,0.9948914431673053,0.9976987982613142,0.966501240694789,0.9996584116140051,3.0206407797180764e-07,0.00015294450008696003,1000.0,164147.0,50.0,50.0,3836.0,40.0,4.0,gaussian,random,proportional_blocks,"[2, 16, 4, 11, 17]",1.0,38.0197005712916,,,,,,,,,,,,,,,,,,,,,,
IoT__binary__SimFL__dirichlet_a0.5__M5__seed1,SimFL,IoT,binary,dirichlet,0.5,5,1,50,8,0.1,1.0,1.0,1.0,256,hist,,40,4.0,gaussian,random,proportional_blocks,4,20.0,100.0,0.2,42,20,1000,100,"[""Src_IP"", ""Dst_IP""]",50062,12516,79,"[""benign"", ""attack""]","[7960, 1645, 2303, 8945, 29209]",8.239845884999795,0.01875078500006566,7.344395480999992,0.022693868001169903,0.3878742439992493,0.13951123900096718,0.29607832599504036,0.023867232000156946,1,1,2,50,25440,32840672,32866112,6232612,846168,7078780,440,52,39944892,20.0,100.0,2.66928896,1.5663024,4.23559136,0.9950463406839246,0.979180731890672,0.995014394556023,0.9854549218255322,0.9730914384642932,0.052109181141439205,0.9744897959183674,0.9964200477326969,0.9478908188585607,0.9982920580700256,3.166306328057777e-07,0.0001423920002707746,1000.0,171363.0,50.0,50.0,4048.0,40.0,4.0,gaussian,random,proportional_blocks,"[7, 1, 2, 8, 32]",0.0,37.07925672166513,,,,,,,,,,,,,,,,,,,,,,
IoT__binary__SimFL__dirichlet_a0.5__M5__seed2,SimFL,IoT,binary,dirichlet,0.5,5,2,50,8,0.1,1.0,1.0,1.0,256,hist,,40,4.0,gaussian,random,proportional_blocks,4,20.0,100.0,0.2,42,20,1000,100,"[""Src_IP"", ""Dst_IP""]",50062,12516,79,"[""benign"", ""attack""]","[26196, 4213, 4607, 9134, 5912]",7.888965075000215,0.01710160199991151,6.948333368000021,0.022589042999243247,0.4059805309971125,0.15330127901233936,0.307450155000879,0.02722184100002778,1,1,2,50,25440,32840672,32866112,7795452,947664,8743116,440,52,41609228,20.0,100.0,2.66928896,1.69944928,4.36873824,0.9959252157238735,0.9828644264342737,0.9958977243581133,0.9894832762033143,0.9764493667264941,0.04590570719602978,0.9821200510855683,0.9968465013210602,0.9540942928039702,0.998804440649018,3.3061121761067056e-07,0.00014209300002221426,1000.0,196737.0,50.0,50.0,4794.0,40.0,4.0,gaussian,random,proportional_blocks,"[26, 4, 4, 9, 7]",0.0,37.65385422076625,,,,,,,,,,,,,,,,,,,,,,
IoT__binary__SimFL__dirichlet_a0.5__M5__seed3,SimFL,IoT,binary,dirichlet,0.5,5,3,50,8,0.1,1.0,1.0,1.0,256,hist,,40,4.0,gaussian,random,proportional_blocks,4,20.0,100.0,0.2,42,20,1000,100,"[""Src_IP"", ""Dst_IP""]",50062,12516,79,"[""benign"", ""attack""]","[7564, 2902, 3975, 6841, 28780]",8.620225410999865,0.01692935699975351,7.780587628000376,0.01870945699920412,0.3557648129985864,0.13106319399230415,0.28823421200149824,0.023006467999948654,1,1,2,50,25440,32840672,32866112,8170360,842072,9012432,440,52,41878544,20.0,100.0,2.66928896,1.7209945599999998,4.39028352,0.9964046021093,0.9847188737537012,0.9963608273388497,0.9968631789367948,0.9732396649382407,0.05334987593052109,0.9973856209150327,0.9963407369585567,0.9466501240694789,0.9998292058070025,3.0819423138336336e-07,0.00014150999982120993,1000.0,170339.0,50.0,50.0,4018.0,40.0,4.0,gaussian,random,proportional_blocks,"[7, 2, 3, 6, 32]",0.0,37.5604700171787,,,,,,,,,,,,,,,,,,,,,,
IoT__binary__SimFL__dirichlet_a0.5__M5__seed4,SimFL,IoT,binary,dirichlet,0.5,5,4,50,8,0.1,1.0,1.0,1.0,256,hist,,40,4.0,gaussian,random,proportional_blocks,4,20.0,100.0,0.2,42,20,1000,100,"[""Src_IP"", ""Dst_IP""]",50062,12516,79,"[""benign"", ""attack""]","[13876, 14414, 9376, 9232, 3164]",9.170305090000056,0.01803393899990624,8.3085781890004,0.019412147001276026,0.33795563999638034,0.1657027220026066,0.28789461699943786,0.02627645200027473,1,1,2,50,25440,32840672,32866112,11351696,942752,12294448,440,52,45160560,20.0,100.0,2.66928896,1.98355584,4.6528448,0.9965643975711089,0.9854326356027341,0.9965267524570581,0.996346852468101,0.9750580085736142,0.04962779156327544,0.9960988296488946,0.9965948752873074,0.9503722084367245,0.9997438087105038,4.36307366590655e-07,0.00014149449998512864,1000.0,195509.0,50.0,50.0,4758.0,40.0,4.0,gaussian,random,proportional_blocks,"[13, 14, 9, 9, 5]",0.0,38.12502996284607,,,,,,,,,,,,,,,,,,,,,,
IoT__binary__SimFL__dirichlet_a1.0__M10__seed0,SimFL,IoT,binary,dirichlet,1.0,10,0,50,8,0.1,1.0,1.0,1.0,256,hist,,40,4.0,gaussian,random,proportional_blocks,4,20.0,100.0,0.2,42,20,1000,100,"[""Src_IP"", ""Dst_IP""]",50062,12516,79,"[""benign"", ""attack""]","[1450, 3248, 1968, 5994, 7202, 2351, 15747, 5384, 5023, 1695]",13.39517042700004,0.03305420599986064,12.2882687849999,0.024719229995071146,0.329154513000276,0.22973002699495737,0.45556634800277607,0.02394709000009243,1,1,2,50,114480,73891512,74005992,11811028,1786284,13597312,1080,52,87603304,20.0,100.0,5.96047936,2.08778496,8.04826432,0.9959252157238735,0.9827224282730103,0.9958805668676737,0.9935758159983963,0.972405824802453,0.05459057071960298,0.9908972691807543,0.9962543628160382,0.9454094292803971,0.999402220324509,3.236291147298676e-07,0.0001457789999221859,1000.0,158297.0,50.0,50.0,3664.0,40.0,4.0,gaussian,random,proportional_blocks,"[1, 3, 1, 5, 7, 2, 15, 5, 5, 6]",3.0,38.26072558915833,,,,,,,,,,,,,,,,,,,,,,
IoT__binary__SimFL__dirichlet_a1.0__M10__seed1,SimFL,IoT,binary,dirichlet,1.0,10,1,50,8,0.1,1.0,1.0,1.0,256,hist,,40,4.0,gaussian,random,proportional_blocks,4,20.0,100.0,0.2,42,20,1000,100,"[""Src_IP"", ""Dst_IP""]",50062,12516,79,"[""benign"", ""attack""]","[4784, 4205, 699, 2946, 6853, 2146, 2395, 5943, 15348, 4743]",15.42446757200014,0.021719999000197276,14.32632994100004,0.023783450991231803,0.363073682999584,0.21639937200461645,0.43781667299981564,0.024659594999775436,1,1,2,50,114480,73891512,74005992,12028564,1964466,13993030,1080,52,87999022,20.0,100.0,5.96047936,2.1194424,8.07992176,0.9957654202620646,0.9819378473285374,0.9957060744554829,0.9958973226277441,0.9688545346282047,0.062034739454094295,0.9960474308300395,0.9957472144254487,0.9379652605459057,0.9997438087105038,3.100663950166742e-07,0.00014487200019175361,1000.0,178095.0,50.0,50.0,4246.0,40.0,4.0,gaussian,random,proportional_blocks,"[4, 4, 0, 2, 6, 2, 2, 5, 15, 10]",0.0,37.95468285992037,,,,,,,,,,,,,,,,,,,,,,
IoT__binary__SimFL__dirichlet_a1.0__M10__seed2,SimFL,IoT,binary,dirichlet,1.0,10,2,50,8,0.1,1.0,1.0,1.0,256,hist,,40,4.0,gaussian,random,proportional_blocks,4,20.0,100.0,0.2,42,20,1000,100,"[""Src_IP"", ""Dst_IP""]",50062,12516,79,"[""benign"", ""attack""]","[2225, 3855, 9306, 7252, 9255, 3498, 1910, 4290, 5063, 3408]",16.07736556100008,0.01882044100011626,14.876555754000037,0.023877994994563778,0.3269067389992415,0.2529824130056113,0.539747772996634,0.027168627999799355,1,1,2,50,114480,73891512,74005992,13207356,1976706,15184062,1080,52,89190054,20.0,100.0,5.96047936,2.21472496,8.175204319999999,0.9956056248002557,0.9813452245354713,0.9955548018439981,0.9927847059135549,0.9705020840705808,0.05831265508684864,0.9895697522816167,0.9959996595454932,0.9416873449131513,0.9993168232280103,4.333382869834327e-07,0.0001530214999547752,1000.0,179455.0,50.0,50.0,4286.0,40.0,4.0,gaussian,random,proportional_blocks,"[2, 3, 9, 7, 9, 3, 1, 4, 5, 7]",0.0,38.434063982883444,,,,,,,,,,,,,,,,,,,,,,
IoT__binary__SimFL__dirichlet_a1.0__M10__seed3,SimFL,IoT,binary,dirichlet,1.0,10,3,50,8,0.1,1.0,1.0,1.0,256,hist,,40,4.0,gaussian,random,proportional_blocks,4,20.0,100.0,0.2,42,20,1000,100,"[""Src_IP"", ""Dst_IP""]",50062,12516,79,"[""benign"", ""attack""]","[10127, 814, 2152, 5310, 1376, 4575, 7197, 4629, 4031, 9851]",15.914965121000023,0.018923857000118005,14.90158952999991,0.021240616987142857,0.30832716100121615,0.21143206399710834,0.4184136920016499,0.024614897999981622,1,1,2,50,114480,73891512,74005992,14004256,1985949,15990205,1080,52,89996197,20.0,100.0,5.96047936,2.2792164,8.23969576,0.9967241930329178,0.986159359937961,0.9966942424315512,0.9952411043737002,0.9774540010552792,0.04466501240694789,0.9935483870967742,0.996933821650626,0.9553349875930521,0.9995730145175064,3.2923529880434544e-07,0.00014202300008037128,1000.0,180482.0,50.0,50.0,4316.0,40.0,4.0,gaussian,random,proportional_blocks,"[10, 0, 2, 5, 1, 4, 7, 4, 4, 13]",0.0,38.39552288495599,,,,,,,,,,,,,,,,,,,,,,
IoT__binary__SimFL__dirichlet_a1.0__M10__seed4,SimFL,IoT,binary,dirichlet,1.0,10,4,50,8,0.1,1.0,1.0,1.0,256,hist,,40,4.0,gaussian,random,proportional_blocks,4,20.0,100.0,0.2,42,20,1000,100,"[""Src_IP"", ""Dst_IP""]",50062,12516,79,"[""benign"", ""attack""]","[3288, 3207, 5549, 2861, 3817, 3978, 7082, 2092, 13809, 4379]",15.874262488000113,0.019038662999719236,14.794305325000096,0.021073897004953324,0.3623116849989856,0.2152017499934118,0.42492098599495876,0.02610570499973619,1,1,2,50,114480,73891512,74005992,12325500,2113236,14438736,1080,52,88444728,20.0,100.0,5.96047936,2.1550988799999997,8.11557824,0.9960850111856824,0.9833407613256102,0.9960349515580234,0.9960771288533008,0.9713359242063686,0.05707196029776675,0.9960681520314548,0.9960861056751468,0.9429280397022333,0.9997438087105038,3.3354897727526613e-07,0.00014744650002285198,1000.0,194625.0,50.0,50.0,4732.0,40.0,4.0,gaussian,random,proportional_blocks,"[3, 3, 5, 2, 3, 3, 7, 2, 13, 9]",0.0,38.62907328246308,,,,,,,,,,,,,,,,,,,,,,
IoT__binary__SimFL__dirichlet_a1.0__M2__seed0,SimFL,IoT,binary,dirichlet,1.0,2,0,50,8,0.1,1.0,1.0,1.0,256,hist,,40,4.0,gaussian,random,proportional_blocks,4,20.0,100.0,0.2,42,20,1000,100,"[""Src_IP"", ""Dst_IP""]",50062,12516,79,"[""benign"", ""attack""]","[11045, 39017]",4.94409683799995,0.01608188299996982,4.2315140120001615,0.0193990990023849,0.3792691370006196,0.0788720270002159,0.19115321999970547,0.02410040199993091,1,1,2,50,2544,8210168,8212712,4262748,204739,4467487,104,52,12680199,20.0,100.0,0.69701696,1.35739896,2.0544159200000003,0.9980025567273889,0.9916100523960139,0.9979902690760426,0.9977458060655882,0.9856466128290595,0.028535980148883373,0.9974522292993631,0.9980393828318131,0.9714640198511166,0.9998292058070025,3.187178811087399e-07,0.0001506979999703617,1000.0,164560.0,50.0,50.0,3848.0,40.0,4.0,gaussian,random,proportional_blocks,"[11, 39]",0.0,39.077983300707125,,,,,,,,,,,,,,,,,,,,,,
IoT__binary__SimFL__dirichlet_a1.0__M2__seed1,SimFL,IoT,binary,dirichlet,1.0,2,1,50,8,0.1,1.0,1.0,1.0,256,hist,,40,4.0,gaussian,random,proportional_blocks,4,20.0,100.0,0.2,42,20,1000,100,"[""Src_IP"", ""Dst_IP""]",50062,12516,79,"[""benign"", ""attack""]","[36950, 13112]",6.0370821530000285,0.018725520999851142,5.315157317000285,0.019580791997213964,0.376449498997772,0.08407804300122734,0.1957146440008728,0.02356071000031079,1,1,2,50,2544,8210168,8212712,4729248,203984,4933232,104,52,13145944,20.0,100.0,0.69701696,1.3946585599999999,2.09167552,0.9982422499201022,0.9926297983852965,0.9982330003204294,0.9978783041668686,0.9875076550126825,0.02481389578163772,0.9974619289340102,0.9982946793997272,0.9751861042183623,0.9998292058070025,3.9538446787497894e-07,0.0001466575001813908,1000.0,163805.0,50.0,50.0,3826.0,40.0,4.0,gaussian,random,proportional_blocks,"[36, 14]",0.0,39.188706004554355,,,,,,,,,,,,,,,,,,,,,,
IoT__binary__SimFL__dirichlet_a1.0__M2__seed2,SimFL,IoT,binary,dirichlet,1.0,2,2,50,8,0.1,1.0,1.0,1.0,256,hist,,40,4.0,gaussian,random,proportional_blocks,4,20.0,100.0,0.2,42,20,1000,100,"[""Src_IP"", ""Dst_IP""]",50062,12516,79,"[""benign"", ""attack""]","[27186, 22876]",6.2095670509997944,0.016303807999975106,5.448212081999827,0.01931496200040783,0.3925418820017512,0.10533997800030193,0.20146806299999298,0.022546899000190024,1,1,2,50,2544,8210168,8212712,8738748,196912,8935660,104,52,17148372,20.0,100.0,0.69701696,1.7148528,2.41186976,0.9977628635346756,0.9906087605261804,0.9977497655796984,0.9964324528351002,0.98494086833802,0.02977667493796526,0.9949109414758269,0.9979539641943734,0.9702233250620348,0.9996584116140051,3.364307286778088e-07,0.00014633300020250317,1000.0,156733.0,50.0,50.0,3618.0,40.0,4.0,gaussian,random,proportional_blocks,"[27, 23]",0.0,39.531520914066554,,,,,,,,,,,,,,,,,,,,,,
IoT__binary__SimFL__dirichlet_a1.0__M2__seed3,SimFL,IoT,binary,dirichlet,1.0,2,3,50,8,0.1,1.0,1.0,1.0,256,hist,,40,4.0,gaussian,random,proportional_blocks,4,20.0,100.0,0.2,42,20,1000,100,"[""Src_IP"", ""Dst_IP""]",50062,12516,79,"[""benign"", ""attack""]","[42091, 7971]",4.23652917399977,0.016611682000075234,3.5369800710000163,0.01750037499868995,0.3848905420004485,0.0700017169979219,0.1868722659987725,0.020150247999936255,1,1,2,50,2544,8210168,8212712,4030080,183652,4213732,104,52,12426444,20.0,100.0,0.69701696,1.33709856,2.0341155200000003,0.9984020453819111,0.9933232331853875,0.9983964622244946,0.9967986309194061,0.9899036474943474,0.019851116625310174,0.9949622166246851,0.9986350452141273,0.9801488833746899,0.9996584116140051,2.9416834453546863e-07,0.00013885649968869984,1000.0,143473.0,50.0,50.0,3228.0,40.0,4.0,gaussian,random,proportional_blocks,"[42, 8]",0.0,39.15330989572929,,,,,,,,,,,,,,,,,,,,,,
IoT__binary__SimFL__dirichlet_a1.0__M2__seed4,SimFL,IoT,binary,dirichlet,1.0,2,4,50,8,0.1,1.0,1.0,1.0,256,hist,,40,4.0,gaussian,random,proportional_blocks,4,20.0,100.0,0.2,42,20,1000,100,"[""Src_IP"", ""Dst_IP""]",50062,12516,79,"[""benign"", ""attack""]","[36622, 13440]",5.367911273000118,0.017244582999865088,4.634640652999678,0.017731546998675185,0.38735180299954663,0.08647554199478691,0.19649994699784656,0.024188228999719286,1,1,2,50,2544,8210168,8212712,4700904,191744,4892648,104,52,13105360,20.0,100.0,0.69701696,1.39141184,2.0884288,0.9980025567273889,0.9916394338167935,0.99799381537345,0.9959865652772799,0.9873795593679343,0.02481389578163772,0.9936788874841972,0.9982942430703625,0.9751861042183623,0.9995730145175064,3.1202117290206005e-07,0.00014955400024518894,1000.0,151565.0,50.0,50.0,3466.0,40.0,4.0,gaussian,random,proportional_blocks,"[36, 14]",0.0,37.94259118692821,,,,,,,,,,,,,,,,,,,,,,
IoT__binary__SimFL__dirichlet_a1.0__M5__seed0,SimFL,IoT,binary,dirichlet,1.0,5,0,50,8,0.1,1.0,1.0,1.0,256,hist,,40,4.0,gaussian,random,proportional_blocks,4,20.0,100.0,0.2,42,20,1000,100,"[""Src_IP"", ""Dst_IP""]",50062,12516,79,"[""benign"", ""attack""]","[4831, 9419, 6613, 13940, 15259]",9.09217585600004,0.019215183999904184,8.165566420999994,0.02278335500045614,0.38826469199966596,0.1695322930038401,0.2959051210002599,0.023014877999912642,1,1,2,50,25440,32840672,32866112,11067732,824100,11891832,440,52,44757944,20.0,100.0,2.66928896,1.95134656,4.6206355199999996,0.9959252157238735,0.9828644264342737,0.9958977243581133,0.9894832762033143,0.9764493667264941,0.04590570719602978,0.9821200510855683,0.9968465013210602,0.9540942928039702,0.998804440649018,2.94988015335791e-07,0.00014773449993299437,1000.0,165846.0,50.0,50.0,3886.0,40.0,4.0,gaussian,random,proportional_blocks,"[4, 9, 6, 13, 18]",0.0,38.70739283288722,,,,,,,,,,,,,,,,,,,,,,
IoT__binary__SimFL__dirichlet_a1.0__M5__seed1,SimFL,IoT,binary,dirichlet,1.0,5,1,50,8,0.1,1.0,1.0,1.0,256,hist,,40,4.0,gaussian,random,proportional_blocks,4,20.0,100.0,0.2,42,20,1000,100,"[""Src_IP"", ""Dst_IP""]",50062,12516,79,"[""benign"", ""attack""]","[6491, 7950, 8271, 6488, 20862]",10.117743718000384,0.017736661000071763,9.276838837000014,0.02088361999631161,0.33405883099976563,0.15312627099410747,0.2846984439956941,0.02405790500006333,1,1,2,50,25440,32840672,32866112,10335696,855384,11191080,440,52,44057192,20.0,100.0,2.66928896,1.8952864,4.56457536,0.9965643975711089,0.9857527417649103,0.9965653891932136,0.9854725228044008,0.9860333366531543,0.026054590570719603,0.9727385377942999,0.9982065078145017,0.9739454094292804,0.9981212638770282,3.532441674460413e-07,0.00014797350013395771,1000.0,173667.0,50.0,50.0,4116.0,40.0,4.0,gaussian,random,proportional_blocks,"[6, 7, 8, 6, 23]",0.0,38.933777116375694,,,,,,,,,,,,,,,,,,,,,,
IoT__binary__SimFL__dirichlet_a1.0__M5__seed2,SimFL,IoT,binary,dirichlet,1.0,5,2,50,8,0.1,1.0,1.0,1.0,256,hist,,40,4.0,gaussian,random,proportional_blocks,4,20.0,100.0,0.2,42,20,1000,100,"[""Src_IP"", ""Dst_IP""]",50062,12516,79,"[""benign"", ""attack""]","[15612, 24312, 4162, 3256, 2720]",8.907055293999747,0.017144715000085853,8.041359581000052,0.023185028001535102,0.35477990100116585,0.15263484700426488,0.28911434099927646,0.021772644000066066,1,1,2,50,25440,32840672,32866112,9842592,786864,10629456,440,52,43495568,20.0,100.0,2.66928896,1.8503564799999999,4.51964544,0.99784276126558,0.9909175680039476,0.9978269199414388,0.9982519979465436,0.9838282691936862,0.03225806451612903,0.998719590268886,0.9977844056242011,0.967741935483871,0.9999146029035013,3.0542857142777663e-07,0.00014879399986966746,1000.0,156537.0,50.0,50.0,3612.0,40.0,4.0,gaussian,random,proportional_blocks,"[15, 24, 4, 3, 4]",0.0,38.63233090967201,,,,,,,,,,,,,,,,,,,,,,
IoT__binary__SimFL__dirichlet_a1.0__M5__seed3,SimFL,IoT,binary,dirichlet,1.0,5,3,50,8,0.1,1.0,1.0,1.0,256,hist,,40,4.0,gaussian,random,proportional_blocks,4,20.0,100.0,0.2,42,20,1000,100,"[""Src_IP"", ""Dst_IP""]",50062,12516,79,"[""benign"", ""attack""]","[23704, 10275, 5090, 5189, 5804]",10.112726565999765,0.016671285000029457,9.257236571000249,0.02073632199972053,0.34333061800089126,0.15332335100038108,0.29071050700122214,0.023952029000156472,1,1,2,50,25440,32840672,32866112,8973196,855672,9828868,440,52,42694980,20.0,100.0,2.66928896,1.7863094400000001,4.4555983999999995,0.9968040907638223,0.9865366355508335,0.9967796668081464,0.9941068900424729,0.9792296461424034,0.04094292803970223,0.9910256410256411,0.9971881390593047,0.9590570719602978,0.999402220324509,3.140397890896555e-07,0.00013850899995304644,1000.0,173739.0,50.0,50.0,4118.0,40.0,4.0,gaussian,random,proportional_blocks,"[23, 10, 5, 5, 7]",0.0,37.997892613159685,,,,,,,,,,,,,,,,,,,,,,
IoT__binary__SimFL__dirichlet_a1.0__M5__seed4,SimFL,IoT,binary,dirichlet,1.0,5,4,50,8,0.1,1.0,1.0,1.0,256,hist,,40,4.0,gaussian,random,proportional_blocks,4,20.0,100.0,0.2,42,20,1000,100,"[""Src_IP"", ""Dst_IP""]",50062,12516,79,"[""benign"", ""attack""]","[8677, 2409, 9028, 10886, 19062]",10.093552334000378,0.016404958999828523,9.150317822000034,0.020120208994740096,0.38429354799973225,0.1690425750061877,0.3210075359975235,0.025693493999824568,1,1,2,50,25440,32840672,32866112,11466872,889140,12356012,440,52,45222124,20.0,100.0,2.66928896,1.98848096,4.65776992,0.9974432726110578,0.9892293084406668,0.997423733446517,0.996841408421163,0.9818818299135645,0.03598014888337469,0.9961538461538462,0.9975289706884799,0.9640198511166254,0.9997438087105038,3.206607542491188e-07,0.0001416314999005408,1000.0,182106.0,50.0,50.0,4364.0,40.0,4.0,gaussian,random,proportional_blocks,"[8, 2, 9, 10, 21]",0.0,38.52080919659622,,,,,,,,,,,,,,,,,,,,,,
IoT__binary__SimFL__iid__M10__seed0,SimFL,IoT,binary,iid,,10,0,50,8,0.1,1.0,1.0,1.0,256,hist,,40,4.0,gaussian,random,proportional_blocks,4,20.0,100.0,0.2,42,20,1000,100,"[""Src_IP"", ""Dst_IP""]",50062,12516,79,"[""benign"", ""attack""]","[5007, 5007, 5006, 5006, 5006, 5006, 5006, 5006, 5006, 5006]",15.705657348999921,0.026008456999988994,14.627253018000147,0.0212046329986606,0.3456155540013697,0.21922218199733834,0.4324534429981668,0.023516339000025255,1,1,2,50,114480,73891512,74005992,16137372,1889100,18026472,1080,52,92032464,20.0,100.0,5.96047936,2.44211776,8.40259712,0.9969638862256311,0.987164518099992,0.9969352121418692,0.9965716390773729,0.9781597455463189,0.043424317617866005,0.9961240310077519,0.9970192471469937,0.956575682382134,0.9997438087105038,3.0175751038674036e-07,0.00015167999993082049,1000.0,169721.0,50.0,50.0,4000.0,40.0,4.0,gaussian,random,proportional_blocks,"[5, 5, 4, 4, 4, 4, 4, 4, 4, 12]",0.0,38.97877520763143,,,,,,,,,,,,,,,,,,,,,,
IoT__binary__SimFL__iid__M10__seed1,SimFL,IoT,binary,iid,,10,1,50,8,0.1,1.0,1.0,1.0,256,hist,,40,4.0,gaussian,random,proportional_blocks,4,20.0,100.0,0.2,42,20,1000,100,"[""Src_IP"", ""Dst_IP""]",50062,12516,79,"[""benign"", ""attack""]","[5007, 5007, 5006, 5006, 5006, 5006, 5006, 5006, 5006, 5006]",17.187907745999837,0.01818843699993522,16.079079932999775,0.02209954700083472,0.37310551499876965,0.22829429298462856,0.4333750009986943,0.023427367999829585,1,1,2,50,114480,73891512,74005992,16070460,1900773,17971233,1080,52,91977225,20.0,100.0,5.96047936,2.43769864,8.398178,0.9962448066474913,0.9840397125871989,0.9961990863316874,0.9961670345953035,0.9725766189954504,0.05459057071960298,0.996078431372549,0.996255637818058,0.9454094292803971,0.9997438087105038,3.2485498560387354e-07,0.00014389850025509077,1000.0,171018.0,50.0,50.0,4038.0,40.0,4.0,gaussian,random,proportional_blocks,"[5, 5, 4, 4, 4, 4, 4, 4, 4, 12]",0.0,39.00607468960711,,,,,,,,,,,,,,,,,,,,,,
IoT__binary__SimFL__iid__M10__seed2,SimFL,IoT,binary,iid,,10,2,50,8,0.1,1.0,1.0,1.0,256,hist,,40,4.0,gaussian,random,proportional_blocks,4,20.0,100.0,0.2,42,20,1000,100,"[""Src_IP"", ""Dst_IP""]",50062,12516,79,"[""benign"", ""attack""]","[5007, 5007, 5006, 5006, 5006, 5006, 5006, 5006, 5006, 5006]",16.38537961300017,0.01872993300003145,15.308535254000162,0.021899420993577223,0.343070872998851,0.22466976800660632,0.43281173699870124,0.02501294500007134,1,1,2,50,114480,73891512,74005992,16083048,1985229,18068277,1080,52,92074269,20.0,100.0,5.96047936,2.44546216,8.405941519999999,0.9953659316075424,0.9801984389584982,0.9952966989407127,0.9950585789871504,0.9663304465017917,0.06699751861042183,0.9947089947089947,0.9954081632653061,0.9330024813895782,0.9996584116140051,4.659855384825647e-07,0.00015296149990717822,1000.0,180402.0,50.0,50.0,4314.0,40.0,4.0,gaussian,random,proportional_blocks,"[5, 5, 4, 4, 4, 4, 4, 4, 4, 12]",0.0,38.98505408848583,,,,,,,,,,,,,,,,,,,,,,
IoT__binary__SimFL__iid__M10__seed3,SimFL,IoT,binary,iid,,10,3,50,8,0.1,1.0,1.0,1.0,256,hist,,40,4.0,gaussian,random,proportional_blocks,4,20.0,100.0,0.2,42,20,1000,100,"[""Src_IP"", ""Dst_IP""]",50062,12516,79,"[""benign"", ""attack""]","[5007, 5007, 5006, 5006, 5006, 5006, 5006, 5006, 5006, 5006]",17.178834433000247,0.019378470000447123,16.074359245999858,0.020997869002258085,0.363154551000207,0.2222571280003649,0.44186198099941976,0.026321859999825392,1,1,2,50,114480,73891512,74005992,16123344,2006055,18129399,1080,52,92135391,20.0,100.0,5.96047936,2.45035192,8.41083128,0.9952061361457335,0.9796130563746663,0.9951463052165919,0.9919401042130737,0.9679779959441677,0.06327543424317618,0.9882198952879581,0.9956603131381893,0.9367245657568238,0.9992314261315115,3.1106599552982866e-07,0.00014879099990139366,1000.0,182716.0,50.0,50.0,4382.0,40.0,4.0,gaussian,random,proportional_blocks,"[5, 5, 4, 4, 4, 4, 4, 4, 4, 12]",0.0,38.97707509355067,,,,,,,,,,,,,,,,,,,,,,
IoT__binary__SimFL__iid__M10__seed4,SimFL,IoT,binary,iid,,10,4,50,8,0.1,1.0,1.0,1.0,256,hist,,40,4.0,gaussian,random,proportional_blocks,4,20.0,100.0,0.2,42,20,1000,100,"[""Src_IP"", ""Dst_IP""]",50062,12516,79,"[""benign"", ""attack""]","[5007, 5007, 5006, 5006, 5006, 5006, 5006, 5006, 5006, 5006]",16.62770139400027,0.01882639699988431,15.517794845000026,0.020185374002267054,0.38371261100019183,0.2183392730075866,0.43458362199089606,0.023951856999701704,1,1,2,50,114480,73891512,74005992,16070520,1924029,17994549,1080,52,92000541,20.0,100.0,5.96047936,2.4395639200000003,8.40004328,0.9960850111856824,0.9833999801054412,0.9960421132650198,0.9942685751158225,0.9730688707452433,0.05334987593052109,0.9921976592977894,0.9963394909338554,0.9466501240694789,0.9994876174210077,3.143135186912629e-07,0.00014691000001221255,1000.0,173602.0,50.0,50.0,4114.0,40.0,4.0,gaussian,random,proportional_blocks,"[5, 5, 4, 4, 4, 4, 4, 4, 4, 12]",0.0,39.02646718069594,,,,,,,,,,,,,,,,,,,,,,
IoT__binary__SimFL__iid__M2__seed0,SimFL,IoT,binary,iid,,2,0,50,8,0.1,1.0,1.0,1.0,256,hist,,40,4.0,gaussian,random,proportional_blocks,4,20.0,100.0,0.2,42,20,1000,100,"[""Src_IP"", ""Dst_IP""]",50062,12516,79,"[""benign"", ""attack""]","[25031, 25031]",5.285114629999953,0.016824636000137616,4.6098727349999535,0.016956823000100485,0.3257327340002121,0.10073978600007649,0.19139384700088158,0.01990602000000763,1,1,2,50,2544,8210168,8212712,9149400,178008,9327408,104,52,17540120,20.0,100.0,0.69701696,1.7461926399999999,2.4432096,0.9984020453819111,0.993299816713906,0.998393636654936,0.998555454948373,0.9881707009554728,0.02357320099255583,0.998730964467005,0.9983799454297408,0.9764267990074442,0.9999146029035013,2.8879801853898994e-07,0.00014992950002579164,1000.0,137829.0,50.0,50.0,3062.0,40.0,4.0,gaussian,random,proportional_blocks,"[25, 25]",0.0,39.52994287084016,,,,,,,,,,,,,,,,,,,,,,
IoT__binary__SimFL__iid__M2__seed1,SimFL,IoT,binary,iid,,2,1,50,8,0.1,1.0,1.0,1.0,256,hist,,40,4.0,gaussian,random,proportional_blocks,4,20.0,100.0,0.2,42,20,1000,100,"[""Src_IP"", ""Dst_IP""]",50062,12516,79,"[""benign"", ""attack""]","[25031, 25031]",6.140103533000001,0.0173731099998804,5.395855162999851,0.01986073300076896,0.36836446900042574,0.10862795400089453,0.2063074139996388,0.01988496000012674,1,1,2,50,2544,8210168,8212712,9211200,183856,9395056,104,52,17607768,20.0,100.0,0.69701696,1.7516044800000001,2.44862144,0.9980025567273889,0.9916198709170874,0.9979914543717727,0.9971561815905428,0.9862242616753512,0.02729528535980149,0.9961880559085133,0.9981243072725723,0.9727047146401985,0.9997438087105038,3.0646124961504887e-07,0.00014500700012831658,1000.0,143677.0,50.0,50.0,3234.0,40.0,4.0,gaussian,random,proportional_blocks,"[25, 25]",0.0,39.56611801366306,,,,,,,,,,,,,,,,,,,,,,
IoT__binary__SimFL__iid__M2__seed2,SimFL,IoT,binary,iid,,2,2,50,8,0.1,1.0,1.0,1.0,256,hist,,40,4.0,gaussian,random,proportional_blocks,4,20.0,100.0,0.2,42,20,1000,100,"[""Src_IP"", ""Dst_IP""]",50062,12516,79,"[""benign"", ""attack""]","[25031, 25031]",5.480766134000078,0.016537546000108705,4.540277289000187,0.018929887999547645,0.5250011240009371,0.10482055400052559,0.21412929399912173,0.057100464000086504,1,1,2,50,2544,8210168,8212712,9186300,183448,9369748,104,52,17582460,20.0,100.0,0.69701696,1.74957984,2.4465968,0.9980025567273889,0.9916198709170874,0.9979914543717727,0.9971561815905428,0.9862242616753512,0.02729528535980149,0.9961880559085133,0.9981243072725723,0.9727047146401985,0.9997438087105038,4.626916746549445e-07,0.00014854349979032122,1000.0,143269.0,50.0,50.0,3222.0,40.0,4.0,gaussian,random,proportional_blocks,"[25, 25]",0.0,39.5446446406456,,,,,,,,,,,,,,,,,,,,,,
IoT__binary__SimFL__iid__M2__seed3,SimFL,IoT,binary,iid,,2,3,50,8,0.1,1.0,1.0,1.0,256,hist,,40,4.0,gaussian,random,proportional_blocks,4,20.0,100.0,0.2,42,20,1000,100,"[""Src_IP"", ""Dst_IP""]",50062,12516,79,"[""benign"", ""attack""]","[25031, 25031]",5.525504446000014,0.01640901400014627,4.809352012999625,0.018146958001125313,0.3529315400028281,0.10437869199995475,0.19946042600122382,0.021176850000301783,1,1,2,50,2544,8210168,8212712,9165000,185217,9350217,104,52,17562929,20.0,100.0,0.69701696,1.74801736,2.44503432,0.9979226589964845,0.9912693391799592,0.9979092622331709,0.9977016462909747,0.9850262654345187,0.02977667493796526,0.9974489795918368,0.9979543129901125,0.9702233250620348,0.9998292058070025,2.9839301696710463e-07,0.00014954550010770618,1000.0,145038.0,50.0,50.0,3274.0,40.0,4.0,gaussian,random,proportional_blocks,"[25, 25]",0.0,39.54166833126923,,,,,,,,,,,,,,,,,,,,,,
IoT__binary__SimFL__iid__M2__seed4,SimFL,IoT,binary,iid,,2,4,50,8,0.1,1.0,1.0,1.0,256,hist,,40,4.0,gaussian,random,proportional_blocks,4,20.0,100.0,0.2,42,20,1000,100,"[""Src_IP"", ""Dst_IP""]",50062,12516,79,"[""benign"", ""attack""]","[25031, 25031]",5.160908306000238,0.01594316599994272,4.41136637999989,0.016470368000682356,0.39293090699993627,0.10226790199976676,0.196794002000388,0.021650552999744832,1,1,2,50,2544,8210168,8212712,9159300,195215,9354515,104,52,17567227,20.0,100.0,0.69701696,1.7483612,2.4453781599999997,0.9982422499201022,0.9926384060509696,0.9982340391598543,0.997291100378473,0.9880853038589741,0.02357320099255583,0.9962025316455696,0.9983796691113764,0.9764267990074442,0.9997438087105038,3.0849648450025585e-07,0.00014203899991116486,1000.0,155036.0,50.0,50.0,3568.0,40.0,4.0,gaussian,random,proportional_blocks,"[25, 25]",0.0,39.56551875674164,,,,,,,,,,,,,,,,,,,,,,
IoT__binary__SimFL__iid__M5__seed0,SimFL,IoT,binary,iid,,5,0,50,8,0.1,1.0,1.0,1.0,256,hist,,40,4.0,gaussian,random,proportional_blocks,4,20.0,100.0,0.2,42,20,1000,100,"[""Src_IP"", ""Dst_IP""]",50062,12516,79,"[""benign"", ""attack""]","[10013, 10013, 10012, 10012, 10012]",8.845580443000017,0.02148596400002134,7.953578563999827,0.019981142999313306,0.34959979099949123,0.17497744699676332,0.2960578160007117,0.023152731999971365,1,1,2,50,25440,32840672,32866112,14528436,824640,15353076,440,52,48219188,20.0,100.0,2.66928896,2.22824608,4.897535039999999,0.9973633748801534,0.9888730982605575,0.9973408542525152,0.9973926136716835,0.980683833672732,0.038461538461538464,0.9974259974259975,0.9973592299173695,0.9615384615384616,0.9998292058070025,3.175658357203543e-07,0.00014879600007589033,1000.0,165981.0,50.0,50.0,3890.0,40.0,4.0,gaussian,random,proportional_blocks,"[10, 10, 9, 9, 12]",0.0,39.27279673205226,,,,,,,,,,,,,,,,,,,,,,
IoT__binary__SimFL__iid__M5__seed1,SimFL,IoT,binary,iid,,5,1,50,8,0.1,1.0,1.0,1.0,256,hist,,40,4.0,gaussian,random,proportional_blocks,4,20.0,100.0,0.2,42,20,1000,100,"[""Src_IP"", ""Dst_IP""]",50062,12516,79,"[""benign"", ""attack""]","[10013, 10013, 10012, 10012, 10012]",10.743634261000352,0.019589977000123326,9.853275278000183,0.0198865329975888,0.3518128059999981,0.1717102229986267,0.29743547600219244,0.023239329000261932,1,1,2,50,25440,32840672,32866112,14488032,817572,15305604,440,52,48171716,20.0,100.0,2.66928896,2.22444832,4.89373728,0.9969638862256311,0.987164518099992,0.9969352121418692,0.9965716390773729,0.9781597455463189,0.043424317617866005,0.9961240310077519,0.9970192471469937,0.956575682382134,0.9997438087105038,5.726128155814421e-07,0.00015134549994400004,1000.0,164214.0,50.0,50.0,3838.0,40.0,4.0,gaussian,random,proportional_blocks,"[10, 10, 9, 9, 12]",0.0,39.30110662778155,,,,,,,,,,,,,,,,,,,,,,
IoT__binary__SimFL__iid__M5__seed2,SimFL,IoT,binary,iid,,5,2,50,8,0.1,1.0,1.0,1.0,256,hist,,40,4.0,gaussian,random,proportional_blocks,4,20.0,100.0,0.2,42,20,1000,100,"[""Src_IP"", ""Dst_IP""]",50062,12516,79,"[""benign"", ""attack""]","[10013, 10013, 10012, 10012, 10012]",9.191795149999962,0.01848738199987565,8.280261837000126,0.01982601499685188,0.3661472820012932,0.17384345100435894,0.3034701720016528,0.023341391000030853,1,1,2,50,25440,32840672,32866112,14468448,833084,15301532,440,52,48167644,20.0,100.0,2.66928896,2.22412256,4.89341152,0.9968839884947267,0.9868033702875769,0.9968517349398085,0.9971278447820333,0.9769617493054863,0.04590570719602978,0.9974059662775616,0.9968497232865049,0.9540942928039702,0.9998292058070025,3.083824704450013e-07,0.0001362590001008357,1000.0,168092.0,50.0,50.0,3952.0,40.0,4.0,gaussian,random,proportional_blocks,"[10, 10, 9, 9, 12]",0.0,39.27951839718749,,,,,,,,,,,,,,,,,,,,,,
IoT__binary__SimFL__iid__M5__seed3,SimFL,IoT,binary,iid,,5,3,50,8,0.1,1.0,1.0,1.0,256,hist,,40,4.0,gaussian,random,proportional_blocks,4,20.0,100.0,0.2,42,20,1000,100,"[""Src_IP"", ""Dst_IP""]",50062,12516,79,"[""benign"", ""attack""]","[10013, 10013, 10012, 10012, 10012]",10.788256588999957,0.017877938999845355,9.951711796999916,0.017790916996091255,0.3243001049995655,0.16702787800022634,0.27866849699694285,0.024456142999952135,1,1,2,50,25440,32840672,32866112,14489400,875828,15365228,440,52,48231340,20.0,100.0,2.66928896,2.22921824,4.898507199999999,0.9966442953020134,0.9857460807090841,0.9966044626463375,0.9976025776345758,0.974523058275572,0.05086848635235732,0.9986945169712794,0.9965106382978723,0.9491315136476427,0.9999146029035013,3.0516898368398296e-07,0.00014874750013404991,1000.0,178778.0,50.0,50.0,4266.0,40.0,4.0,gaussian,random,proportional_blocks,"[10, 10, 9, 9, 12]",0.0,39.271313571171746,,,,,,,,,,,,,,,,,,,,,,
IoT__binary__SimFL__iid__M5__seed4,SimFL,IoT,binary,iid,,5,4,50,8,0.1,1.0,1.0,1.0,256,hist,,40,4.0,gaussian,random,proportional_blocks,4,20.0,100.0,0.2,42,20,1000,100,"[""Src_IP"", ""Dst_IP""]",50062,12516,79,"[""benign"", ""attack""]","[10013, 10013, 10012, 10012, 10012]",8.390266884000084,0.016465552999761712,7.530610784000146,0.017740045999744325,0.34828556199909144,0.16761939799471293,0.2788180559969078,0.02430612200032556,1,1,2,50,25440,32840672,32866112,14469732,818396,15288128,440,52,48154240,20.0,100.0,2.66928896,2.22305024,4.8923392,0.99712368168744,0.9878829719957501,0.9971017001273318,0.995474149231818,0.9805557380279839,0.038461538461538464,0.9935897435897436,0.9973585548738922,0.9615384615384616,0.9995730145175064,2.9561792903364224e-07,0.00015028549978524097,1000.0,164420.0,50.0,50.0,3844.0,40.0,4.0,gaussian,random,proportional_blocks,"[10, 10, 9, 9, 12]",0.0,39.31268726778794,,,,,,,,,,,,,,,,,,,,,,
IoT__multiclass__ALL-IN__pooled__M1__seed0,ALL-IN,IoT,multiclass,pooled,,1,0,50,8,0.1,1.0,1.0,1.0,256,hist,,40,4.0,gaussian,random,proportional_blocks,4,20.0,100.0,0.2,42,20,1000,100,"[""Src_IP"", ""Dst_IP""]",50062,12516,79,"[""Normal"", ""DoS"", ""MITM ARP Spoofing"", ""Mirai"", ""Scan""]",[50062],1.7770454910000808,0.01595242700000199,0.0,0.0,1.7610517269999946,0.0,0.0,0.0,0,0,0,0,0,0,0,0,0,0,0,0,0,20.0,100.0,0.0,0.0,0.0,0.979226589964845,0.9620601629904832,0.9788672380509627,0.9746932590099991,0.950474455843452,0.018610421836228287,,,,,1.0709135506534525e-06,0.00019354649998604145,1000.0,798657.0,250.0,50.0,18632.0,,,,,,,,,,,,0.9991735537190083,,,,,,,0.9991735537190083,,,,0.9974779319041615,0.9125,0.9785714285714285,0.9857433808553971,0.9813895781637717,0.8248587570621468,0.9941944847605225,0.952755905511811
IoT__multiclass__ALL-IN__pooled__M1__seed1,ALL-IN,IoT,multiclass,pooled,,1,1,50,8,0.1,1.0,1.0,1.0,256,hist,,40,4.0,gaussian,random,proportional_blocks,4,20.0,100.0,0.2,42,20,1000,100,"[""Src_IP"", ""Dst_IP""]",50062,12516,79,"[""Normal"", ""DoS"", ""MITM ARP Spoofing"", ""Mirai"", ""Scan""]",[50062],1.044789189000312,0.01620731100001649,0.0,0.0,1.0285434460001852,0.0,0.0,0.0,0,0,0,0,0,0,0,0,0,0,0,0,0,20.0,100.0,0.0,0.0,0.0,0.979226589964845,0.9620601629904832,0.9788672380509627,0.9746932590099991,0.950474455843452,0.018610421836228287,,,,,1.0576742569317623e-06,0.00019159700013915426,1000.0,798657.0,250.0,50.0,18632.0,,,,,,,,,,,,0.9991735537190083,,,,,,,0.9991735537190083,,,,0.9974779319041615,0.9125,0.9785714285714285,0.9857433808553971,0.9813895781637717,0.8248587570621468,0.9941944847605225,0.952755905511811
IoT__multiclass__ALL-IN__pooled__M1__seed2,ALL-IN,IoT,multiclass,pooled,,1,2,50,8,0.1,1.0,1.0,1.0,256,hist,,40,4.0,gaussian,random,proportional_blocks,4,20.0,100.0,0.2,42,20,1000,100,"[""Src_IP"", ""Dst_IP""]",50062,12516,79,"[""Normal"", ""DoS"", ""MITM ARP Spoofing"", ""Mirai"", ""Scan""]",[50062],1.0043046430000686,0.01624256700006299,0.0,0.0,0.9880236720000539,0.0,0.0,0.0,0,0,0,0,0,0,0,0,0,0,0,0,0,20.0,100.0,0.0,0.0,0.0,0.979226589964845,0.9620601629904832,0.9788672380509627,0.9746932590099991,0.950474455843452,0.018610421836228287,,,,,1.0653016139123528e-06,0.0001875375000963686,1000.0,798657.0,250.0,50.0,18632.0,,,,,,,,,,,,0.9991735537190083,,,,,,,0.9991735537190083,,,,0.9974779319041615,0.9125,0.9785714285714285,0.9857433808553971,0.9813895781637717,0.8248587570621468,0.9941944847605225,0.952755905511811
IoT__multiclass__ALL-IN__pooled__M1__seed3,ALL-IN,IoT,multiclass,pooled,,1,3,50,8,0.1,1.0,1.0,1.0,256,hist,,40,4.0,gaussian,random,proportional_blocks,4,20.0,100.0,0.2,42,20,1000,100,"[""Src_IP"", ""Dst_IP""]",50062,12516,79,"[""Normal"", ""DoS"", ""MITM ARP Spoofing"", ""Mirai"", ""Scan""]",[50062],1.0851347560001159,0.018068088999825704,0.0,0.0,1.0670286869999472,0.0,0.0,0.0,0,0,0,0,0,0,0,0,0,0,0,0,0,20.0,100.0,0.0,0.0,0.0,0.979226589964845,0.9620601629904832,0.9788672380509627,0.9746932590099991,0.950474455843452,0.018610421836228287,,,,,1.7384589325976532e-06,0.00020259400025679497,1000.0,798657.0,250.0,50.0,18632.0,,,,,,,,,,,,0.9991735537190083,,,,,,,0.9991735537190083,,,,0.9974779319041615,0.9125,0.9785714285714285,0.9857433808553971,0.9813895781637717,0.8248587570621468,0.9941944847605225,0.952755905511811
IoT__multiclass__ALL-IN__pooled__M1__seed4,ALL-IN,IoT,multiclass,pooled,,1,4,50,8,0.1,1.0,1.0,1.0,256,hist,,40,4.0,gaussian,random,proportional_blocks,4,20.0,100.0,0.2,42,20,1000,100,"[""Src_IP"", ""Dst_IP""]",50062,12516,79,"[""Normal"", ""DoS"", ""MITM ARP Spoofing"", ""Mirai"", ""Scan""]",[50062],1.0298113720000401,0.016716934999749355,0.0,0.0,1.013059726999927,0.0,0.0,0.0,0,0,0,0,0,0,0,0,0,0,0,0,0,20.0,100.0,0.0,0.0,0.0,0.979226589964845,0.9620601629904832,0.9788672380509627,0.9746932590099991,0.950474455843452,0.018610421836228287,,,,,1.0859578938975865e-06,0.00019222049991185486,1000.0,798657.0,250.0,50.0,18632.0,,,,,,,,,,,,0.9991735537190083,,,,,,,0.9991735537190083,,,,0.9974779319041615,0.9125,0.9785714285714285,0.9857433808553971,0.9813895781637717,0.8248587570621468,0.9941944847605225,0.952755905511811
IoT__multiclass__SOLO__dirichlet_a0.1__M10__seed0,SOLO,IoT,multiclass,dirichlet,0.1,10,0,50,8,0.1,1.0,1.0,1.0,256,hist,,40,4.0,gaussian,random,proportional_blocks,4,20.0,100.0,0.2,42,20,1000,100,"[""Src_IP"", ""Dst_IP""]",50062,12516,79,"[""Normal"", ""DoS"", ""MITM ARP Spoofing"", ""Mirai"", ""Scan""]","[22, 6920, 3785, 378, 2838, 13121, 4899, 7527, 2909, 7663]",0.17451823609999337,0.0020914262999667697,0.0,0.0,0.1723872693000203,0.0,0.0,0.0,0,0,0,0,0,0,0,0,0,0,0,0,0,20.0,100.0,0.0,0.0,0.0,0.618600191754554,0.42266420342845656,0.5461382548891275,0.44145885043480393,0.5256675032315257,0.5229528535980149,,,,,7.129618728061193e-07,0.000165589649964204,1000.0,259448.7,250.0,50.0,2780.6,,,,,,,,,,,,0.575060416929349,,,,,,,0.565702479338843,,,,0.3929523881656721,0.18358695657631327,0.6777175604282916,0.37797693007439376,0.4770471464019851,0.33841807909604515,0.6721698113207547,0.575
IoT__multiclass__SOLO__dirichlet_a0.1__M10__seed1,SOLO,IoT,multiclass,dirichlet,0.1,10,1,50,8,0.1,1.0,1.0,1.0,256,hist,,40,4.0,gaussian,random,proportional_blocks,4,20.0,100.0,0.2,42,20,1000,100,"[""Src_IP"", ""Dst_IP""]",50062,12516,79,"[""Normal"", ""DoS"", ""MITM ARP Spoofing"", ""Mirai"", ""Scan""]","[4809, 3751, 6468, 8681, 1785, 98, 23018, 177, 264, 1011]",0.17597746029991868,0.002108220199988864,0.0,0.0,0.17382619299996804,0.0,0.0,0.0,0,0,0,0,0,0,0,0,0,0,0,0,0,20.0,100.0,0.0,0.0,0.0,0.628867050175775,0.4572970536068103,0.5613673409929512,0.4467768650067671,0.5691230985299234,0.556575682382134,,,,,6.158943672132066e-07,0.0001693953499852796,1000.0,263016.7,250.0,50.0,2885.6,,,,,,,,,,,,0.6046056958982674,,,,,,,0.6890909090909092,,,,0.28089931612780594,0.3149599496589647,0.5869251929051392,0.44649417044365836,0.44342431761786594,0.5840395480225988,0.6740082244799226,0.4550524934383202
IoT__multiclass__SOLO__dirichlet_a0.1__M10__seed2,SOLO,IoT,multiclass,dirichlet,0.1,10,2,50,8,0.1,1.0,1.0,1.0,256,hist,,40,4.0,gaussian,random,proportional_blocks,4,20.0,100.0,0.2,42,20,1000,100,"[""Src_IP"", ""Dst_IP""]",50062,12516,79,"[""Normal"", ""DoS"", ""MITM ARP Spoofing"", ""Mirai"", ""Scan""]","[27473, 328, 7127, 1088, 2441, 5565, 1522, 3860, 492, 166]",0.13737921000010828,0.0036888923999867985,0.0,0.0,0.1336493494000024,0.0,0.0,0.0,0,0,0,0,0,0,0,0,0,0,0,0,0,20.0,100.0,0.0,0.0,0.0,0.533237456056248,0.41371776186961584,0.5036158911880912,0.4347654140250007,0.5356349154152797,0.49441687344913143,,,,,5.26422059773655e-07,0.00016141524990871404,1000.0,228381.4,250.0,50.0,1867.6,,,,,,,,,,,,0.5485018610421836,,,,,,,0.568099173553719,,,,0.4569683561541158,0.08362524670572444,0.72496591760148,0.35976568862149916,0.5055831265508686,0.4437853107344633,0.5183841315916787,0.6423228346456693
IoT__multiclass__SOLO__dirichlet_a0.1__M10__seed3,SOLO,IoT,multiclass,dirichlet,0.1,10,3,50,8,0.1,1.0,1.0,1.0,256,hist,,40,4.0,gaussian,random,proportional_blocks,4,20.0,100.0,0.2,42,20,1000,100,"[""Src_IP"", ""Dst_IP""]",50062,12516,79,"[""Normal"", ""DoS"", ""MITM ARP Spoofing"", ""Mirai"", ""Scan""]","[1800, 2037, 1941, 181, 4976, 70, 1031, 29228, 1395, 7403]",0.1689712817000327,0.0019427961000019422,0.0,0.0,0.16699103880009716,0.0,0.0,0.0,0,0,0,0,0,0,0,0,0,0,0,0,0,20.0,100.0,0.0,0.0,0.0,0.4646532438478747,0.2998493664335603,0.37869493411493954,0.3237604521805261,0.44522564625541367,0.5908188585607941,,,,,5.765294103477997e-07,0.00016147619992352703,1000.0,231717.9,250.0,50.0,1965.6,,,,,,,,,,,,0.4892925063185401,,,,,,,0.5670247933884298,,,,0.2524322472813783,0.19287163883600406,0.49211203710414075,0.19209383136256747,0.4091811414392059,0.3820621468926554,0.47547169811320755,0.39238845144356954
IoT__multiclass__SOLO__dirichlet_a0.1__M10__seed4,SOLO,IoT,multiclass,dirichlet,0.1,10,4,50,8,0.1,1.0,1.0,1.0,256,hist,,40,4.0,gaussian,random,proportional_blocks,4,20.0,100.0,0.2,42,20,1000,100,"[""Src_IP"", ""Dst_IP""]",50062,12516,79,"[""Normal"", ""DoS"", ""MITM ARP Spoofing"", ""Mirai"", ""Scan""]","[10295, 2111, 18961, 572, 74, 3587, 5619, 4793, 263, 3787]",0.13575082060001478,0.0019225716999244468,0.0,0.0,0.1337929439000618,0.0,0.0,0.0,0,0,0,0,0,0,0,0,0,0,0,0,0,20.0,100.0,0.0,0.0,0.0,0.5635906040268457,0.33138522820134325,0.4804065466936186,0.2903580257984728,0.4661982654732066,0.6678660049627793,,,,,5.318233940640386e-07,0.0001651127500281291,1000.0,232728.6,250.0,50.0,1995.2,,,,,,,,,,,,0.4420855550093735,,,,,,,0.47024793388429753,,,,0.11620684010438331,0.20723582996881534,0.5513831660706974,0.13487873783909457,0.3321339950372209,0.49858757062146897,0.6367803580067731,0.39324146981627295
IoT__multiclass__SOLO__dirichlet_a0.1__M2__seed0,SOLO,IoT,multiclass,dirichlet,0.1,2,0,50,8,0.1,1.0,1.0,1.0,256,hist,,40,4.0,gaussian,random,proportional_blocks,4,20.0,100.0,0.2,42,20,1000,100,"[""Src_IP"", ""Dst_IP""]",50062,12516,79,"[""Normal"", ""DoS"", ""MITM ARP Spoofing"", ""Mirai"", ""Scan""]","[356, 49706]",0.5379537454999763,0.01438774500013551,0.0,0.0,0.5235062524999421,0.0,0.0,0.0,0,0,0,0,0,0,0,0,0,0,0,0,0,20.0,100.0,0.0,0.0,0.0,0.5735059124320869,0.5629926412089657,0.5346909014805526,0.5502775706472908,0.6662517710956797,0.510545905707196,,,,,7.602089725203976e-07,0.00017734275002112554,1000.0,481297.0,250.0,50.0,9303.0,,,,,,,,,,,,0.49958677685950414,,,,,,,0.49958677685950414,,,,0.49873577749683945,0.5026070839696682,0.4891343070894193,0.7613239078210231,0.48945409429280395,0.9194915254237288,0.49818577648766327,0.9245406824146982
IoT__multiclass__SOLO__dirichlet_a0.1__M2__seed1,SOLO,IoT,multiclass,dirichlet,0.1,2,1,50,8,0.1,1.0,1.0,1.0,256,hist,,40,4.0,gaussian,random,proportional_blocks,4,20.0,100.0,0.2,42,20,1000,100,"[""Src_IP"", ""Dst_IP""]",50062,12516,79,"[""Normal"", ""DoS"", ""MITM ARP Spoofing"", ""Mirai"", ""Scan""]","[29617, 20445]",0.5064830235000954,0.012283549000130733,0.0,0.0,0.4941524369999115,0.0,0.0,0.0,0,0,0,0,0,0,0,0,0,0,0,0,0,20.0,100.0,0.0,0.0,0.0,0.8108820709491851,0.5490664811149302,0.7448221186968123,0.5243490167589302,0.5876264941475943,0.5086848635235732,,,,,7.346958692928701e-07,0.00017141975024514977,1000.0,397786.0,250.0,50.0,6848.0,,,,,,,,,,,,0.49958643507030603,,,,,,,0.4991735537190083,,,,0.4919254658385093,0.32152842497670087,0.8285228215868479,0.4801819363222872,0.4913151364764268,0.4872881355932203,0.9754475084663764,0.4849081364829396
IoT__multiclass__SOLO__dirichlet_a0.1__M2__seed2,SOLO,IoT,multiclass,dirichlet,0.1,2,2,50,8,0.1,1.0,1.0,1.0,256,hist,,40,4.0,gaussian,random,proportional_blocks,4,20.0,100.0,0.2,42,20,1000,100,"[""Src_IP"", ""Dst_IP""]",50062,12516,79,"[""Normal"", ""DoS"", ""MITM ARP Spoofing"", ""Mirai"", ""Scan""]","[13150, 36912]",0.5386923934997867,0.008636060500066378,0.0,0.0,0.5300121530001434,0.0,0.0,0.0,0,0,0,0,0,0,0,0,0,0,0,0,0,20.0,100.0,0.0,0.0,0.0,0.8147571108980505,0.5671423359600002,0.7617877848252128,0.5203489253659502,0.6575445253563417,0.511166253101737,,,,,8.176004713930343e-07,0.00017061074993307557,1000.0,484770.5,250.0,50.0,9405.0,,,,,,,,,,,,0.3892466194462331,,,,,,,0.49958677685950414,,,,0.19759277833500502,0.7501464566033443,0.8948380588673689,0.3699207135777998,0.48883374689826303,0.8608757062146892,0.9485970004837929,0.4898293963254593
IoT__multiclass__SOLO__dirichlet_a0.1__M2__seed3,SOLO,IoT,multiclass,dirichlet,0.1,2,3,50,8,0.1,1.0,1.0,1.0,256,hist,,40,4.0,gaussian,random,proportional_blocks,4,20.0,100.0,0.2,42,20,1000,100,"[""Src_IP"", ""Dst_IP""]",50062,12516,79,"[""Normal"", ""DoS"", ""MITM ARP Spoofing"", ""Mirai"", ""Scan""]","[36672, 13390]",0.5256440650000513,0.010452847999886217,0.0,0.0,0.5151479329999802,0.0,0.0,0.0,0,0,0,0,0,0,0,0,0,0,0,0,0,20.0,100.0,0.0,0.0,0.0,0.6025087887503995,0.5540759294300572,0.5193682096794374,0.5140000670970385,0.7457490652611944,0.03411910669975186,,,,,1.0561893176800548e-06,0.0001683992500147724,1000.0,471334.5,250.0,50.0,9009.0,,,,,,,,,,,,0.4954918032786885,,,,,,,0.49958677685950414,,,,0.3719748219214145,0.5633072667146737,0.4614782511461478,0.6777481924242681,0.9658808933002481,0.8057909604519774,0.4991533623609095,0.9583333333333334
IoT__multiclass__SOLO__dirichlet_a0.1__M2__seed4,SOLO,IoT,multiclass,dirichlet,0.1,2,4,50,8,0.1,1.0,1.0,1.0,256,hist,,40,4.0,gaussian,random,proportional_blocks,4,20.0,100.0,0.2,42,20,1000,100,"[""Src_IP"", ""Dst_IP""]",50062,12516,79,"[""Normal"", ""DoS"", ""MITM ARP Spoofing"", ""Mirai"", ""Scan""]","[39240, 10822]",0.5834648129998641,0.009983093500068208,0.0,0.0,0.5734427904999393,0.0,0.0,0.0,0,0,0,0,0,0,0,0,0,0,0,0,0,20.0,100.0,0.0,0.0,0.0,0.8606583573026526,0.6006218792787283,0.8216390076881237,0.5638613366035443,0.671835489258434,0.510545905707196,,,,,8.211934723589948e-07,0.00018294999983936577,1000.0,504800.0,250.0,50.0,9994.0,,,,,,,,,,,,0.42184228890439635,,,,,,,0.49958677685950414,,,,0.19924242424242425,0.4515195369030391,0.9369788804648143,0.8097235525030477,0.48945409429280395,0.4406779661016949,0.966860183841316,0.9625984251968505
IoT__multiclass__SOLO__dirichlet_a0.1__M5__seed0,SOLO,IoT,multiclass,dirichlet,0.1,5,0,50,8,0.1,1.0,1.0,1.0,256,hist,,40,4.0,gaussian,random,proportional_blocks,4,20.0,100.0,0.2,42,20,1000,100,"[""Src_IP"", ""Dst_IP""]",50062,12516,79,"[""Normal"", ""DoS"", ""MITM ARP Spoofing"", ""Mirai"", ""Scan""]","[2503, 20045, 4919, 8290, 14305]",0.23486318000004758,0.003517569999985426,0.0,0.0,0.23130286939990582,0.0,0.0,0.0,0,0,0,0,0,0,0,0,0,0,0,0,0,20.0,100.0,0.0,0.0,0.0,0.5810322786832854,0.413819743230354,0.5019159823778695,0.3995794527081419,0.5267463933859137,0.6352357320099256,,,,,6.315002396911049e-07,0.00016625139994630445,1000.0,280598.8,250.0,50.0,3402.0,,,,,,,,,,,,0.5956047347070301,,,,,,,0.5922314049586777,,,,0.38795764248070047,0.04590389756843744,0.4964733247010182,0.47195766408352274,0.36476426799007444,0.3926553672316384,0.5970730527334301,0.687007874015748
IoT__multiclass__SOLO__dirichlet_a0.1__M5__seed1,SOLO,IoT,multiclass,dirichlet,0.1,5,1,50,8,0.1,1.0,1.0,1.0,256,hist,,40,4.0,gaussian,random,proportional_blocks,4,20.0,100.0,0.2,42,20,1000,100,"[""Src_IP"", ""Dst_IP""]",50062,12516,79,"[""Normal"", ""DoS"", ""MITM ARP Spoofing"", ""Mirai"", ""Scan""]","[30971, 2941, 7885, 4195, 4070]",0.21547366579998198,0.0041028139999070845,0.0,0.0,0.2113217774000077,0.0,0.0,0.0,0,0,0,0,0,0,0,0,0,0,0,0,0,20.0,100.0,0.0,0.0,0.0,0.5313518696069032,0.3664576267293705,0.45935196556576186,0.327642553218779,0.515014570197203,0.3327543424317617,,,,,6.290690795734811e-07,0.0001644712999677722,1000.0,259233.4,250.0,50.0,2774.4,,,,,,,,,,,,0.5661062882024468,,,,,,,0.5923966942148761,,,,0.24971860326696332,0.06318994917633781,0.5005599558482284,0.25863796959991864,0.6672456575682382,0.38305084745762713,0.5491775520077407,0.38320209973753283
IoT__multiclass__SOLO__dirichlet_a0.1__M5__seed2,SOLO,IoT,multiclass,dirichlet,0.1,5,2,50,8,0.1,1.0,1.0,1.0,256,hist,,40,4.0,gaussian,random,proportional_blocks,4,20.0,100.0,0.2,42,20,1000,100,"[""Src_IP"", ""Dst_IP""]",50062,12516,79,"[""Normal"", ""DoS"", ""MITM ARP Spoofing"", ""Mirai"", ""Scan""]","[1968, 3243, 14573, 2763, 27515]",0.23063831979998212,0.003678719599975011,0.0,0.0,0.22691802300014388,0.0,0.0,0.0,0,0,0,0,0,0,0,0,0,0,0,0,0,20.0,100.0,0.0,0.0,0.0,0.5563918184723554,0.38520263830030066,0.48837657824440894,0.3841140599714465,0.5249951074143299,0.21712158808933002,,,,,6.79849520613146e-07,0.00017149379996226344,1000.0,276899.8,250.0,50.0,3293.2,,,,,,,,,,,,0.268016240333747,,,,,,,0.3993388429752066,,,,0.37715580747772376,0.2550377533052795,0.5361534072325493,0.48420709150793273,0.78287841191067,0.22966101694915256,0.5691340106434446,0.6439632545931759
IoT__multiclass__SOLO__dirichlet_a0.1__M5__seed3,SOLO,IoT,multiclass,dirichlet,0.1,5,3,50,8,0.1,1.0,1.0,1.0,256,hist,,40,4.0,gaussian,random,proportional_blocks,4,20.0,100.0,0.2,42,20,1000,100,"[""Src_IP"", ""Dst_IP""]",50062,12516,79,"[""Normal"", ""DoS"", ""MITM ARP Spoofing"", ""Mirai"", ""Scan""]","[28007, 1980, 2128, 746, 17201]",0.2625545509999938,0.0036186332001307163,0.0,0.0,0.25889749460011446,0.0,0.0,0.0,0,0,0,0,0,0,0,0,0,0,0,0,0,20.0,100.0,0.0,0.0,0.0,0.6779642058165548,0.4643897235716018,0.6206104561120414,0.43170034821241676,0.5590461868293859,0.3042183622828784,,,,,6.94382885906458e-07,0.00016587419995630625,1000.0,314756.6,250.0,50.0,4406.4,,,,,,,,,,,,0.39867312264974064,,,,,,,0.3947107438016529,,,,0.33248198074990976,0.24970150550446188,0.6902262849807493,0.4874188471772225,0.6957816377171216,0.37570621468926557,0.7644654088050314,0.5645669291338582
IoT__multiclass__SOLO__dirichlet_a0.1__M5__seed4,SOLO,IoT,multiclass,dirichlet,0.1,5,4,50,8,0.1,1.0,1.0,1.0,256,hist,,40,4.0,gaussian,random,proportional_blocks,4,20.0,100.0,0.2,42,20,1000,100,"[""Src_IP"", ""Dst_IP""]",50062,12516,79,"[""Normal"", ""DoS"", ""MITM ARP Spoofing"", ""Mirai"", ""Scan""]","[30265, 5442, 12587, 944, 824]",0.23244418680005766,0.003560574400034966,0.0,0.0,0.22884745539986398,0.0,0.0,0.0,0,0,0,0,0,0,0,0,0,0,0,0,0,20.0,100.0,0.0,0.0,0.0,0.7835890060722275,0.4869894552693978,0.7131120774437236,0.4806441064596152,0.5347427638863224,0.6059553349875931,,,,,6.252027804418307e-07,0.0001656623999679141,1000.0,305471.2,250.0,50.0,4134.0,,,,,,,,,,,,0.5663687314196598,,,,,,,0.5978512396694216,,,,0.44549541234984646,0.30352271694979044,0.8168573506695325,0.270976320909247,0.394044665012407,0.32994350282485874,0.959748427672956,0.39212598425196854
IoT__multiclass__SOLO__dirichlet_a0.5__M10__seed0,SOLO,IoT,multiclass,dirichlet,0.5,10,0,50,8,0.1,1.0,1.0,1.0,256,hist,,40,4.0,gaussian,random,proportional_blocks,4,20.0,100.0,0.2,42,20,1000,100,"[""Src_IP"", ""Dst_IP""]",50062,12516,79,"[""Normal"", ""DoS"", ""MITM ARP Spoofing"", ""Mirai"", ""Scan""]","[1190, 8406, 8577, 1474, 3888, 3924, 8092, 3245, 8851, 2415]",0.2709537198999669,0.00202823240001635,0.0,0.0,0.26888415420003187,0.0,0.0,0.0,0,0,0,0,0,0,0,0,0,0,0,0,0,20.0,100.0,0.0,0.0,0.0,0.9033397251518057,0.8210098337554026,0.8856615817574545,0.845914406854971,0.8285786164344451,0.07779156327543425,,,,,7.69448825500886e-07,0.00017200564998347544,1000.0,334267.3,250.0,50.0,4978.8,,,,,,,,,,,,0.8934967926075444,,,,,,,0.8832231404958678,,,,0.942294200057302,0.7019494132199384,0.9156027908322439,0.7762288375578263,0.9222084367245656,0.6573446327683616,0.9591194968553459,0.7209973753280841
IoT__multiclass__SOLO__dirichlet_a0.5__M10__seed1,SOLO,IoT,multiclass,dirichlet,0.5,10,1,50,8,0.1,1.0,1.0,1.0,256,hist,,40,4.0,gaussian,random,proportional_blocks,4,20.0,100.0,0.2,42,20,1000,100,"[""Src_IP"", ""Dst_IP""]",50062,12516,79,"[""Normal"", ""DoS"", ""MITM ARP Spoofing"", ""Mirai"", ""Scan""]","[2546, 2584, 4921, 16350, 1202, 2436, 12730, 832, 4293, 2168]",0.22924545400001078,0.002038234499968894,0.0,0.0,0.22715658339993752,0.0,0.0,0.0,0,0,0,0,0,0,0,0,0,0,0,0,0,20.0,100.0,0.0,0.0,0.0,0.8519415148609779,0.7906637557572738,0.8443832240390403,0.7949653996177591,0.8431930471925337,0.08399503722084367,,,,,7.587014301744207e-07,0.0001663904999531951,1000.0,308791.8,250.0,50.0,4230.2,,,,,,,,,,,,0.9936514139155064,,,,,,,0.9664462809917355,,,,0.8369830072927323,0.4541060290133244,0.9387064316227225,0.75138011624451,0.9160049627791563,0.6902542372881356,0.8544146105466861,0.7888451443569553
IoT__multiclass__SOLO__dirichlet_a0.5__M10__seed2,SOLO,IoT,multiclass,dirichlet,0.5,10,2,50,8,0.1,1.0,1.0,1.0,256,hist,,40,4.0,gaussian,random,proportional_blocks,4,20.0,100.0,0.2,42,20,1000,100,"[""Src_IP"", ""Dst_IP""]",50062,12516,79,"[""Normal"", ""DoS"", ""MITM ARP Spoofing"", ""Mirai"", ""Scan""]","[9170, 1963, 3554, 1737, 3333, 3287, 1168, 1784, 3993, 20073]",0.24958596719993692,0.002062055799888185,0.0,0.0,0.24748174759993163,0.0,0.0,0.0,0,0,0,0,0,0,0,0,0,0,0,0,0,20.0,100.0,0.0,0.0,0.0,0.8963886225631192,0.8079915935855402,0.8845441550375298,0.8410857657132912,0.8255825849342111,0.1292803970223325,,,,,7.446293704111006e-07,0.00017225665001205926,1000.0,321057.1,250.0,50.0,4590.6,,,,,,,,,,,,0.9894798827171133,,,,,,,0.9891735537190083,,,,0.9316435932633123,0.5416736643299911,0.9275987002095312,0.8150329880465081,0.8707196029776675,0.6125706214689266,0.9436381228834059,0.7118110236220472
IoT__multiclass__SOLO__dirichlet_a0.5__M10__seed3,SOLO,IoT,multiclass,dirichlet,0.5,10,3,50,8,0.1,1.0,1.0,1.0,256,hist,,40,4.0,gaussian,random,proportional_blocks,4,20.0,100.0,0.2,42,20,1000,100,"[""Src_IP"", ""Dst_IP""]",50062,12516,79,"[""Normal"", ""DoS"", ""MITM ARP Spoofing"", ""Mirai"", ""Scan""]","[5405, 14769, 13070, 1298, 3571, 2453, 1140, 3788, 3821, 747]",0.2386647721000827,0.003871075199867846,0.0,0.0,0.2347506885999337,0.0,0.0,0.0,0,0,0,0,0,0,0,0,0,0,0,0,0,20.0,100.0,0.0,0.0,0.0,0.8582214765100671,0.7729364956758912,0.8460569386775101,0.8115533328973374,0.7989639527586482,0.23325062034739452,,,,,7.393118008879498e-07,0.00016693590007434977,1000.0,325684.9,250.0,50.0,4727.2,,,,,,,,,,,,0.9589242700615991,,,,,,,0.9896694214876032,,,,0.8196021014757127,0.6757488222993336,0.9293707956730914,0.6741206749769509,0.7667493796526055,0.602683615819209,0.8906386066763424,0.7450787401574803
IoT__multiclass__SOLO__dirichlet_a0.5__M10__seed4,SOLO,IoT,multiclass,dirichlet,0.5,10,4,50,8,0.1,1.0,1.0,1.0,256,hist,,40,4.0,gaussian,random,proportional_blocks,4,20.0,100.0,0.2,42,20,1000,100,"[""Src_IP"", ""Dst_IP""]",50062,12516,79,"[""Normal"", ""DoS"", ""MITM ARP Spoofing"", ""Mirai"", ""Scan""]","[2400, 797, 2411, 5155, 11656, 6462, 4131, 6414, 6610, 4026]",0.25698562750003473,0.0019100566000361141,0.0,0.0,0.25503467729995466,0.0,0.0,0.0,0,0,0,0,0,0,0,0,0,0,0,0,0,20.0,100.0,0.0,0.0,0.0,0.9234739533397249,0.8528293460850211,0.9110196560409716,0.888024653579205,0.8485953902994225,0.15397022332506202,,,,,7.516096436604821e-07,0.00016758970007231256,1000.0,340810.7,250.0,50.0,5171.2,,,,,,,,,,,,0.9972863116075038,,,,,,,0.9886776859504132,,,,0.9622411570964058,0.6937499502139054,0.9262275759306083,0.8606182730476016,0.846029776674938,0.6758474576271187,0.972907595549105,0.7595144356955381
IoT__multiclass__SOLO__dirichlet_a0.5__M2__seed0,SOLO,IoT,multiclass,dirichlet,0.5,2,0,50,8,0.1,1.0,1.0,1.0,256,hist,,40,4.0,gaussian,random,proportional_blocks,4,20.0,100.0,0.2,42,20,1000,100,"[""Src_IP"", ""Dst_IP""]",50062,12516,79,"[""Normal"", ""DoS"", ""MITM ARP Spoofing"", ""Mirai"", ""Scan""]","[5524, 44538]",0.6601096960000632,0.011301525500016396,0.0,0.0,0.6487665544999572,0.0,0.0,0.0,0,0,0,0,0,0,0,0,0,0,0,0,0,20.0,100.0,0.0,0.0,0.0,0.9343240651965484,0.9128384223136383,0.9379928392037877,0.8976494666796963,0.9463838763399572,0.025434243176178657,,,,,9.464530201339589e-07,0.00017557950002355938,1000.0,556339.0,250.0,50.0,11508.0,,,,,,,,,,,,0.9995819397993311,,,,,,,0.9933884297520661,,,,0.9294377067254687,0.7325667731760273,0.9872578034256492,0.8394031102720054,0.9745657568238213,0.8813559322033898,0.9213231736816643,0.9612860892388451
IoT__multiclass__SOLO__dirichlet_a0.5__M2__seed1,SOLO,IoT,multiclass,dirichlet,0.5,2,1,50,8,0.1,1.0,1.0,1.0,256,hist,,40,4.0,gaussian,random,proportional_blocks,4,20.0,100.0,0.2,42,20,1000,100,"[""Src_IP"", ""Dst_IP""]",50062,12516,79,"[""Normal"", ""DoS"", ""MITM ARP Spoofing"", ""Mirai"", ""Scan""]","[39524, 10538]",0.5696077730001434,0.009906787499858183,0.0,0.0,0.5596554385001582,0.0,0.0,0.0,0,0,0,0,0,0,0,0,0,0,0,0,0,20.0,100.0,0.0,0.0,0.0,0.9157877916267179,0.8900686092980248,0.9213031163870709,0.9051986494993499,0.9039985694469481,0.05272952853598015,,,,,1.0234249360744496e-06,0.00021654725014741416,1000.0,485716.5,250.0,50.0,9431.0,,,,,,,,,,,,0.9983498349834983,,,,,,,0.997107438016529,,,,0.8840763489861965,0.907566381866681,0.9819386213233938,0.7540620603369796,0.9472704714640199,0.7139830508474576,0.9118287373004355,0.9498031496062993
IoT__multiclass__SOLO__dirichlet_a0.5__M2__seed2,SOLO,IoT,multiclass,dirichlet,0.5,2,2,50,8,0.1,1.0,1.0,1.0,256,hist,,40,4.0,gaussian,random,proportional_blocks,4,20.0,100.0,0.2,42,20,1000,100,"[""Src_IP"", ""Dst_IP""]",50062,12516,79,"[""Normal"", ""DoS"", ""MITM ARP Spoofing"", ""Mirai"", ""Scan""]","[16811, 33251]",0.6658483505000277,0.012418537000030483,0.0,0.0,0.6533866785000555,0.0,0.0,0.0,0,0,0,0,0,0,0,0,0,0,0,0,0,20.0,100.0,0.0,0.0,0.0,0.9546180888462767,0.9304492813804104,0.953927947688171,0.9462355814550879,0.9246468977835091,0.029156327543424315,,,,,9.339493048953756e-07,0.00018363724996106612,1000.0,565315.5,250.0,50.0,11772.0,,,,,,,,,,,,0.9995867768595041,,,,,,,0.9859504132231405,,,,0.9816625916870416,0.8315692770510843,0.9615396364180161,0.9568196252597936,0.9708436724565757,0.846045197740113,0.9785316884373488,0.8418635170603674
IoT__multiclass__SOLO__dirichlet_a0.5__M2__seed3,SOLO,IoT,multiclass,dirichlet,0.5,2,3,50,8,0.1,1.0,1.0,1.0,256,hist,,40,4.0,gaussian,random,proportional_blocks,4,20.0,100.0,0.2,42,20,1000,100,"[""Src_IP"", ""Dst_IP""]",50062,12516,79,"[""Normal"", ""DoS"", ""MITM ARP Spoofing"", ""Mirai"", ""Scan""]","[6994, 43068]",0.5689235219999773,0.00823408549990745,0.0,0.0,0.5606515369997851,0.0,0.0,0.0,0,0,0,0,0,0,0,0,0,0,0,0,0,20.0,100.0,0.0,0.0,0.0,0.6480904442313838,0.6847219824844908,0.5818650040356693,0.6736868408295075,0.8369736214535339,0.019851116625310174,,,,,9.091413391013236e-07,0.00017208474980634492,1000.0,491777.0,250.0,50.0,9610.0,,,,,,,,,,,,0.999172526652379,,,,,,,0.9979338842975207,,,,0.6523076923076923,0.5735029396494029,0.4752766251728907,0.6681744203651727,0.9801488833746899,0.7507062146892656,0.4987300435413643,0.9573490813648294
IoT__multiclass__SOLO__dirichlet_a0.5__M2__seed4,SOLO,IoT,multiclass,dirichlet,0.5,2,4,50,8,0.1,1.0,1.0,1.0,256,hist,,40,4.0,gaussian,random,proportional_blocks,4,20.0,100.0,0.2,42,20,1000,100,"[""Src_IP"", ""Dst_IP""]",50062,12516,79,"[""Normal"", ""DoS"", ""MITM ARP Spoofing"", ""Mirai"", ""Scan""]","[26596, 23466]",0.5805942665001567,0.0092578080000294,0.0,0.0,0.5712948250002228,0.0,0.0,0.0,0,0,0,0,0,0,0,0,0,0,0,0,0,20.0,100.0,0.0,0.0,0.0,0.9048418024928092,0.7218791641345974,0.8774342713510612,0.7051846358970546,0.7649794727662315,0.07816377171215881,,,,,9.482842361681355e-07,0.0001713724999490296,1000.0,537337.0,250.0,50.0,10950.0,,,,,,,,,,,,0.4890776699029126,,,,,,,0.49958677685950414,,,,0.6967981413442835,0.4162404092071611,0.9458710224398745,0.9779359365910414,0.9218362282878412,0.4597457627118644,0.9919569424286405,0.9517716535433072
IoT__multiclass__SOLO__dirichlet_a0.5__M5__seed0,SOLO,IoT,multiclass,dirichlet,0.5,5,0,50,8,0.1,1.0,1.0,1.0,256,hist,,40,4.0,gaussian,random,proportional_blocks,4,20.0,100.0,0.2,42,20,1000,100,"[""Src_IP"", ""Dst_IP""]",50062,12516,79,"[""Normal"", ""DoS"", ""MITM ARP Spoofing"", ""Mirai"", ""Scan""]","[2718, 16263, 4585, 11717, 14779]",0.37089423879997413,0.003893295400030183,0.0,0.0,0.3669587970000066,0.0,0.0,0.0,0,0,0,0,0,0,0,0,0,0,0,0,0,20.0,100.0,0.0,0.0,0.0,0.9105944391179289,0.8400387432510932,0.9086843595249594,0.8592561754249303,0.8677301703284783,0.04739454094292804,,,,,9.867903962958022e-07,0.00017378499994720188,1000.0,418243.4,250.0,50.0,7447.6,,,,,,,,,,,,0.7951138883289659,,,,,,,0.7970247933884298,,,,0.8376772863412475,0.7679080337453594,0.9677265109674809,0.9278551577415979,0.952605459057072,0.7115819209039549,0.9341315916787615,0.9433070866141733
IoT__multiclass__SOLO__dirichlet_a0.5__M5__seed1,SOLO,IoT,multiclass,dirichlet,0.5,5,1,50,8,0.1,1.0,1.0,1.0,256,hist,,40,4.0,gaussian,random,proportional_blocks,4,20.0,100.0,0.2,42,20,1000,100,"[""Src_IP"", ""Dst_IP""]",50062,12516,79,"[""Normal"", ""DoS"", ""MITM ARP Spoofing"", ""Mirai"", ""Scan""]","[7960, 1645, 2303, 8945, 29209]",0.36319168419986453,0.0037558377999630465,0.0,0.0,0.3593918956001289,0.0,0.0,0.0,0,0,0,0,0,0,0,0,0,0,0,0,0,20.0,100.0,0.0,0.0,0.0,0.8638542665388304,0.7862060568353213,0.8602332721885319,0.8288897286841077,0.8308611655540755,0.05732009925558312,,,,,8.94604330451879e-07,0.0001741218999995908,1000.0,365910.6,250.0,50.0,5909.6,,,,,,,,,,,,0.995558478694754,,,,,,,0.990909090909091,,,,0.7447432516137964,0.7347598156533462,0.949171853610421,0.720215243848222,0.9426799007444169,0.7364406779661017,0.9000241896468312,0.584251968503937
IoT__multiclass__SOLO__dirichlet_a0.5__M5__seed2,SOLO,IoT,multiclass,dirichlet,0.5,5,2,50,8,0.1,1.0,1.0,1.0,256,hist,,40,4.0,gaussian,random,proportional_blocks,4,20.0,100.0,0.2,42,20,1000,100,"[""Src_IP"", ""Dst_IP""]",50062,12516,79,"[""Normal"", ""DoS"", ""MITM ARP Spoofing"", ""Mirai"", ""Scan""]","[26196, 4213, 4607, 9134, 5912]",0.3758959757999037,0.003718961800041143,0.0,0.0,0.3721362228000544,0.0,0.0,0.0,0,0,0,0,0,0,0,0,0,0,0,0,0,20.0,100.0,0.0,0.0,0.0,0.9148769574944072,0.8614593435021245,0.9066167743452771,0.9097201206787645,0.8770059555911551,0.03771712158808933,,,,,9.585258868661084e-07,0.0001859682999565848,1000.0,403245.2,250.0,50.0,7006.8,,,,,,,,,,,,0.9935794044665013,,,,,,,0.9737190082644629,,,,0.9084660787680227,0.7727374353583597,0.9420710061073597,0.9317466786935793,0.9622828784119107,0.7423728813559322,0.944581519109821,0.7620734908136483
IoT__multiclass__SOLO__dirichlet_a0.5__M5__seed3,SOLO,IoT,multiclass,dirichlet,0.5,5,3,50,8,0.1,1.0,1.0,1.0,256,hist,,40,4.0,gaussian,random,proportional_blocks,4,20.0,100.0,0.2,42,20,1000,100,"[""Src_IP"", ""Dst_IP""]",50062,12516,79,"[""Normal"", ""DoS"", ""MITM ARP Spoofing"", ""Mirai"", ""Scan""]","[7564, 2902, 3975, 6841, 28780]",0.40644904780001523,0.003614572399874305,0.0,0.0,0.4027883036001185,0.0,0.0,0.0,0,0,0,0,0,0,0,0,0,0,0,0,0,20.0,100.0,0.0,0.0,0.0,0.8989773090444231,0.8596911888409802,0.9016142168093747,0.8987580568616543,0.8827188148466796,0.04466501240694789,,,,,8.175100990588666e-07,0.0001746420999552356,1000.0,381702.8,250.0,50.0,6373.2,,,,,,,,,,,,0.9970636215334421,,,,,,,0.9932231404958678,,,,0.8646591298608278,0.8136618605150703,0.9645481483594187,0.8538575240395124,0.9553349875930521,0.653954802259887,0.8980890179003387,0.9129921259842521
IoT__multiclass__SOLO__dirichlet_a0.5__M5__seed4,SOLO,IoT,multiclass,dirichlet,0.5,5,4,50,8,0.1,1.0,1.0,1.0,256,hist,,40,4.0,gaussian,random,proportional_blocks,4,20.0,100.0,0.2,42,20,1000,100,"[""Src_IP"", ""Dst_IP""]",50062,12516,79,"[""Normal"", ""DoS"", ""MITM ARP Spoofing"", ""Mirai"", ""Scan""]","[13876, 14414, 9376, 9232, 3164]",0.3394632607998574,0.0036429416000828495,0.0,0.0,0.33576608519997536,0.0,0.0,0.0,0,0,0,0,0,0,0,0,0,0,0,0,0,20.0,100.0,0.0,0.0,0.0,0.9014062000639183,0.7211534728371645,0.8730315233627577,0.7545753481438878,0.7451656020782651,0.12903225806451613,,,,,8.970180728630649e-07,0.00016847390002112662,1000.0,387560.8,250.0,50.0,6546.0,,,,,,,,,,,,0.5877035248846487,,,,,,,0.5980165289256199,,,,0.7611961643232226,0.5369550198174612,0.9236501255333049,0.9633719061608014,0.8709677419354838,0.32740112994350284,0.9911223996129657,0.9383202099737533
IoT__multiclass__SOLO__dirichlet_a1.0__M10__seed0,SOLO,IoT,multiclass,dirichlet,1.0,10,0,50,8,0.1,1.0,1.0,1.0,256,hist,,40,4.0,gaussian,random,proportional_blocks,4,20.0,100.0,0.2,42,20,1000,100,"[""Src_IP"", ""Dst_IP""]",50062,12516,79,"[""Normal"", ""DoS"", ""MITM ARP Spoofing"", ""Mirai"", ""Scan""]","[1450, 3248, 1968, 5994, 7202, 2351, 15747, 5384, 5023, 1695]",0.27600474030000444,0.0021070674000384314,0.0,0.0,0.273852322500079,0.0,0.0,0.0,0,0,0,0,0,0,0,0,0,0,0,0,0,20.0,100.0,0.0,0.0,0.0,0.9407238734419943,0.8968142442435717,0.939508074023931,0.9213656884783505,0.9024090201535226,0.05223325062034739,,,,,8.591564237723463e-07,0.0001762837000114814,1000.0,352084.9,250.0,50.0,5502.4,,,,,,,,,,,,0.9973546256592967,,,,,,,0.9919008264462809,,,,0.9695089430776737,0.773515753628936,0.9635234257429086,0.9029256942829381,0.9477667493796528,0.6889830508474576,0.9566884373488147,0.9267060367454067
IoT__multiclass__SOLO__dirichlet_a1.0__M10__seed1,SOLO,IoT,multiclass,dirichlet,1.0,10,1,50,8,0.1,1.0,1.0,1.0,256,hist,,40,4.0,gaussian,random,proportional_blocks,4,20.0,100.0,0.2,42,20,1000,100,"[""Src_IP"", ""Dst_IP""]",50062,12516,79,"[""Normal"", ""DoS"", ""MITM ARP Spoofing"", ""Mirai"", ""Scan""]","[4784, 4205, 699, 2946, 6853, 2146, 2395, 5943, 15348, 4743]",0.2675021409000237,0.001984630799915976,0.0,0.0,0.2654762063000362,0.0,0.0,0.0,0,0,0,0,0,0,0,0,0,0,0,0,0,20.0,100.0,0.0,0.0,0.0,0.9107861936720998,0.8684790944432838,0.9119481200370213,0.8985218217423062,0.8873177608480619,0.041315136476426796,,,,,8.097685282771734e-07,0.00016803405001155624,1000.0,345329.9,250.0,50.0,5303.8,,,,,,,,,,,,0.9992546184862068,,,,,,,0.9951239669421487,,,,0.9069723327823185,0.732422525150225,0.9551152549668176,0.8988443773259631,0.9586848635235731,0.7021186440677967,0.9210812772133528,0.8595800524934383
IoT__multiclass__SOLO__dirichlet_a1.0__M10__seed2,SOLO,IoT,multiclass,dirichlet,1.0,10,2,50,8,0.1,1.0,1.0,1.0,256,hist,,40,4.0,gaussian,random,proportional_blocks,4,20.0,100.0,0.2,42,20,1000,100,"[""Src_IP"", ""Dst_IP""]",50062,12516,79,"[""Normal"", ""DoS"", ""MITM ARP Spoofing"", ""Mirai"", ""Scan""]","[2225, 3855, 9306, 7252, 9255, 3498, 1910, 4290, 5063, 3408]",0.30105891309999605,0.002060435500015956,0.0,0.0,0.2989565787999709,0.0,0.0,0.0,0,0,0,0,0,0,0,0,0,0,0,0,0,20.0,100.0,0.0,0.0,0.0,0.9573825503355705,0.9230083922003498,0.9566117755936805,0.9469141251165997,0.9119481453881015,0.047518610421836235,,,,,8.260159475812176e-07,0.00017335360000743095,1000.0,367506.4,250.0,50.0,5955.8,,,,,,,,,,,,0.9976309026292867,,,,,,,0.9828099173553719,,,,0.9713801118743357,0.840114054900255,0.9632293521126222,0.9622162040664992,0.9524813895781639,0.7093220338983051,0.9793662312530238,0.935761154855643
IoT__multiclass__SOLO__dirichlet_a1.0__M10__seed3,SOLO,IoT,multiclass,dirichlet,1.0,10,3,50,8,0.1,1.0,1.0,1.0,256,hist,,40,4.0,gaussian,random,proportional_blocks,4,20.0,100.0,0.2,42,20,1000,100,"[""Src_IP"", ""Dst_IP""]",50062,12516,79,"[""Normal"", ""DoS"", ""MITM ARP Spoofing"", ""Mirai"", ""Scan""]","[10127, 814, 2152, 5310, 1376, 4575, 7197, 4629, 4031, 9851]",0.268230201400047,0.002006366099931256,0.0,0.0,0.2661827920999258,0.0,0.0,0.0,0,0,0,0,0,0,0,0,0,0,0,0,0,20.0,100.0,0.0,0.0,0.0,0.9423218280600831,0.8963027805934851,0.9402584649800895,0.9423943923965717,0.8800402136368305,0.07270471464019852,,,,,7.807942633449292e-07,0.00016980734997105174,1000.0,347462.1,250.0,50.0,5366.6,,,,,,,,,,,,0.9976141883804495,,,,,,,0.9959504132231405,,,,0.955717752796606,0.8791002963568731,0.9514706827881255,0.9280690416608042,0.9272952853598013,0.5903954802259888,0.9710087082728591,0.9155511811023624
IoT__multiclass__SOLO__dirichlet_a1.0__M10__seed4,SOLO,IoT,multiclass,dirichlet,1.0,10,4,50,8,0.1,1.0,1.0,1.0,256,hist,,40,4.0,gaussian,random,proportional_blocks,4,20.0,100.0,0.2,42,20,1000,100,"[""Src_IP"", ""Dst_IP""]",50062,12516,79,"[""Normal"", ""DoS"", ""MITM ARP Spoofing"", ""Mirai"", ""Scan""]","[3288, 3207, 5549, 2861, 3817, 3978, 7082, 2092, 13809, 4379]",0.28200969899999107,0.00203520840004785,0.0,0.0,0.27993719299997794,0.0,0.0,0.0,0,0,0,0,0,0,0,0,0,0,0,0,0,20.0,100.0,0.0,0.0,0.0,0.9468440396292745,0.896861038488122,0.9431191992686976,0.9211189981805029,0.8897708099760939,0.06799007444168734,,,,,8.300713486681408e-07,0.00016954700004134793,1000.0,349669.6,250.0,50.0,5431.4,,,,,,,,,,,,0.998596741028491,,,,,,,0.982892561983471,,,,0.9880684847488286,0.7089929889471247,0.9524966989924302,0.9574400771856408,0.9320099255583125,0.6522598870056496,0.9757861635220125,0.9059055118110235
IoT__multiclass__SOLO__dirichlet_a1.0__M2__seed0,SOLO,IoT,multiclass,dirichlet,1.0,2,0,50,8,0.1,1.0,1.0,1.0,256,hist,,40,4.0,gaussian,random,proportional_blocks,4,20.0,100.0,0.2,42,20,1000,100,"[""Src_IP"", ""Dst_IP""]",50062,12516,79,"[""Normal"", ""DoS"", ""MITM ARP Spoofing"", ""Mirai"", ""Scan""]","[11045, 39017]",0.8003109914999413,0.008430106000105297,0.0,0.0,0.7918329850001555,0.0,0.0,0.0,0,0,0,0,0,0,0,0,0,0,0,0,0,20.0,100.0,0.0,0.0,0.0,0.968759987216363,0.9498367084918717,0.9698854095729771,0.9470640827910939,0.9598206255733291,0.020471464019851116,,,,,9.934283317373253e-07,0.0001940604999504103,1000.0,608746.5,250.0,50.0,13049.0,,,,,,,,,,,,0.9987613542526838,,,,,,,0.9979338842975207,,,,0.9888708488242584,0.8020287631592078,0.98535687367723,0.9603025740420899,0.9795285359801489,0.893361581920904,0.9722423802612482,0.9560367454068242
IoT__multiclass__SOLO__dirichlet_a1.0__M2__seed1,SOLO,IoT,multiclass,dirichlet,1.0,2,1,50,8,0.1,1.0,1.0,1.0,256,hist,,40,4.0,gaussian,random,proportional_blocks,4,20.0,100.0,0.2,42,20,1000,100,"[""Src_IP"", ""Dst_IP""]",50062,12516,79,"[""Normal"", ""DoS"", ""MITM ARP Spoofing"", ""Mirai"", ""Scan""]","[36950, 13112]",0.7145892344999538,0.012429827499772728,0.0,0.0,0.7021064300001854,0.0,0.0,0.0,0,0,0,0,0,0,0,0,0,0,0,0,0,20.0,100.0,0.0,0.0,0.0,0.9650846915947587,0.942661418943181,0.9660513763407839,0.9474095577401545,0.9482682482852166,0.020471464019851116,,,,,1.0129929690067035e-06,0.00017883274995256215,1000.0,592927.0,250.0,50.0,12584.0,,,,,,,,,,,,0.9995854063018241,,,,,,,0.9975206611570249,,,,0.9955911234087891,0.7994876017132497,0.9801742727436437,0.9622093845332655,0.9795285359801489,0.8425141242937852,0.9723028543783261,0.9494750656167978
IoT__multiclass__SOLO__dirichlet_a1.0__M2__seed2,SOLO,IoT,multiclass,dirichlet,1.0,2,2,50,8,0.1,1.0,1.0,1.0,256,hist,,40,4.0,gaussian,random,proportional_blocks,4,20.0,100.0,0.2,42,20,1000,100,"[""Src_IP"", ""Dst_IP""]",50062,12516,79,"[""Normal"", ""DoS"", ""MITM ARP Spoofing"", ""Mirai"", ""Scan""]","[27186, 22876]",0.6594848474999253,0.008200411499956317,0.0,0.0,0.6512336910000158,0.0,0.0,0.0,0,0,0,0,0,0,0,0,0,0,0,0,0,20.0,100.0,0.0,0.0,0.0,0.9740731863215084,0.951308951964726,0.9730981153707292,0.9731300810573564,0.9369075968577409,0.024193548387096774,,,,,1.126727908286992e-06,0.00018551699997715332,1000.0,642492.5,250.0,50.0,14041.0,,,,,,,,,,,,0.9991735537190083,,,,,,,0.9983471074380166,,,,0.9968592964824121,0.9197034308974608,0.9728301944723927,0.9770839297155087,0.9758064516129032,0.7669491525423728,0.9923197871311079,0.9511154855643045
IoT__multiclass__SOLO__dirichlet_a1.0__M2__seed3,SOLO,IoT,multiclass,dirichlet,1.0,2,3,50,8,0.1,1.0,1.0,1.0,256,hist,,40,4.0,gaussian,random,proportional_blocks,4,20.0,100.0,0.2,42,20,1000,100,"[""Src_IP"", ""Dst_IP""]",50062,12516,79,"[""Normal"", ""DoS"", ""MITM ARP Spoofing"", ""Mirai"", ""Scan""]","[42091, 7971]",0.6421172884997759,0.00833693350023168,0.0,0.0,0.6337398404998567,0.0,0.0,0.0,0,0,0,0,0,0,0,0,0,0,0,0,0,20.0,100.0,0.0,0.0,0.0,0.9709971236816874,0.9498928003023401,0.9715145117758793,0.9539201614451952,0.9504145194525134,0.039081885856079406,,,,,9.649841802472054e-07,0.00017250949997560383,1000.0,623137.0,250.0,50.0,13472.0,,,,,,,,,,,,0.998759305210918,,,,,,,0.9971074380165289,,,,0.9961395233366435,0.8139095892531685,0.9798874029516038,0.9809049864736419,0.9609181141439206,0.8608757062146892,0.9810716013546202,0.9520997375328084
IoT__multiclass__SOLO__dirichlet_a1.0__M2__seed4,SOLO,IoT,multiclass,dirichlet,1.0,2,4,50,8,0.1,1.0,1.0,1.0,256,hist,,40,4.0,gaussian,random,proportional_blocks,4,20.0,100.0,0.2,42,20,1000,100,"[""Src_IP"", ""Dst_IP""]",50062,12516,79,"[""Normal"", ""DoS"", ""MITM ARP Spoofing"", ""Mirai"", ""Scan""]","[36622, 13440]",0.8072727414999008,0.010660229499762863,0.0,0.0,0.7965719695000644,0.0,0.0,0.0,0,0,0,0,0,0,0,0,0,0,0,0,0,20.0,100.0,0.0,0.0,0.0,0.971636305528923,0.9511513807358565,0.9717974261752449,0.954808451879378,0.9498725088444011,0.020471464019851116,,,,,9.710026366131993e-07,0.00018924699975286785,1000.0,625754.0,250.0,50.0,13549.0,,,,,,,,,,,,0.9979209027843798,,,,,,,0.9793388429752066,,,,0.9759852818933059,0.8464683157469872,0.9792911728151259,0.9743765861570917,0.9795285359801489,0.8594632768361581,0.9838534107402032,0.9471784776902887
IoT__multiclass__SOLO__dirichlet_a1.0__M5__seed0,SOLO,IoT,multiclass,dirichlet,1.0,5,0,50,8,0.1,1.0,1.0,1.0,256,hist,,40,4.0,gaussian,random,proportional_blocks,4,20.0,100.0,0.2,42,20,1000,100,"[""Src_IP"", ""Dst_IP""]",50062,12516,79,"[""Normal"", ""DoS"", ""MITM ARP Spoofing"", ""Mirai"", ""Scan""]","[4831, 9419, 6613, 13940, 15259]",0.40519248499999777,0.003758358999994016,0.0,0.0,0.4013906480000514,0.0,0.0,0.0,0,0,0,0,0,0,0,0,0,0,0,0,0,20.0,100.0,0.0,0.0,0.0,0.9397251518056887,0.9088796364989559,0.9408549785132362,0.9266979220612166,0.9137193301008605,0.029280397022332504,,,,,1.3651652764474683e-06,0.0001710834000050454,1000.0,429853.4,250.0,50.0,7788.8,,,,,,,,,,,,0.9976965334190535,,,,,,,0.9950413223140497,,,,0.9770235253222707,0.7860358410123288,0.9652850659928266,0.9074486445596037,0.9707196029776675,0.7446327683615819,0.9513788098693758,0.9068241469816274
IoT__multiclass__SOLO__dirichlet_a1.0__M5__seed1,SOLO,IoT,multiclass,dirichlet,1.0,5,1,50,8,0.1,1.0,1.0,1.0,256,hist,,40,4.0,gaussian,random,proportional_blocks,4,20.0,100.0,0.2,42,20,1000,100,"[""Src_IP"", ""Dst_IP""]",50062,12516,79,"[""Normal"", ""DoS"", ""MITM ARP Spoofing"", ""Mirai"", ""Scan""]","[6491, 7950, 8271, 6488, 20862]",0.37390822980005395,0.006360223800038511,0.0,0.0,0.3674977932000729,0.0,0.0,0.0,0,0,0,0,0,0,0,0,0,0,0,0,0,20.0,100.0,0.0,0.0,0.0,0.9492489613294983,0.9069067130164749,0.9471732556971905,0.9457749768624403,0.9009555756671965,0.03870967741935484,,,,,8.877755033521211e-07,0.00017770029999155667,1000.0,419813.4,250.0,50.0,7493.6,,,,,,,,,,,,0.999504132231405,,,,,,,0.9955371900826446,,,,0.9751327443156104,0.8481140070494302,0.9592446726208423,0.9468793280949139,0.9612903225806452,0.6418079096045198,0.9700532172230286,0.9360892388451443
IoT__multiclass__SOLO__dirichlet_a1.0__M5__seed2,SOLO,IoT,multiclass,dirichlet,1.0,5,2,50,8,0.1,1.0,1.0,1.0,256,hist,,40,4.0,gaussian,random,proportional_blocks,4,20.0,100.0,0.2,42,20,1000,100,"[""Src_IP"", ""Dst_IP""]",50062,12516,79,"[""Normal"", ""DoS"", ""MITM ARP Spoofing"", ""Mirai"", ""Scan""]","[15612, 24312, 4162, 3256, 2720]",0.40796770219985773,0.0040361074000429655,0.0,0.0,0.40389004719991134,0.0,0.0,0.0,0,0,0,0,0,0,0,0,0,0,0,0,0,20.0,100.0,0.0,0.0,0.0,0.9589805049536594,0.9228282043147807,0.9574677067643353,0.9425731355155426,0.9212137191572181,0.03523573200992555,,,,,9.623284755596335e-07,0.0001788094998573797,1000.0,441971.6,250.0,50.0,8145.2,,,,,,,,,,,,0.9983445071216531,,,,,,,0.9857851239669422,,,,0.9595317271397746,0.828880316494411,0.9685703845386266,0.9575387422832474,0.9647642679900745,0.735593220338983,0.9764876632801162,0.9434383202099736
IoT__multiclass__SOLO__dirichlet_a1.0__M5__seed3,SOLO,IoT,multiclass,dirichlet,1.0,5,3,50,8,0.1,1.0,1.0,1.0,256,hist,,40,4.0,gaussian,random,proportional_blocks,4,20.0,100.0,0.2,42,20,1000,100,"[""Src_IP"", ""Dst_IP""]",50062,12516,79,"[""Normal"", ""DoS"", ""MITM ARP Spoofing"", ""Mirai"", ""Scan""]","[23704, 10275, 5090, 5189, 5804]",0.368657854400044,0.003956434200063086,0.0,0.0,0.3646615896000185,0.0,0.0,0.0,0,0,0,0,0,0,0,0,0,0,0,0,0,20.0,100.0,0.0,0.0,0.0,0.9149408756791308,0.8819138378512521,0.9184414289646069,0.8918618759018633,0.9102788822418584,0.04590570719602978,,,,,8.505562160503184e-07,0.00016781320000518462,1000.0,414231.8,250.0,50.0,7329.6,,,,,,,,,,,,0.9976920405600058,,,,,,,0.9935537190082645,,,,0.9135270276940716,0.7054279438040318,0.9750241154861856,0.8676382519650216,0.9540942928039702,0.7451977401129943,0.9074987905176585,0.9510498687664042
IoT__multiclass__SOLO__dirichlet_a1.0__M5__seed4,SOLO,IoT,multiclass,dirichlet,1.0,5,4,50,8,0.1,1.0,1.0,1.0,256,hist,,40,4.0,gaussian,random,proportional_blocks,4,20.0,100.0,0.2,42,20,1000,100,"[""Src_IP"", ""Dst_IP""]",50062,12516,79,"[""Normal"", ""DoS"", ""MITM ARP Spoofing"", ""Mirai"", ""Scan""]","[8677, 2409, 9028, 10886, 19062]",0.3951649671999803,0.003867537399946741,0.0,0.0,0.39125665660021697,0.0,0.0,0.0,0,0,0,0,0,0,0,0,0,0,0,0,0,20.0,100.0,0.0,0.0,0.0,0.9407318632150847,0.8685074302083992,0.9338807708222217,0.8870270570276677,0.8746555278300197,0.04590570719602978,,,,,1.040953899009398e-06,0.00018643090002115059,1000.0,435514.4,250.0,50.0,7955.6,,,,,,,,,,,,0.7960828412531756,,,,,,,0.7971900826446281,,,,0.8694556566863302,0.8430400898955529,0.9644664175845318,0.9620902797187474,0.9540942928039703,0.698870056497175,0.9808659893565554,0.9422572178477691
IoT__multiclass__SOLO__iid__M10__seed0,SOLO,IoT,multiclass,iid,,10,0,50,8,0.1,1.0,1.0,1.0,256,hist,,40,4.0,gaussian,random,proportional_blocks,4,20.0,100.0,0.2,42,20,1000,100,"[""Src_IP"", ""Dst_IP""]",50062,12516,79,"[""Normal"", ""DoS"", ""MITM ARP Spoofing"", ""Mirai"", ""Scan""]","[5007, 5007, 5006, 5006, 5006, 5006, 5006, 5006, 5006, 5006]",0.32995076729996525,0.002007601000013892,0.0,0.0,0.32789941099997577,0.0,0.0,0.0,0,0,0,0,0,0,0,0,0,0,0,0,0,20.0,100.0,0.0,0.0,0.0,0.9682965803771173,0.9418112277701021,0.9674926142252183,0.9604470321462634,0.9257091217156418,0.03374689826302729,,,,,8.815267098101973e-07,0.0001732811999659134,1000.0,400560.3,250.0,50.0,6927.4,,,,,,,,,,,,0.9984272863108716,,,,,,,0.9960330578512396,,,,0.9911822750494472,0.8648580913876531,0.9672679823365742,0.9804995256467706,0.9662531017369729,0.7389830508474577,0.9897435897435898,0.9375328083989501
IoT__multiclass__SOLO__iid__M10__seed1,SOLO,IoT,multiclass,iid,,10,1,50,8,0.1,1.0,1.0,1.0,256,hist,,40,4.0,gaussian,random,proportional_blocks,4,20.0,100.0,0.2,42,20,1000,100,"[""Src_IP"", ""Dst_IP""]",50062,12516,79,"[""Normal"", ""DoS"", ""MITM ARP Spoofing"", ""Mirai"", ""Scan""]","[5007, 5007, 5006, 5006, 5006, 5006, 5006, 5006, 5006, 5006]",0.3295642638000572,0.0019527430999460194,0.0,0.0,0.32756862870000986,0.0,0.0,0.0,0,0,0,0,0,0,0,0,0,0,0,0,0,20.0,100.0,0.0,0.0,0.0,0.9672179610099072,0.9401680309989364,0.966497087134087,0.9570515348520544,0.9253066152627974,0.035483870967741936,,,,,9.036106983064142e-07,0.0001693718999831617,1000.0,400118.1,250.0,50.0,6914.4,,,,,,,,,,,,0.9990057295518634,,,,,,,0.9960330578512394,,,,0.9899878354453939,0.8496865029972523,0.9671771850308675,0.9794004212348938,0.9645161290322581,0.7411016949152542,0.9882680212868891,0.9366141732283465
IoT__multiclass__SOLO__iid__M10__seed2,SOLO,IoT,multiclass,iid,,10,2,50,8,0.1,1.0,1.0,1.0,256,hist,,40,4.0,gaussian,random,proportional_blocks,4,20.0,100.0,0.2,42,20,1000,100,"[""Src_IP"", ""Dst_IP""]",50062,12516,79,"[""Normal"", ""DoS"", ""MITM ARP Spoofing"", ""Mirai"", ""Scan""]","[5007, 5007, 5006, 5006, 5006, 5006, 5006, 5006, 5006, 5006]",0.32943376870002794,0.002008852100016156,0.0,0.0,0.32738321659990105,0.0,0.0,0.0,0,0,0,0,0,0,0,0,0,0,0,0,0,20.0,100.0,0.0,0.0,0.0,0.9673697666986257,0.9396195822595054,0.9665560808964612,0.9577661278668664,0.9238844198132353,0.0358560794044665,,,,,8.62393016938049e-07,0.00017996935000610392,1000.0,399181.1,250.0,50.0,6886.8,,,,,,,,,,,,0.9991709478359099,,,,,,,0.9957024793388427,,,,0.990374756791477,0.8535309488587746,0.9670294407253319,0.9787245451228384,0.9641439205955334,0.7323446327683616,0.9890420899854862,0.9381889763779527
IoT__multiclass__SOLO__iid__M10__seed3,SOLO,IoT,multiclass,iid,,10,3,50,8,0.1,1.0,1.0,1.0,256,hist,,40,4.0,gaussian,random,proportional_blocks,4,20.0,100.0,0.2,42,20,1000,100,"[""Src_IP"", ""Dst_IP""]",50062,12516,79,"[""Normal"", ""DoS"", ""MITM ARP Spoofing"", ""Mirai"", ""Scan""]","[5007, 5007, 5006, 5006, 5006, 5006, 5006, 5006, 5006, 5006]",0.33181411010004924,0.0020305236000695004,0.0,0.0,0.3297403857000063,0.0,0.0,0.0,0,0,0,0,0,0,0,0,0,0,0,0,0,20.0,100.0,0.0,0.0,0.0,0.9684403962927453,0.942128298627804,0.9677174061120087,0.9601413437093427,0.9263003600258395,0.03796526054590571,,,,,9.279710929905028e-07,0.00017322684996088356,1000.0,401959.6,250.0,50.0,6968.6,,,,,,,,,,,,0.9990063413258066,,,,,,,0.9956198347107439,,,,0.988942778674355,0.8620089505828059,0.9674474532228443,0.9833011947409016,0.9620347394540942,0.7464689265536724,0.9897798742138365,0.9375984251968503
IoT__multiclass__SOLO__iid__M10__seed4,SOLO,IoT,multiclass,iid,,10,4,50,8,0.1,1.0,1.0,1.0,256,hist,,40,4.0,gaussian,random,proportional_blocks,4,20.0,100.0,0.2,42,20,1000,100,"[""Src_IP"", ""Dst_IP""]",50062,12516,79,"[""Normal"", ""DoS"", ""MITM ARP Spoofing"", ""Mirai"", ""Scan""]","[5007, 5007, 5006, 5006, 5006, 5006, 5006, 5006, 5006, 5006]",0.3303683591000208,0.002001178699947559,0.0,0.0,0.32832760780006537,0.0,0.0,0.0,0,0,0,0,0,0,0,0,0,0,0,0,0,20.0,100.0,0.0,0.0,0.0,0.9672179610099072,0.9402223309777071,0.9664404758350698,0.9581743064424069,0.9245277748725652,0.036972704714640196,,,,,1.1926652364979105e-06,0.00017842775002918643,1000.0,398967.0,250.0,50.0,6880.6,,,,,,,,,,,,0.9987586183436752,,,,,,,0.9962809917355372,,,,0.9901236625369402,0.8578969472355839,0.9668309855984344,0.9772613184974007,0.9630272952853598,0.7388418079096045,0.9887276245766812,0.9357611548556429
IoT__multiclass__SOLO__iid__M2__seed0,SOLO,IoT,multiclass,iid,,2,0,50,8,0.1,1.0,1.0,1.0,256,hist,,40,4.0,gaussian,random,proportional_blocks,4,20.0,100.0,0.2,42,20,1000,100,"[""Src_IP"", ""Dst_IP""]",50062,12516,79,"[""Normal"", ""DoS"", ""MITM ARP Spoofing"", ""Mirai"", ""Scan""]","[25031, 25031]",0.6909115055000257,0.011127210499921603,0.0,0.0,0.6797376155001302,0.0,0.0,0.0,0,0,0,0,0,0,0,0,0,0,0,0,0,20.0,100.0,0.0,0.0,0.0,0.9802652604666028,0.9646591404311482,0.9800032077626564,0.976364468733218,0.9536998582613987,0.021712158808933003,,,,,1.0365968360461717e-06,0.00018929374999743231,1000.0,664186.5,250.0,50.0,14679.0,,,,,,,,,,,,1.0,,,,,,,0.9979338842975207,,,,0.9993654822335025,0.9131820038242338,0.9791690567716589,0.9901058008366951,0.978287841191067,0.8467514124293786,0.9947387518142234,0.9507874015748031
IoT__multiclass__SOLO__iid__M2__seed1,SOLO,IoT,multiclass,iid,,2,1,50,8,0.1,1.0,1.0,1.0,256,hist,,40,4.0,gaussian,random,proportional_blocks,4,20.0,100.0,0.2,42,20,1000,100,"[""Src_IP"", ""Dst_IP""]",50062,12516,79,"[""Normal"", ""DoS"", ""MITM ARP Spoofing"", ""Mirai"", ""Scan""]","[25031, 25031]",0.7291266114998507,0.008477510500142671,0.0,0.0,0.720603181999877,0.0,0.0,0.0,0,0,0,0,0,0,0,0,0,0,0,0,0,20.0,100.0,0.0,0.0,0.0,0.977428891019495,0.9605305756918829,0.9771027889145133,0.9724101520543462,0.9495738387117854,0.020471464019851116,,,,,1.2730675535568095e-06,0.0002104562499880558,1000.0,661974.5,250.0,50.0,14614.0,,,,,,,,,,,,0.9991735537190083,,,,,,,0.9975206611570249,,,,0.9956085319949812,0.909427722392638,0.9773048568359717,0.9805360953291318,0.9795285359801489,0.8298022598870056,0.9921988388969522,0.9488188976377953
IoT__multiclass__SOLO__iid__M2__seed2,SOLO,IoT,multiclass,iid,,2,2,50,8,0.1,1.0,1.0,1.0,256,hist,,40,4.0,gaussian,random,proportional_blocks,4,20.0,100.0,0.2,42,20,1000,100,"[""Src_IP"", ""Dst_IP""]",50062,12516,79,"[""Normal"", ""DoS"", ""MITM ARP Spoofing"", ""Mirai"", ""Scan""]","[25031, 25031]",0.6970153689999279,0.008964035000190052,0.0,0.0,0.6880073964998701,0.0,0.0,0.0,0,0,0,0,0,0,0,0,0,0,0,0,0,20.0,100.0,0.0,0.0,0.0,0.9807046979865772,0.9653105904430919,0.9804144107126849,0.978198060941416,0.953353439259237,0.02357320099255583,,,,,1.07435135028345e-06,0.00018395725010122987,1000.0,647559.5,250.0,50.0,14190.0,,,,,,,,,,,,0.9995860927152318,,,,,,,0.9983471074380166,,,,0.9974747474747474,0.9244334799667102,0.9790710382513661,0.9904249462990249,0.9764267990074442,0.8467514124293785,0.9957668118045476,0.949475065616798
IoT__multiclass__SOLO__iid__M2__seed3,SOLO,IoT,multiclass,iid,,2,3,50,8,0.1,1.0,1.0,1.0,256,hist,,40,4.0,gaussian,random,proportional_blocks,4,20.0,100.0,0.2,42,20,1000,100,"[""Src_IP"", ""Dst_IP""]",50062,12516,79,"[""Normal"", ""DoS"", ""MITM ARP Spoofing"", ""Mirai"", ""Scan""]","[25031, 25031]",0.6930279410000821,0.009417775499969139,0.0,0.0,0.6835649165000177,0.0,0.0,0.0,0,0,0,0,0,0,0,0,0,0,0,0,0,20.0,100.0,0.0,0.0,0.0,0.9780281240012784,0.9611171645133452,0.9776600764907036,0.9748609612804569,0.9485851567019179,0.02295285359801489,,,,,1.338076302326797e-06,0.00019241300003614015,1000.0,655182.0,250.0,50.0,14414.0,,,,,,,,,,,,1.0,,,,,,,0.9983471074380166,,,,1.0,0.9167038110095833,0.9770421641033799,0.9805588312893212,0.9770471464019852,0.8227401129943503,0.9933478471214321,0.9514435695538057
IoT__multiclass__SOLO__iid__M2__seed4,SOLO,IoT,multiclass,iid,,2,4,50,8,0.1,1.0,1.0,1.0,256,hist,,40,4.0,gaussian,random,proportional_blocks,4,20.0,100.0,0.2,42,20,1000,100,"[""Src_IP"", ""Dst_IP""]",50062,12516,79,"[""Normal"", ""DoS"", ""MITM ARP Spoofing"", ""Mirai"", ""Scan""]","[25031, 25031]",0.6909143724999467,0.008247993499935546,0.0,0.0,0.6826262024999323,0.0,0.0,0.0,0,0,0,0,0,0,0,0,0,0,0,0,0,20.0,100.0,0.0,0.0,0.0,0.9778283796740173,0.959449108713293,0.977454262383955,0.9726738987774763,0.9472890162700913,0.022332506203473945,,,,,1.0217362575835625e-06,0.00018010600001616694,1000.0,658303.0,250.0,50.0,14506.0,,,,,,,,,,,,0.9991735537190083,,,,,,,0.9975206611570249,,,,0.9981036662452591,0.8995409098200094,0.9767564415020245,0.9897949226010796,0.9776674937965261,0.8149717514124294,0.9935292694726656,0.9527559055118111
IoT__multiclass__SOLO__iid__M5__seed0,SOLO,IoT,multiclass,iid,,5,0,50,8,0.1,1.0,1.0,1.0,256,hist,,40,4.0,gaussian,random,proportional_blocks,4,20.0,100.0,0.2,42,20,1000,100,"[""Src_IP"", ""Dst_IP""]",50062,12516,79,"[""Normal"", ""DoS"", ""MITM ARP Spoofing"", ""Mirai"", ""Scan""]","[10013, 10013, 10012, 10012, 10012]",0.47094316039997464,0.003934708400038289,0.0,0.0,0.46696015159996024,0.0,0.0,0.0,0,0,0,0,0,0,0,0,0,0,0,0,0,20.0,100.0,0.0,0.0,0.0,0.9713966123362097,0.948660725048884,0.9708161380183501,0.9635228436782478,0.9354479859764109,0.02655086848635236,,,,,1.0698845158186798e-06,0.0001852148000125453,1000.0,502343.4,250.0,50.0,9920.4,,,,,,,,,,,,0.9986763156247088,,,,,,,0.9968595041322315,,,,0.994704745416867,0.8806298154033346,0.9720116738288391,0.9715916681174896,0.9734491315136478,0.7737288135593221,0.9895016932752781,0.9437007874015748
IoT__multiclass__SOLO__iid__M5__seed1,SOLO,IoT,multiclass,iid,,5,1,50,8,0.1,1.0,1.0,1.0,256,hist,,40,4.0,gaussian,random,proportional_blocks,4,20.0,100.0,0.2,42,20,1000,100,"[""Src_IP"", ""Dst_IP""]",50062,12516,79,"[""Normal"", ""DoS"", ""MITM ARP Spoofing"", ""Mirai"", ""Scan""]","[10013, 10013, 10012, 10012, 10012]",0.45993228979996276,0.003879916000096273,0.0,0.0,0.45600288460000227,0.0,0.0,0.0,0,0,0,0,0,0,0,0,0,0,0,0,0,20.0,100.0,0.0,0.0,0.0,0.9749600511345478,0.9550550735889631,0.9744961400012878,0.9696089050026713,0.9418754789542938,0.02481389578163772,,,,,9.642260466570107e-07,0.00018478909992154514,1000.0,496913.0,250.0,50.0,9760.8,,,,,,,,,,,,0.9996688739452724,,,,,,,0.9973553719008266,,,,0.9954515826447452,0.8957499067656116,0.9740534168735906,0.9831207447841356,0.9751861042183622,0.8005649717514123,0.9923076923076923,0.9439632545931758
IoT__multiclass__SOLO__iid__M5__seed2,SOLO,IoT,multiclass,iid,,5,2,50,8,0.1,1.0,1.0,1.0,256,hist,,40,4.0,gaussian,random,proportional_blocks,4,20.0,100.0,0.2,42,20,1000,100,"[""Src_IP"", ""Dst_IP""]",50062,12516,79,"[""Normal"", ""DoS"", ""MITM ARP Spoofing"", ""Mirai"", ""Scan""]","[10013, 10013, 10012, 10012, 10012]",0.4424447970000074,0.003813334199912788,0.0,0.0,0.4385871031999159,0.0,0.0,0.0,0,0,0,0,0,0,0,0,0,0,0,0,0,20.0,100.0,0.0,0.0,0.0,0.9741770533716843,0.9535187927808962,0.973752290762836,0.9662193600188121,0.9419448394638517,0.02357320099255583,,,,,9.915989133830824e-07,0.0001774537999608583,1000.0,498887.6,250.0,50.0,9818.8,,,,,,,,,,,,0.9995022120846488,,,,,,,0.9963636363636365,,,,0.9932298838848391,0.8855715226338514,0.9748913937862197,0.9779017877045012,0.9764267990074442,0.7997175141242938,0.9907595549104983,0.9464566929133857
IoT__multiclass__SOLO__iid__M5__seed3,SOLO,IoT,multiclass,iid,,5,3,50,8,0.1,1.0,1.0,1.0,256,hist,,40,4.0,gaussian,random,proportional_blocks,4,20.0,100.0,0.2,42,20,1000,100,"[""Src_IP"", ""Dst_IP""]",50062,12516,79,"[""Normal"", ""DoS"", ""MITM ARP Spoofing"", ""Mirai"", ""Scan""]","[10013, 10013, 10012, 10012, 10012]",0.4523382920000586,0.0035828766001031907,0.0,0.0,0.4487055092001356,0.0,0.0,0.0,0,0,0,0,0,0,0,0,0,0,0,0,0,20.0,100.0,0.0,0.0,0.0,0.9734739533397251,0.9525613475210732,0.9729696806855774,0.9674644117052082,0.9390837568495796,0.024317617866004965,,,,,1.0191600671161907e-06,0.0001833609000186698,1000.0,498981.8,250.0,50.0,9821.6,,,,,,,,,,,,0.9995030369203926,,,,,,,0.9970247933884296,,,,0.9954426693013623,0.8869509016680135,0.9725432164414233,0.9828822341948495,0.9756823821339952,0.7889830508474576,0.991340106434446,0.9423884514435695
IoT__multiclass__SOLO__iid__M5__seed4,SOLO,IoT,multiclass,iid,,5,4,50,8,0.1,1.0,1.0,1.0,256,hist,,40,4.0,gaussian,random,proportional_blocks,4,20.0,100.0,0.2,42,20,1000,100,"[""Src_IP"", ""Dst_IP""]",50062,12516,79,"[""Normal"", ""DoS"", ""MITM ARP Spoofing"", ""Mirai"", ""Scan""]","[10013, 10013, 10012, 10012, 10012]",0.4510421667997434,0.003611726200051635,0.0,0.0,0.4473814876000688,0.0,0.0,0.0,0,0,0,0,0,0,0,0,0,0,0,0,0,20.0,100.0,0.0,0.0,0.0,0.9735538510706295,0.9526049111308497,0.9730808241242886,0.9672146403865843,0.9393536752230963,0.027791563275434243,,,,,9.677276126529534e-07,0.00018573249990367914,1000.0,501022.6,250.0,50.0,9881.6,,,,,,,,,,,,0.9995028997514499,,,,,,,0.9968595041322315,,,,0.9936721341890016,0.8867911284822704,0.9728591431617156,0.9832478963484844,0.9722084367245658,0.7951977401129943,0.9915578132559265,0.9409448818897637
IoT__multiclass__SimFL__dirichlet_a0.1__M10__seed0,SimFL,IoT,multiclass,dirichlet,0.1,10,0,50,8,0.1,1.0,1.0,1.0,256,hist,,40,4.0,gaussian,random,proportional_blocks,4,20.0,100.0,0.2,42,20,1000,100,"[""Src_IP"", ""Dst_IP""]",50062,12516,79,"[""Normal"", ""DoS"", ""MITM ARP Spoofing"", ""Mirai"", ""Scan""]","[22, 6920, 3785, 378, 2838, 13121, 4899, 7527, 2909, 7663]",13.652522952000027,0.02097053500006041,11.188123632000043,0.3726952859994981,0.9412029829998119,0.45713764599940987,0.5371775979976974,0.11989969699993708,1,1,2,50,114480,73891512,74005992,39011004,9170604,48181608,1080,52,122187600,20.0,100.0,5.96047936,4.85452864,10.815007999999999,0.9290508149568553,0.8502662429260806,0.9204423440041267,0.9152100829818041,0.8301536592726848,0.060794044665012405,,,,,1.1879364014070244e-06,0.00019769599998653575,1000.0,978142.0,250.0,50.0,23910.0,40.0,4.0,gaussian,random,proportional_blocks,"[0, 6, 3, 0, 2, 13, 4, 7, 2, 13]",7.0,34.07703780645333,,,,1.0,,,,,,,0.9950413223140496,,,,0.9882506527415144,0.7933579335793358,0.9307781649245064,0.8636636636636636,0.9392059553349876,0.3036723163841808,0.9692791485244315,0.9435695538057742
IoT__multiclass__SimFL__dirichlet_a0.1__M10__seed1,SimFL,IoT,multiclass,dirichlet,0.1,10,1,50,8,0.1,1.0,1.0,1.0,256,hist,,40,4.0,gaussian,random,proportional_blocks,4,20.0,100.0,0.2,42,20,1000,100,"[""Src_IP"", ""Dst_IP""]",50062,12516,79,"[""Normal"", ""DoS"", ""MITM ARP Spoofing"", ""Mirai"", ""Scan""]","[4809, 3751, 6468, 8681, 1785, 98, 23018, 177, 264, 1011]",13.633744438000122,0.03738470600001165,11.13732488300002,0.356192207003005,1.0007068329987305,0.4153374239954246,0.542538103994957,0.1298173259997384,1,1,2,50,114480,73891512,74005992,26539108,9347013,35886121,1080,52,109892113,20.0,100.0,5.96047936,3.87088968,9.83136904,0.9517417705337169,0.9023361888653374,0.9490834929096433,0.9428371878262715,0.8728261037727719,0.141439205955335,,,,,1.4607603067937153e-06,0.00020074399981240276,1000.0,997743.0,250.0,50.0,24486.0,40.0,4.0,gaussian,random,proportional_blocks,"[4, 3, 6, 8, 1, 0, 22, 0, 0, 6]",2.0,32.664791214449636,,,,0.9983402489626556,,,,,,,0.9942148760330578,,,,0.97054698457223,0.8428571428571429,0.9496804183614178,0.9527611443779108,0.858560794044665,0.5833333333333334,0.988388969521045,0.9396325459317585
IoT__multiclass__SimFL__dirichlet_a0.1__M10__seed2,SimFL,IoT,multiclass,dirichlet,0.1,10,2,50,8,0.1,1.0,1.0,1.0,256,hist,,40,4.0,gaussian,random,proportional_blocks,4,20.0,100.0,0.2,42,20,1000,100,"[""Src_IP"", ""Dst_IP""]",50062,12516,79,"[""Normal"", ""DoS"", ""MITM ARP Spoofing"", ""Mirai"", ""Scan""]","[27473, 328, 7127, 1088, 2441, 5565, 1522, 3860, 492, 166]",11.598611246000019,0.01936709100027656,9.28466251000009,0.33475495600396243,0.9253815179986304,0.3810350070102686,0.5227614769955835,0.11687757799973042,1,1,2,50,114480,73891512,74005992,22298420,8632692,30931112,1080,52,104937104,20.0,100.0,5.96047936,3.47448896,9.43496832,0.9353627356983062,0.8411420539142934,0.9244926669674015,0.9215875771479173,0.8095046935790388,0.12655086848635236,,,,,1.328226909579642e-06,0.00019958799998676113,1000.0,918374.0,250.0,50.0,22152.0,40.0,4.0,gaussian,random,proportional_blocks,"[27, 0, 7, 1, 2, 5, 1, 3, 0, 4]",0.0,31.3708002077424,,,,0.9991666666666666,,,,,,,0.990909090909091,,,,0.9737206085753803,0.7325102880658436,0.9216921692169217,0.9808481532147743,0.8734491315136477,0.2514124293785311,0.9908079342041606,0.9409448818897638
IoT__multiclass__SimFL__dirichlet_a0.1__M10__seed3,SimFL,IoT,multiclass,dirichlet,0.1,10,3,50,8,0.1,1.0,1.0,1.0,256,hist,,40,4.0,gaussian,random,proportional_blocks,4,20.0,100.0,0.2,42,20,1000,100,"[""Src_IP"", ""Dst_IP""]",50062,12516,79,"[""Normal"", ""DoS"", ""MITM ARP Spoofing"", ""Mirai"", ""Scan""]","[1800, 2037, 1941, 181, 4976, 70, 1031, 29228, 1395, 7403]",12.486235881000084,0.018795204000070953,10.062357314999645,0.34619281100049193,0.9928897840004538,0.39328065199970297,0.5448639960009132,0.11408090799977799,1,1,2,50,114480,73891512,74005992,22897804,8546085,31443889,1080,52,105449881,20.0,100.0,5.96047936,3.51551112,9.47599048,0.9162671780121444,0.8289383615606299,0.9102607145769777,0.8767127352133677,0.8249062811625357,0.033498759305210915,,,,,1.8105331575754352e-06,0.00019953550008722232,1000.0,908751.0,250.0,50.0,21870.0,40.0,4.0,gaussian,random,proportional_blocks,"[1, 2, 1, 0, 4, 0, 1, 29, 1, 11]",3.0,31.513088215057774,,,,0.9975144987572494,,,,,,,0.9950413223140496,,,,0.9961636828644501,0.734982332155477,0.9555043646944714,0.6993987975951904,0.966501240694789,0.2937853107344633,0.9531930333817126,0.916010498687664
IoT__multiclass__SimFL__dirichlet_a0.1__M10__seed4,SimFL,IoT,multiclass,dirichlet,0.1,10,4,50,8,0.1,1.0,1.0,1.0,256,hist,,40,4.0,gaussian,random,proportional_blocks,4,20.0,100.0,0.2,42,20,1000,100,"[""Src_IP"", ""Dst_IP""]",50062,12516,79,"[""Normal"", ""DoS"", ""MITM ARP Spoofing"", ""Mirai"", ""Scan""]","[10295, 2111, 18961, 572, 74, 3587, 5619, 4793, 263, 3787]",11.958177008999883,0.01886336300003677,9.59648619599966,0.30843317000335446,0.9729941450000297,0.39628176499945766,0.5087559759995202,0.14302530300028593,1,1,2,50,114480,73891512,74005992,30448132,10900539,41348671,1080,52,115354663,20.0,100.0,5.96047936,4.307893679999999,10.26837304,0.9079578139980825,0.8195718155687614,0.900618337295169,0.8750434222036294,0.8091779810071514,0.06699751861042183,,,,,1.3016144135384049e-06,0.00021157049991415988,1000.0,1170357.0,250.0,50.0,29562.0,40.0,4.0,gaussian,random,proportional_blocks,"[10, 2, 18, 0, 0, 3, 5, 4, 0, 8]",2.0,33.046868549665085,,,,0.985996705107084,,,,,,,0.9892561983471074,,,,0.9894736842105263,0.7397769516728625,0.9357951161405599,0.724174653887114,0.9330024813895782,0.2810734463276836,0.9501693275278181,0.8923884514435696
IoT__multiclass__SimFL__dirichlet_a0.1__M2__seed0,SimFL,IoT,multiclass,dirichlet,0.1,2,0,50,8,0.1,1.0,1.0,1.0,256,hist,,40,4.0,gaussian,random,proportional_blocks,4,20.0,100.0,0.2,42,20,1000,100,"[""Src_IP"", ""Dst_IP""]",50062,12516,79,"[""Normal"", ""DoS"", ""MITM ARP Spoofing"", ""Mirai"", ""Scan""]","[356, 49706]",2.6290874729997995,0.01656947699984812,0.6310848430000533,0.3325948319998133,1.1832163279996166,0.07457120399953965,0.27120642500062786,0.11494268100000227,1,1,2,50,2544,8210168,8212712,759000,834629,1593629,104,52,9806341,20.0,100.0,0.69701696,1.12749032,1.82450728,0.979945669542985,0.9644962954967345,0.979667530994749,0.9763283535625289,0.953457816495175,0.02109181141439206,,,,,1.1173652125254517e-06,0.00019357999997282604,1000.0,793815.0,250.0,50.0,18490.0,40.0,4.0,gaussian,random,proportional_blocks,"[0, 50]",1.0,27.158962886021335,,,,0.9991735537190083,,,,,,,0.9991735537190083,,,,0.9974715549936789,0.918960244648318,0.979050113081776,0.986986301369863,0.9789081885856079,0.8488700564971752,0.9947992259313014,0.9455380577427821
IoT__multiclass__SimFL__dirichlet_a0.1__M2__seed1,SimFL,IoT,multiclass,dirichlet,0.1,2,1,50,8,0.1,1.0,1.0,1.0,256,hist,,40,4.0,gaussian,random,proportional_blocks,4,20.0,100.0,0.2,42,20,1000,100,"[""Src_IP"", ""Dst_IP""]",50062,12516,79,"[""Normal"", ""DoS"", ""MITM ARP Spoofing"", ""Mirai"", ""Scan""]","[29617, 20445]",6.300289840999994,0.018541663000178232,3.8243629200001124,0.3505189549973693,1.3890090419981789,0.22740811300127461,0.3033555570009412,0.18068889899996066,1,1,2,50,2544,8210168,8212712,14342856,1388262,15731118,104,52,23943830,20.0,100.0,0.69701696,2.25848944,2.9555064,0.9607702141259188,0.9305201664517682,0.9597159902064775,0.9453042818332709,0.9190027759325856,0.031017369727047148,,,,,1.3775381112110554e-06,0.00024318350006069522,1000.0,1347448.0,250.0,50.0,34770.0,40.0,4.0,gaussian,random,proportional_blocks,"[29, 21]",0.0,36.874755303423754,,,,0.9741518578352181,,,,,,,0.996694214876033,,,,0.97625,0.8598615916955017,0.9662250865258384,0.9500328731097962,0.9689826302729528,0.7019774011299436,0.9791969037252056,0.9481627296587927
IoT__multiclass__SimFL__dirichlet_a0.1__M2__seed2,SimFL,IoT,multiclass,dirichlet,0.1,2,2,50,8,0.1,1.0,1.0,1.0,256,hist,,40,4.0,gaussian,random,proportional_blocks,4,20.0,100.0,0.2,42,20,1000,100,"[""Src_IP"", ""Dst_IP""]",50062,12516,79,"[""Normal"", ""DoS"", ""MITM ARP Spoofing"", ""Mirai"", ""Scan""]","[13150, 36912]",5.41616939000005,0.021119650999935402,3.1187519239997528,0.3380939819985542,1.3212243819994,0.19338566300120874,0.28204932299831853,0.1358636420000039,1,1,2,50,2544,8210168,8212712,10650112,1113562,11763674,104,52,19976386,20.0,100.0,0.69701696,1.9410939200000001,2.63811088,0.9544582933844679,0.9339907989367331,0.9541893925851294,0.9467364945029193,0.9245422024655022,0.026054590570719603,,,,,1.268851709840071e-06,0.00021141599995644356,1000.0,1072748.0,250.0,50.0,26692.0,40.0,4.0,gaussian,random,proportional_blocks,"[13, 37]",0.0,36.45082098198234,,,,0.9966804979253112,,,,,,,0.9925619834710744,,,,0.9849435382685069,0.9268707482993197,0.9660240963855422,0.8591635916359164,0.9739454094292804,0.769774011299435,0.9697629414610547,0.9166666666666666
IoT__multiclass__SimFL__dirichlet_a0.1__M2__seed3,SimFL,IoT,multiclass,dirichlet,0.1,2,3,50,8,0.1,1.0,1.0,1.0,256,hist,,40,4.0,gaussian,random,proportional_blocks,4,20.0,100.0,0.2,42,20,1000,100,"[""Src_IP"", ""Dst_IP""]",50062,12516,79,"[""Normal"", ""DoS"", ""MITM ARP Spoofing"", ""Mirai"", ""Scan""]","[36672, 13390]",4.65281373300013,0.016316960000040126,2.3008461329995953,0.32322430999693097,1.2892171429998598,0.18971055600422915,0.29464806999976645,0.2336929279999822,1,1,2,50,2544,8210168,8212712,11546392,1207133,12753525,104,52,20966237,20.0,100.0,0.69701696,2.020282,2.71729896,0.9679610099073186,0.9375785881492067,0.9664737986933235,0.9666149228065855,0.9158978947918796,0.03225806451612903,,,,,2.0355077500764894e-06,0.0002019899998231267,1000.0,1166319.0,250.0,50.0,29444.0,40.0,4.0,gaussian,random,proportional_blocks,"[36, 14]",0.0,31.475330590068314,,,,0.9754901960784313,,,,,,,0.9867768595041322,,,,0.9885931558935361,0.9141221374045801,0.9643864598025388,0.990482664853841,0.967741935483871,0.6765536723163842,0.9923802612481858,0.9560367454068242
IoT__multiclass__SimFL__dirichlet_a0.1__M2__seed4,SimFL,IoT,multiclass,dirichlet,0.1,2,4,50,8,0.1,1.0,1.0,1.0,256,hist,,40,4.0,gaussian,random,proportional_blocks,4,20.0,100.0,0.2,42,20,1000,100,"[""Src_IP"", ""Dst_IP""]",50062,12516,79,"[""Normal"", ""DoS"", ""MITM ARP Spoofing"", ""Mirai"", ""Scan""]","[39240, 10822]",4.3205742129998725,0.016989007000120182,2.2014769980000892,0.3106742669997402,1.2142975480010136,0.16383397499930652,0.2646303120036464,0.14357013800008644,1,1,2,50,2544,8210168,8212712,11665280,1182322,12847602,104,52,21060314,20.0,100.0,0.69701696,2.02780816,2.72482512,0.9746724193032917,0.9554382134463213,0.9743854234738087,0.9670513806516532,0.9447324498030898,0.038461538461538464,,,,,1.633898689671592e-06,0.00021528899992517836,1000.0,1141508.0,250.0,50.0,28714.0,40.0,4.0,gaussian,random,proportional_blocks,"[39, 11]",0.0,36.48242179697176,,,,0.973322554567502,,,,,,,0.9950413223140496,,,,0.9974259974259975,0.8956127080181543,0.9758304560066675,0.9930651872399445,0.9615384615384616,0.8361581920903954,0.9912917271407837,0.9396325459317585
IoT__multiclass__SimFL__dirichlet_a0.1__M5__seed0,SimFL,IoT,multiclass,dirichlet,0.1,5,0,50,8,0.1,1.0,1.0,1.0,256,hist,,40,4.0,gaussian,random,proportional_blocks,4,20.0,100.0,0.2,42,20,1000,100,"[""Src_IP"", ""Dst_IP""]",50062,12516,79,"[""Normal"", ""DoS"", ""MITM ARP Spoofing"", ""Mirai"", ""Scan""]","[2503, 20045, 4919, 8290, 14305]",8.824783972999967,0.02523910300010357,6.624687408,0.3310943059989313,0.9829929360005281,0.34630304199890816,0.3810388090012111,0.1236339859999589,1,1,2,50,25440,32840672,32866112,29540280,4172952,33713232,440,52,66579344,20.0,100.0,2.66928896,3.69705856,6.36634752,0.9165867689357622,0.8163134975781059,0.9034847233320176,0.905491866825083,0.8042620833914104,0.05583126550868486,,,,,1.1949403163920258e-06,0.00020138200000019424,1000.0,1002424.0,250.0,50.0,24624.0,40.0,4.0,gaussian,random,proportional_blocks,"[2, 20, 4, 8, 16]",0.0,34.00425971794974,,,,0.9991680532445923,,,,,,,0.9925619834710744,,,,0.9781491002570694,0.8035714285714286,0.9195468731938504,0.8270238788584741,0.9441687344913151,0.1906779661016949,0.9621432027092405,0.931758530183727
IoT__multiclass__SimFL__dirichlet_a0.1__M5__seed1,SimFL,IoT,multiclass,dirichlet,0.1,5,1,50,8,0.1,1.0,1.0,1.0,256,hist,,40,4.0,gaussian,random,proportional_blocks,4,20.0,100.0,0.2,42,20,1000,100,"[""Src_IP"", ""Dst_IP""]",50062,12516,79,"[""Normal"", ""DoS"", ""MITM ARP Spoofing"", ""Mirai"", ""Scan""]","[30971, 2941, 7885, 4195, 4070]",8.51005942599977,0.01764588299965908,5.897560745999726,0.3450989329994627,1.3621399399989969,0.3172954059973563,0.3943450220035629,0.1659641270002794,1,1,2,50,25440,32840672,32866112,20341784,5244540,25586324,440,52,58452436,20.0,100.0,2.66928896,3.04690592,5.71619488,0.9177852348993288,0.8044204117959038,0.906757936396494,0.8686360658082328,0.7790818889883301,0.24689826302729528,,,,,1.3099584531796577e-06,0.00021852049985682243,1000.0,1270321.0,250.0,50.0,32502.0,40.0,4.0,gaussian,random,proportional_blocks,"[30, 2, 7, 4, 7]",0.0,33.905861731453,,,,0.9381362568519969,,,,,,,0.9900826446280991,,,,0.8759018759018758,0.6505576208178439,0.9193731546672723,0.9592114208021754,0.7531017369727047,0.24717514124293785,0.9791969037252056,0.9258530183727034
IoT__multiclass__SimFL__dirichlet_a0.1__M5__seed2,SimFL,IoT,multiclass,dirichlet,0.1,5,2,50,8,0.1,1.0,1.0,1.0,256,hist,,40,4.0,gaussian,random,proportional_blocks,4,20.0,100.0,0.2,42,20,1000,100,"[""Src_IP"", ""Dst_IP""]",50062,12516,79,"[""Normal"", ""DoS"", ""MITM ARP Spoofing"", ""Mirai"", ""Scan""]","[1968, 3243, 14573, 2763, 27515]",8.933809537999878,0.01720676500008267,6.708820758000002,0.34363036099921374,1.038627081001323,0.3202447609974115,0.3778288630001043,0.11747069100010776,1,1,2,50,25440,32840672,32866112,23970852,3874716,27845568,440,52,60711680,20.0,100.0,2.66928896,3.22764544,5.896934399999999,0.9330457015020773,0.8442830215014345,0.9222377701399542,0.9143179968445893,0.8230964345808317,0.04466501240694789,,,,,1.2682945829319895e-06,0.0002095724998980586,1000.0,927865.0,250.0,50.0,22432.0,40.0,4.0,gaussian,random,proportional_blocks,"[1, 3, 14, 2, 30]",0.0,33.15369441892054,,,,0.9966859983429992,,,,,,,0.9942148760330578,,,,0.9974093264248705,0.7364016736401674,0.9274101213647813,0.9136828644501279,0.9553349875930521,0.24858757062146894,0.9796806966618288,0.9376640419947506
IoT__multiclass__SimFL__dirichlet_a0.1__M5__seed3,SimFL,IoT,multiclass,dirichlet,0.1,5,3,50,8,0.1,1.0,1.0,1.0,256,hist,,40,4.0,gaussian,random,proportional_blocks,4,20.0,100.0,0.2,42,20,1000,100,"[""Src_IP"", ""Dst_IP""]",50062,12516,79,"[""Normal"", ""DoS"", ""MITM ARP Spoofing"", ""Mirai"", ""Scan""]","[28007, 1980, 2128, 746, 17201]",10.01480553500005,0.021577170999989903,7.713420469000084,0.3342720570040001,1.0972479520009983,0.3144098209936601,0.3840525199957483,0.14076159599972016,1,1,2,50,25440,32840672,32866112,26677464,4592004,31269468,440,52,64135580,20.0,100.0,2.66928896,3.50155744,6.1708464,0.9631671460530521,0.9286894604492346,0.9619487129162793,0.9550136934130771,0.9070052825990331,0.09305210918114144,,,,,2.348587088526774e-06,0.0002428109999073058,1000.0,1107187.0,250.0,50.0,27704.0,40.0,4.0,gaussian,random,proportional_blocks,"[27, 1, 2, 0, 20]",0.0,34.07731413047821,,,,0.9991708126036484,,,,,,,0.9958677685950413,,,,0.9605781865965834,0.8916518650088809,0.9635594216527565,0.9601081812035159,0.9069478908188585,0.7090395480225988,0.9914126753749395,0.931758530183727
IoT__multiclass__SimFL__dirichlet_a0.1__M5__seed4,SimFL,IoT,multiclass,dirichlet,0.1,5,4,50,8,0.1,1.0,1.0,1.0,256,hist,,40,4.0,gaussian,random,proportional_blocks,4,20.0,100.0,0.2,42,20,1000,100,"[""Src_IP"", ""Dst_IP""]",50062,12516,79,"[""Normal"", ""DoS"", ""MITM ARP Spoofing"", ""Mirai"", ""Scan""]","[30265, 5442, 12587, 944, 824]",8.953604833999634,0.01769549399978132,6.579513391000091,0.32317527999657614,1.206982901999254,0.27579295598707176,0.36661422799852517,0.17546565100019507,1,1,2,50,25440,32840672,32866112,16486680,5650472,22137152,440,52,55003264,20.0,100.0,2.66928896,2.77097216,5.44026112,0.9447906679450304,0.9228776571087142,0.9444871389857135,0.9371295261786651,0.9114469287955662,0.04838709677419355,,,,,1.310340044739968e-06,0.00022089100002631312,1000.0,1371804.0,250.0,50.0,35486.0,40.0,4.0,gaussian,random,proportional_blocks,"[30, 5, 12, 0, 3]",1.0,36.762799129079944,,,,0.9860541427399507,,,,,,,0.9933884297520661,,,,0.9909560723514211,0.9077181208053692,0.9563077661745288,0.8446115288220551,0.9516129032258065,0.7641242937853108,0.9635945815191098,0.884514435695538
IoT__multiclass__SimFL__dirichlet_a0.5__M10__seed0,SimFL,IoT,multiclass,dirichlet,0.5,10,0,50,8,0.1,1.0,1.0,1.0,256,hist,,40,4.0,gaussian,random,proportional_blocks,4,20.0,100.0,0.2,42,20,1000,100,"[""Src_IP"", ""Dst_IP""]",50062,12516,79,"[""Normal"", ""DoS"", ""MITM ARP Spoofing"", ""Mirai"", ""Scan""]","[1190, 8406, 8577, 1474, 3888, 3924, 8092, 3245, 8851, 2415]",15.930433207000078,0.02061894600001324,13.499635091000073,0.34385112700169884,0.8678953849992013,0.4865970040027605,0.5881409940027424,0.10827207300008013,1,1,2,50,114480,73891512,74005992,44943328,7877700,52821028,1080,52,126827020,20.0,100.0,5.96047936,5.22568224,11.1861616,0.9282518376478108,0.837542080331926,0.9190512689816268,0.8968865149427483,0.8262825571661946,0.04466501240694789,,,,,1.1295421860063477e-06,0.00020513550009582104,1000.0,834486.0,250.0,50.0,19686.0,40.0,4.0,gaussian,random,proportional_blocks,"[1, 8, 8, 1, 3, 3, 8, 3, 8, 7]",1.0,37.84463709444733,,,,0.9991714995857498,,,,,,,0.996694214876033,,,,0.9948320413436692,0.7470355731225297,0.9450601273284602,0.7983333333333333,0.9553349875930521,0.2669491525423729,0.969521044992743,0.9429133858267716
IoT__multiclass__SimFL__dirichlet_a0.5__M10__seed1,SimFL,IoT,multiclass,dirichlet,0.5,10,1,50,8,0.1,1.0,1.0,1.0,256,hist,,40,4.0,gaussian,random,proportional_blocks,4,20.0,100.0,0.2,42,20,1000,100,"[""Src_IP"", ""Dst_IP""]",50062,12516,79,"[""Normal"", ""DoS"", ""MITM ARP Spoofing"", ""Mirai"", ""Scan""]","[2546, 2584, 4921, 16350, 1202, 2436, 12730, 832, 4293, 2168]",15.490690097999959,0.019342877000326553,13.249840518999918,0.340852963002817,0.8080336049993093,0.436314738996316,0.5173920580036793,0.10440379900001062,1,1,2,50,114480,73891512,74005992,37984780,8065035,46049815,1080,52,120055807,20.0,100.0,5.96047936,4.6839852,10.64446456,0.9211409395973155,0.8426205461569019,0.9144365290202897,0.8919941242203127,0.8314138945778529,0.05334987593052109,,,,,1.2981001917376605e-06,0.0001930854998590803,1000.0,855301.0,250.0,50.0,20298.0,40.0,4.0,gaussian,random,proportional_blocks,"[2, 2, 4, 16, 1, 2, 12, 0, 4, 7]",1.0,37.12939954456474,,,,0.9991714995857498,,,,,,,0.996694214876033,,,,0.9960835509138382,0.7516556291390728,0.9424177396280401,0.7706422018348624,0.9466501240694789,0.3206214689265537,0.9560957910014514,0.937007874015748
IoT__multiclass__SimFL__dirichlet_a0.5__M10__seed2,SimFL,IoT,multiclass,dirichlet,0.5,10,2,50,8,0.1,1.0,1.0,1.0,256,hist,,40,4.0,gaussian,random,proportional_blocks,4,20.0,100.0,0.2,42,20,1000,100,"[""Src_IP"", ""Dst_IP""]",50062,12516,79,"[""Normal"", ""DoS"", ""MITM ARP Spoofing"", ""Mirai"", ""Scan""]","[9170, 1963, 3554, 1737, 3333, 3287, 1168, 1784, 3993, 20073]",14.39974138100024,0.0200495089998185,11.917735257999993,0.35403392799116773,0.9655625820005298,0.4483206650002103,0.5691789750007956,0.10894005299996934,1,1,2,50,114480,73891512,74005992,37834868,8132940,45967808,1080,52,119973800,20.0,100.0,5.96047936,4.67742464,10.637903999999999,0.9454298497922659,0.9128770122920942,0.9448564640657187,0.926465064761006,0.902974071284538,0.07568238213399504,,,,,1.8629093959914337e-06,0.00021269249987199146,1000.0,862846.0,250.0,50.0,20520.0,40.0,4.0,gaussian,random,proportional_blocks,"[9, 1, 3, 1, 3, 3, 1, 1, 3, 25]",0.0,37.742599177020494,,,,0.9983429991714996,,,,,,,0.9958677685950413,,,,0.9959893048128342,0.8215488215488216,0.9600675594160936,0.8563766388557806,0.924317617866005,0.6892655367231638,0.9625060474117078,0.9429133858267716
IoT__multiclass__SimFL__dirichlet_a0.5__M10__seed3,SimFL,IoT,multiclass,dirichlet,0.5,10,3,50,8,0.1,1.0,1.0,1.0,256,hist,,40,4.0,gaussian,random,proportional_blocks,4,20.0,100.0,0.2,42,20,1000,100,"[""Src_IP"", ""Dst_IP""]",50062,12516,79,"[""Normal"", ""DoS"", ""MITM ARP Spoofing"", ""Mirai"", ""Scan""]","[5405, 14769, 13070, 1298, 3571, 2453, 1140, 3788, 3821, 747]",14.892120804000115,0.020676644000104716,12.727170698000009,0.32191265001119973,0.7599301290006224,0.43776878499829763,0.5106117939958494,0.10012641299999814,1,1,2,50,114480,73891512,74005992,41633632,7911819,49545451,1080,52,123551443,20.0,100.0,5.96047936,4.963636080000001,10.924115440000001,0.9568552253116012,0.9242631195711212,0.9553082242967631,0.9498996877361575,0.905515394153922,0.03970223325062035,,,,,1.1328024928148678e-06,0.00019512950007083418,1000.0,838277.0,250.0,50.0,19798.0,40.0,4.0,gaussian,random,proportional_blocks,"[5, 14, 13, 1, 3, 2, 1, 3, 3, 5]",0.0,37.31544884343414,,,,1.0,,,,,,,0.996694214876033,,,,0.9987096774193548,0.8745247148288974,0.959384251036116,0.9168797953964194,0.9602977667493796,0.6497175141242938,0.9799225931301403,0.9409448818897638
IoT__multiclass__SimFL__dirichlet_a0.5__M10__seed4,SimFL,IoT,multiclass,dirichlet,0.5,10,4,50,8,0.1,1.0,1.0,1.0,256,hist,,40,4.0,gaussian,random,proportional_blocks,4,20.0,100.0,0.2,42,20,1000,100,"[""Src_IP"", ""Dst_IP""]",50062,12516,79,"[""Normal"", ""DoS"", ""MITM ARP Spoofing"", ""Mirai"", ""Scan""]","[2400, 797, 2411, 5155, 11656, 6462, 4131, 6414, 6610, 4026]",15.923287915999936,0.018643230000179756,13.564263587999903,0.3302273079916631,0.8800084340027752,0.4651172349972512,0.5482311970022238,0.10207327799980703,1,1,2,50,114480,73891512,74005992,45213212,8015364,53228576,1080,52,127234568,20.0,100.0,5.96047936,5.25828608,11.21876544,0.9480664749121125,0.9018895885206748,0.9447251539471474,0.9449251049459079,0.8774370731296672,0.05459057071960298,,,,,1.089421460527637e-06,0.0001939859996582527,1000.0,849782.0,250.0,50.0,20136.0,40.0,4.0,gaussian,random,proportional_blocks,"[2, 0, 2, 5, 11, 6, 4, 6, 6, 8]",0.0,38.47600530897243,,,,1.0,,,,,,,0.996694214876033,,,,0.996078431372549,0.8815165876777251,0.9490968801313628,0.8979336255479023,0.9454094292803971,0.5254237288135594,0.9787131107885825,0.9409448818897638
IoT__multiclass__SimFL__dirichlet_a0.5__M2__seed0,SimFL,IoT,multiclass,dirichlet,0.5,2,0,50,8,0.1,1.0,1.0,1.0,256,hist,,40,4.0,gaussian,random,proportional_blocks,4,20.0,100.0,0.2,42,20,1000,100,"[""Src_IP"", ""Dst_IP""]",50062,12516,79,"[""Normal"", ""DoS"", ""MITM ARP Spoofing"", ""Mirai"", ""Scan""]","[5524, 44538]",4.186116550000179,0.016651207999984763,2.181807517000152,0.32806565799955933,1.1563829590008936,0.1389996169996266,0.2584103390013297,0.10048431400014124,1,1,2,50,2544,8210168,8212712,9543160,858962,10402122,104,52,18614834,20.0,100.0,0.69701696,1.83216976,2.52918672,0.9783477149248961,0.9631921118589485,0.9780450067653397,0.9755867664982694,0.9516924038272231,0.019851116625310174,,,,,1.1049646852141597e-06,0.00018088100000568375,1000.0,818148.0,250.0,50.0,19206.0,40.0,4.0,gaussian,random,proportional_blocks,"[5, 45]",0.0,37.82835284247533,,,,1.0,,,,,,,0.9991735537190083,,,,1.0,0.9197530864197531,0.9772673173054035,0.9809134287661895,0.9801488833746899,0.8418079096045198,0.9931059506531205,0.9442257217847769
IoT__multiclass__SimFL__dirichlet_a0.5__M2__seed1,SimFL,IoT,multiclass,dirichlet,0.5,2,1,50,8,0.1,1.0,1.0,1.0,256,hist,,40,4.0,gaussian,random,proportional_blocks,4,20.0,100.0,0.2,42,20,1000,100,"[""Src_IP"", ""Dst_IP""]",50062,12516,79,"[""Normal"", ""DoS"", ""MITM ARP Spoofing"", ""Mirai"", ""Scan""]","[39524, 10538]",4.362465973999861,0.016953757999999652,2.221303184000135,0.33452280299889026,1.2084425289990577,0.17712146199937706,0.2874439049992361,0.11083456999995178,1,1,2,50,2544,8210168,8212712,10110276,923452,11033728,104,52,19246440,20.0,100.0,0.69701696,1.8826982399999999,2.5797152,0.9728347714924896,0.9576855767860339,0.9726234792239621,0.9672455660765811,0.9487843411376117,0.031017369727047148,,,,,1.2108684084293494e-06,0.00019972050017713627,1000.0,882638.0,250.0,50.0,21102.0,40.0,4.0,gaussian,random,proportional_blocks,"[39, 11]",0.0,38.21555271463385,,,,1.0,,,,,,,0.9975206611570248,,,,0.9949044585987261,0.9234303215926493,0.9764071856287425,0.9414858645627876,0.9689826302729528,0.8516949152542372,0.9860909530720852,0.9396325459317585
IoT__multiclass__SimFL__dirichlet_a0.5__M2__seed2,SimFL,IoT,multiclass,dirichlet,0.5,2,2,50,8,0.1,1.0,1.0,1.0,256,hist,,40,4.0,gaussian,random,proportional_blocks,4,20.0,100.0,0.2,42,20,1000,100,"[""Src_IP"", ""Dst_IP""]",50062,12516,79,"[""Normal"", ""DoS"", ""MITM ARP Spoofing"", ""Mirai"", ""Scan""]","[16811, 33251]",5.120213388999673,0.01696728900014932,3.135028829000021,0.3188763279995328,1.0556294969996998,0.21222538200345298,0.271901182999045,0.1044582569998056,1,1,2,50,2544,8210168,8212712,17040320,891690,17932010,104,52,26144722,20.0,100.0,0.69701696,2.4345608,3.13157776,0.9641259188239054,0.9433987850279786,0.9634449317653515,0.9619852119140054,0.9273344213644638,0.02357320099255583,,,,,1.152034595729661e-06,0.00018266799997945782,1000.0,850876.0,250.0,50.0,20168.0,40.0,4.0,gaussian,random,proportional_blocks,"[16, 34]",0.0,38.07786344932284,,,,0.999168744804655,,,,,,,0.9933884297520661,,,,0.9949431099873578,0.9148580968280468,0.9645986265687899,0.936357481381178,0.9764267990074442,0.7740112994350282,0.9853652636671505,0.90748031496063
IoT__multiclass__SimFL__dirichlet_a0.5__M2__seed3,SimFL,IoT,multiclass,dirichlet,0.5,2,3,50,8,0.1,1.0,1.0,1.0,256,hist,,40,4.0,gaussian,random,proportional_blocks,4,20.0,100.0,0.2,42,20,1000,100,"[""Src_IP"", ""Dst_IP""]",50062,12516,79,"[""Normal"", ""DoS"", ""MITM ARP Spoofing"", ""Mirai"", ""Scan""]","[6994, 43068]",4.683334693999768,0.01858361100039474,2.6125315640001645,0.3282408490003945,1.1763469139978042,0.1545310290011912,0.27883559599968066,0.10909851199994591,1,1,2,50,2544,8210168,8212712,11446072,909969,12356041,104,52,20568753,20.0,100.0,0.69701696,1.98848328,2.68550024,0.9670821348673697,0.933470027940978,0.9651994307611154,0.9629654091897265,0.9120693207513346,0.02109181141439206,,,,,1.1544904122551897e-06,0.00019040799998037983,1000.0,869155.0,250.0,50.0,20706.0,40.0,4.0,gaussian,random,proportional_blocks,"[6, 44]",0.0,32.63990651592026,,,,0.9991728701406121,,,,,,,0.9983471074380166,,,,0.9924528301886792,0.8825831702544031,0.9634676377305298,0.9771505376344086,0.9789081885856079,0.6370056497175142,0.9920174165457184,0.9540682414698163
IoT__multiclass__SimFL__dirichlet_a0.5__M2__seed4,SimFL,IoT,multiclass,dirichlet,0.5,2,4,50,8,0.1,1.0,1.0,1.0,256,hist,,40,4.0,gaussian,random,proportional_blocks,4,20.0,100.0,0.2,42,20,1000,100,"[""Src_IP"", ""Dst_IP""]",50062,12516,79,"[""Normal"", ""DoS"", ""MITM ARP Spoofing"", ""Mirai"", ""Scan""]","[26596, 23466]",4.919267794000007,0.0164671460001955,2.7953927090002253,0.3001927420004904,1.1735021190002044,0.2247538399997211,0.26284733399688776,0.14121954899974298,1,1,2,50,2544,8210168,8212712,26935920,1165159,28101079,104,52,36313791,20.0,100.0,0.69701696,3.24808632,3.94510328,0.9755512943432406,0.9559878482096155,0.9751592080341636,0.9702997999236864,0.9429876424020047,0.04218362282878412,,,,,1.3600747043722642e-06,0.00019630150018201675,1000.0,1124345.0,250.0,50.0,28210.0,40.0,4.0,gaussian,random,proportional_blocks,"[26, 24]",0.0,37.38947704845991,,,,0.9813160032493907,,,,,,,0.9983471074380166,,,,0.9987063389391979,0.9045383411580594,0.975157494353976,0.9917808219178083,0.9578163771712159,0.8163841807909604,0.99225931301403,0.9501312335958005
IoT__multiclass__SimFL__dirichlet_a0.5__M5__seed0,SimFL,IoT,multiclass,dirichlet,0.5,5,0,50,8,0.1,1.0,1.0,1.0,256,hist,,40,4.0,gaussian,random,proportional_blocks,4,20.0,100.0,0.2,42,20,1000,100,"[""Src_IP"", ""Dst_IP""]",50062,12516,79,"[""Normal"", ""DoS"", ""MITM ARP Spoofing"", ""Mirai"", ""Scan""]","[2718, 16263, 4585, 11717, 14779]",10.680516463999993,0.01938842800018392,8.497831452000128,0.3333720410003025,0.9517192409989548,0.3823678009937339,0.37562355999875763,0.11070087900020553,1,1,2,50,25440,32840672,32866112,43849696,3588208,47437904,440,52,80304016,20.0,100.0,2.66928896,4.79503232,7.46432128,0.9626877596676254,0.9241209129797715,0.960166399214001,0.9617297233261102,0.8978579555308851,0.03225806451612903,,,,,1.758613934161253e-06,0.00018872800001190626,1000.0,856238.0,250.0,50.0,20326.0,40.0,4.0,gaussian,random,proportional_blocks,"[2, 16, 4, 11, 17]",1.0,38.0197005712916,,,,1.0,,,,,,,0.996694214876033,,,,0.998719590268886,0.8682008368200836,0.9554080801024566,0.9863201094391245,0.967741935483871,0.5861581920903954,0.9925012094823416,0.9461942257217848
IoT__multiclass__SimFL__dirichlet_a0.5__M5__seed1,SimFL,IoT,multiclass,dirichlet,0.5,5,1,50,8,0.1,1.0,1.0,1.0,256,hist,,40,4.0,gaussian,random,proportional_blocks,4,20.0,100.0,0.2,42,20,1000,100,"[""Src_IP"", ""Dst_IP""]",50062,12516,79,"[""Normal"", ""DoS"", ""MITM ARP Spoofing"", ""Mirai"", ""Scan""]","[7960, 1645, 2303, 8945, 29209]",9.23403836200032,0.017632343000059336,6.982898480000131,0.3436895070017272,1.0741125679987817,0.30700669499947253,0.3788716820067748,0.12045784399970216,1,1,2,50,25440,32840672,32866112,23139512,3974924,27114436,440,52,59980548,20.0,100.0,2.66928896,3.16915488,5.83844384,0.9643656120166187,0.9460805577851076,0.9641353715761743,0.957763942684083,0.9353038409412117,0.04838709677419355,,,,,1.2117567114177052e-06,0.00020230600034665258,1000.0,952917.0,250.0,50.0,23168.0,40.0,4.0,gaussian,random,proportional_blocks,"[7, 1, 2, 8, 32]",0.0,37.07925672166513,,,,1.0,,,,,,,0.9925619834710744,,,,0.9961038961038962,0.9089506172839507,0.96987087517934,0.913894324853229,0.9516129032258065,0.8319209039548022,0.9811320754716981,0.9192913385826772
IoT__multiclass__SimFL__dirichlet_a0.5__M5__seed2,SimFL,IoT,multiclass,dirichlet,0.5,5,2,50,8,0.1,1.0,1.0,1.0,256,hist,,40,4.0,gaussian,random,proportional_blocks,4,20.0,100.0,0.2,42,20,1000,100,"[""Src_IP"", ""Dst_IP""]",50062,12516,79,"[""Normal"", ""DoS"", ""MITM ARP Spoofing"", ""Mirai"", ""Scan""]","[26196, 4213, 4607, 9134, 5912]",9.78398641900003,0.018847304999781045,7.523338911000337,0.34130194000135816,1.0370418500001506,0.34317991899524714,0.39478790199973446,0.11571635100017374,1,1,2,50,25440,32840672,32866112,28926480,3892368,32818848,440,52,65684960,20.0,100.0,2.66928896,3.62550784,6.2947968,0.9672419303291786,0.9357234479945264,0.9658710057785984,0.9636650099741291,0.9131297088726464,0.04838709677419355,,,,,1.2093933365338904e-06,0.00020028850008202426,1000.0,932278.0,250.0,50.0,22562.0,40.0,4.0,gaussian,random,proportional_blocks,"[26, 4, 4, 9, 7]",0.0,37.65385422076625,,,,0.999168744804655,,,,,,,0.9933884297520661,,,,0.9935233160621761,0.8745454545454545,0.9627154414351038,0.9883720930232558,0.9516129032258065,0.6793785310734464,0.9931059506531205,0.9481627296587927
IoT__multiclass__SimFL__dirichlet_a0.5__M5__seed3,SimFL,IoT,multiclass,dirichlet,0.5,5,3,50,8,0.1,1.0,1.0,1.0,256,hist,,40,4.0,gaussian,random,proportional_blocks,4,20.0,100.0,0.2,42,20,1000,100,"[""Src_IP"", ""Dst_IP""]",50062,12516,79,"[""Normal"", ""DoS"", ""MITM ARP Spoofing"", ""Mirai"", ""Scan""]","[7564, 2902, 3975, 6841, 28780]",9.895871196999906,0.017005865999635716,7.669195995999871,0.3401144700005716,1.0423435700008667,0.32525669699407445,0.3801511469991965,0.11191741800030286,1,1,2,50,25440,32840672,32866112,30468064,3648280,34116344,440,52,66982456,20.0,100.0,2.66928896,3.72930752,6.39859648,0.9559763502716523,0.9051684383603178,0.9517290907422346,0.9568617084163336,0.8743668397089548,0.04838709677419355,,,,,1.2771289549216678e-06,0.00020472350001909945,1000.0,871256.0,250.0,50.0,20768.0,40.0,4.0,gaussian,random,proportional_blocks,"[7, 2, 3, 6, 32]",0.0,37.5604700171787,,,,0.9991728701406121,,,,,,,0.9983471074380166,,,,1.0,0.8560794044665012,0.9461795551457877,0.9828767123287672,0.9516129032258065,0.4872881355932203,0.9929850024189647,0.9416010498687664
IoT__multiclass__SimFL__dirichlet_a0.5__M5__seed4,SimFL,IoT,multiclass,dirichlet,0.5,5,4,50,8,0.1,1.0,1.0,1.0,256,hist,,40,4.0,gaussian,random,proportional_blocks,4,20.0,100.0,0.2,42,20,1000,100,"[""Src_IP"", ""Dst_IP""]",50062,12516,79,"[""Normal"", ""DoS"", ""MITM ARP Spoofing"", ""Mirai"", ""Scan""]","[13876, 14414, 9376, 9232, 3164]",11.438093456999923,0.022407383999961894,9.371880664999935,0.3023721190024844,0.8907382450001933,0.35817708699914874,0.366670238001916,0.11682316999986142,1,1,2,50,25440,32840672,32866112,41956156,4046928,46003084,440,52,78869196,20.0,100.0,2.66928896,4.6802467199999995,7.349535679999999,0.9574944071588367,0.92029907034146,0.9553375690494473,0.954067230506092,0.8967382878946666,0.052109181141439205,,,,,1.1875219718450876e-06,0.00020377499981805158,1000.0,970918.0,250.0,50.0,23698.0,40.0,4.0,gaussian,random,proportional_blocks,"[13, 14, 9, 9, 5]",0.0,38.12502996284607,,,,0.9966914805624483,,,,,,,0.9958677685950413,,,,0.9960886571056062,0.8816326530612245,0.9559755811223292,0.9399477806788512,0.9478908188585607,0.6101694915254238,0.9848814707305273,0.9448818897637795
IoT__multiclass__SimFL__dirichlet_a1.0__M10__seed0,SimFL,IoT,multiclass,dirichlet,1.0,10,0,50,8,0.1,1.0,1.0,1.0,256,hist,,40,4.0,gaussian,random,proportional_blocks,4,20.0,100.0,0.2,42,20,1000,100,"[""Src_IP"", ""Dst_IP""]",50062,12516,79,"[""Normal"", ""DoS"", ""MITM ARP Spoofing"", ""Mirai"", ""Scan""]","[1450, 3248, 1968, 5994, 7202, 2351, 15747, 5384, 5023, 1695]",14.727799240999957,0.020187308999993547,12.389957199000037,0.34830637099912565,0.819939968998824,0.4845948919960392,0.5511302339937174,0.09886060000008001,1,1,2,50,114480,73891512,74005992,44696748,7569657,52266405,1080,52,126272397,20.0,100.0,5.96047936,5.1813124,11.14179176,0.949424736337488,0.9009263261637568,0.9453206873407924,0.9524373983422949,0.8731244129525194,0.04962779156327544,,,,,1.3790825343665216e-06,0.0002013150001403119,1000.0,800259.0,250.0,50.0,18680.0,40.0,4.0,gaussian,random,proportional_blocks,"[1, 3, 1, 5, 7, 2, 15, 5, 5, 6]",3.0,38.26072558915833,,,,1.0,,,,,,,0.996694214876033,,,,0.9986962190352021,0.8948717948717949,0.9450971269047342,0.9235218508997429,0.9503722084367245,0.4929378531073446,0.9827044025157232,0.9429133858267716
IoT__multiclass__SimFL__dirichlet_a1.0__M10__seed1,SimFL,IoT,multiclass,dirichlet,1.0,10,1,50,8,0.1,1.0,1.0,1.0,256,hist,,40,4.0,gaussian,random,proportional_blocks,4,20.0,100.0,0.2,42,20,1000,100,"[""Src_IP"", ""Dst_IP""]",50062,12516,79,"[""Normal"", ""DoS"", ""MITM ARP Spoofing"", ""Mirai"", ""Scan""]","[4784, 4205, 699, 2946, 6853, 2146, 2395, 5943, 15348, 4743]",16.3396321109999,0.019873890000326355,14.00215106099995,0.3497514940045221,0.8505229720008174,0.4631314819957879,0.5353317290009727,0.10379980500010788,1,1,2,50,114480,73891512,74005992,45188704,8103492,53292196,1080,52,127298188,20.0,100.0,5.96047936,5.26337568,11.22385504,0.9613294982422499,0.9331777456206429,0.960389192440578,0.9538521843455768,0.9157529787390353,0.05334987593052109,,,,,1.1517555129276947e-06,0.00019145350006510853,1000.0,859574.0,250.0,50.0,20424.0,40.0,4.0,gaussian,random,proportional_blocks,"[4, 4, 0, 2, 6, 2, 2, 5, 15, 10]",0.0,37.95468285992037,,,,1.0,,,,,,,0.996694214876033,,,,1.0,0.8664383561643836,0.9626909866161317,0.9401315789473684,0.9466501240694789,0.7146892655367232,0.9830672472181906,0.9376640419947506
IoT__multiclass__SimFL__dirichlet_a1.0__M10__seed2,SimFL,IoT,multiclass,dirichlet,1.0,10,2,50,8,0.1,1.0,1.0,1.0,256,hist,,40,4.0,gaussian,random,proportional_blocks,4,20.0,100.0,0.2,42,20,1000,100,"[""Src_IP"", ""Dst_IP""]",50062,12516,79,"[""Normal"", ""DoS"", ""MITM ARP Spoofing"", ""Mirai"", ""Scan""]","[2225, 3855, 9306, 7252, 9255, 3498, 1910, 4290, 5063, 3408]",16.499023360000137,0.018824592999862944,14.293991430999995,0.3255885539947485,0.7715554189967406,0.46468965901522097,0.50634742300781,0.1035876470000403,1,1,2,50,114480,73891512,74005992,49609844,8050221,57660065,1080,52,131666057,20.0,100.0,5.96047936,5.6128052,11.573284560000001,0.9582933844678811,0.9274040885447186,0.9569640715544137,0.9539577136124379,0.9067203045988057,0.062034739454094295,,,,,1.154249920121472e-06,0.0002001025000026857,1000.0,853655.0,250.0,50.0,20250.0,40.0,4.0,gaussian,random,proportional_blocks,"[2, 3, 9, 7, 9, 3, 1, 4, 5, 7]",0.0,38.434063982883444,,,,0.9991714995857498,,,,,,,0.996694214876033,,,,0.9986789960369881,0.8821362799263351,0.9586776859504132,0.9311241065627031,0.9379652605459057,0.6765536723163842,0.9820996613449444,0.9402887139107612
IoT__multiclass__SimFL__dirichlet_a1.0__M10__seed3,SimFL,IoT,multiclass,dirichlet,1.0,10,3,50,8,0.1,1.0,1.0,1.0,256,hist,,40,4.0,gaussian,random,proportional_blocks,4,20.0,100.0,0.2,42,20,1000,100,"[""Src_IP"", ""Dst_IP""]",50062,12516,79,"[""Normal"", ""DoS"", ""MITM ARP Spoofing"", ""Mirai"", ""Scan""]","[10127, 814, 2152, 5310, 1376, 4575, 7197, 4629, 4031, 9851]",16.573545305000152,0.017949870999927953,14.327622363000046,0.3218279210022956,0.8050958139965587,0.4723249029852923,0.5107003510011054,0.10321947400007048,1,1,2,50,114480,73891512,74005992,52308408,8059302,60367710,1080,52,134373702,20.0,100.0,5.96047936,5.8294168,11.78989616,0.9573346116970278,0.9251246295858163,0.9559069002788905,0.9488045068591446,0.9074192985718021,0.04590570719602978,,,,,1.115069031631223e-06,0.0001975610000499728,1000.0,854664.0,250.0,50.0,20280.0,40.0,4.0,gaussian,random,proportional_blocks,"[10, 0, 2, 5, 1, 4, 7, 4, 4, 13]",0.0,38.39552288495599,,,,0.9975186104218362,,,,,,,0.996694214876033,,,,0.9961139896373057,0.8680297397769516,0.9602656861582256,0.9220945083014048,0.9540942928039702,0.6596045197740112,0.9791969037252056,0.94750656167979
IoT__multiclass__SimFL__dirichlet_a1.0__M10__seed4,SimFL,IoT,multiclass,dirichlet,1.0,10,4,50,8,0.1,1.0,1.0,1.0,256,hist,,40,4.0,gaussian,random,proportional_blocks,4,20.0,100.0,0.2,42,20,1000,100,"[""Src_IP"", ""Dst_IP""]",50062,12516,79,"[""Normal"", ""DoS"", ""MITM ARP Spoofing"", ""Mirai"", ""Scan""]","[3288, 3207, 5549, 2861, 3817, 3978, 7082, 2092, 13809, 4379]",16.424143341000217,0.019333030999860057,14.141278434000014,0.32731641499822217,0.8362950959995032,0.46566292799570874,0.5173554919992966,0.10259915400001773,1,1,2,50,114480,73891512,74005992,45981788,8134560,54116348,1080,52,128122340,20.0,100.0,5.96047936,5.32930784,11.2897872,0.9339245765420262,0.8747876113350394,0.9299335091047228,0.9175206982563854,0.8590701216097398,0.04962779156327544,,,,,1.113157478433471e-06,0.00018801049986905127,1000.0,863026.0,250.0,50.0,20526.0,40.0,4.0,gaussian,random,proportional_blocks,"[3, 3, 5, 2, 3, 3, 7, 2, 13, 9]",0.0,38.62907328246308,,,,1.0,,,,,,,0.996694214876033,,,,0.9973958333333334,0.839572192513369,0.9517496715633584,0.7988857938718663,0.9503722084367245,0.4435028248587571,0.9638364779874213,0.9409448818897638
IoT__multiclass__SimFL__dirichlet_a1.0__M2__seed0,SimFL,IoT,multiclass,dirichlet,1.0,2,0,50,8,0.1,1.0,1.0,1.0,256,hist,,40,4.0,gaussian,random,proportional_blocks,4,20.0,100.0,0.2,42,20,1000,100,"[""Src_IP"", ""Dst_IP""]",50062,12516,79,"[""Normal"", ""DoS"", ""MITM ARP Spoofing"", ""Mirai"", ""Scan""]","[11045, 39017]",5.381080466999947,0.01793393200000537,3.356062874000145,0.33609415399928366,1.082934799999748,0.19311884900071163,0.28155726499858247,0.10795210600008431,1,1,2,50,2544,8210168,8212712,15630076,891079,16521155,104,52,24733867,20.0,100.0,0.69701696,2.3216924,3.01870936,0.977069351230425,0.9598602863727717,0.9766073583716404,0.9762630423920831,0.9452482333667664,0.02357320099255583,,,,,1.200450143822878e-06,0.00019433949989888788,1000.0,850265.0,250.0,50.0,20150.0,40.0,4.0,gaussian,random,proportional_blocks,"[11, 39]",0.0,39.077983300707125,,,,1.0,,,,,,,0.9975206611570248,,,,0.998730964467005,0.93042071197411,0.9751987658716031,0.9769647696476965,0.9764267990074442,0.8121468926553672,0.9939525882922109,0.9461942257217848
IoT__multiclass__SimFL__dirichlet_a1.0__M2__seed1,SimFL,IoT,multiclass,dirichlet,1.0,2,1,50,8,0.1,1.0,1.0,1.0,256,hist,,40,4.0,gaussian,random,proportional_blocks,4,20.0,100.0,0.2,42,20,1000,100,"[""Src_IP"", ""Dst_IP""]",50062,12516,79,"[""Normal"", ""DoS"", ""MITM ARP Spoofing"", ""Mirai"", ""Scan""]","[36950, 13112]",4.669295212999714,0.017086947000279906,2.741697375000058,0.32470013299962375,1.008590252000431,0.1982169240031908,0.26892568899984326,0.10482802299975447,1,1,2,50,2544,8210168,8212712,17340576,883257,18223833,104,52,26436545,20.0,100.0,0.69701696,2.45790664,3.1549236,0.9752317034196228,0.9542201291388237,0.9745280140927354,0.974152945585961,0.9370497373148755,0.022332506203473945,,,,,2.0127473633636907e-06,0.000191581000080987,1000.0,842443.0,250.0,50.0,19920.0,40.0,4.0,gaussian,random,proportional_blocks,"[36, 14]",0.0,39.188706004554355,,,,0.9991728701406121,,,,,,,0.9983471074380166,,,,0.9987325728770595,0.912751677852349,0.9717594233723266,0.9883481836874571,0.9776674937965261,0.768361581920904,0.9946782776971457,0.9461942257217848
IoT__multiclass__SimFL__dirichlet_a1.0__M2__seed2,SimFL,IoT,multiclass,dirichlet,1.0,2,2,50,8,0.1,1.0,1.0,1.0,256,hist,,40,4.0,gaussian,random,proportional_blocks,4,20.0,100.0,0.2,42,20,1000,100,"[""Src_IP"", ""Dst_IP""]",50062,12516,79,"[""Normal"", ""DoS"", ""MITM ARP Spoofing"", ""Mirai"", ""Scan""]","[27186, 22876]",5.983218393000243,0.017083780999655573,3.995275852999839,0.31126356900222163,1.0325334779986406,0.2500710630015419,0.2744370549994528,0.09680823100006819,1,1,2,50,2544,8210168,8212712,32042076,846595,32888671,104,52,41101383,20.0,100.0,0.69701696,3.63109368,4.32811064,0.9772291466922339,0.959795571956526,0.9769213394715132,0.9708018423070779,0.9495393039277026,0.022332506203473945,,,,,1.0827627836383374e-06,0.00018830949989023793,1000.0,805781.0,250.0,50.0,18842.0,40.0,4.0,gaussian,random,proportional_blocks,"[27, 23]",0.0,39.531520914066554,,,,1.0,,,,,,,0.9975206611570248,,,,0.9962073324905183,0.9015384615384615,0.9778122390552308,0.9784511784511785,0.9776674937965261,0.827683615819209,0.9914126753749395,0.9534120734908137
IoT__multiclass__SimFL__dirichlet_a1.0__M2__seed3,SimFL,IoT,multiclass,dirichlet,1.0,2,3,50,8,0.1,1.0,1.0,1.0,256,hist,,40,4.0,gaussian,random,proportional_blocks,4,20.0,100.0,0.2,42,20,1000,100,"[""Src_IP"", ""Dst_IP""]",50062,12516,79,"[""Normal"", ""DoS"", ""MITM ARP Spoofing"", ""Mirai"", ""Scan""]","[42091, 7971]",4.258009357999981,0.017558692999955383,2.361573037999733,0.31175707300235445,1.0452110199989875,0.15525840700092886,0.26543366400164814,0.09646348400019633,1,1,2,50,2544,8210168,8212712,15457152,839933,16297085,104,52,24509797,20.0,100.0,0.69701696,2.3037668,3.00078376,0.9793863854266539,0.9633512605640074,0.9790347880423373,0.9776694758039772,0.9502432952223309,0.02109181141439206,,,,,1.1077090923619164e-06,0.00019670250003400724,1000.0,799119.0,250.0,50.0,18646.0,40.0,4.0,gaussian,random,proportional_blocks,"[42, 8]",0.0,39.15330989572929,,,,1.0,,,,,,,0.9983471074380166,,,,0.9949558638083228,0.9234375,0.9768600925596298,0.9930939226519337,0.9789081885856079,0.8347457627118644,0.9956458635703919,0.9435695538057742
IoT__multiclass__SimFL__dirichlet_a1.0__M2__seed4,SimFL,IoT,multiclass,dirichlet,1.0,2,4,50,8,0.1,1.0,1.0,1.0,256,hist,,40,4.0,gaussian,random,proportional_blocks,4,20.0,100.0,0.2,42,20,1000,100,"[""Src_IP"", ""Dst_IP""]",50062,12516,79,"[""Normal"", ""DoS"", ""MITM ARP Spoofing"", ""Mirai"", ""Scan""]","[36622, 13440]",4.806591012999888,0.02015181099977781,2.7653875959999823,0.31245009200029017,1.1192902609991506,0.18898244199817782,0.2815812920011922,0.11385120800014192,1,1,2,50,2544,8210168,8212712,17236648,922628,18159276,104,52,26371988,20.0,100.0,0.69701696,2.45274208,3.14975904,0.977069351230425,0.9593747142993554,0.9765661422591634,0.9778029600728724,0.9430466221441455,0.026054590570719603,,,,,1.2662034196452823e-06,0.00023003499973128783,1000.0,881814.0,250.0,50.0,21078.0,40.0,4.0,gaussian,random,proportional_blocks,"[36, 14]",0.0,37.94259118692821,,,,0.9983443708609272,,,,,,,0.996694214876033,,,,0.9961928934010152,0.9283387622149837,0.9730400851365733,0.9930986887508627,0.9739454094292804,0.8050847457627118,0.9952830188679245,0.9442257217847769
IoT__multiclass__SimFL__dirichlet_a1.0__M5__seed0,SimFL,IoT,multiclass,dirichlet,1.0,5,0,50,8,0.1,1.0,1.0,1.0,256,hist,,40,4.0,gaussian,random,proportional_blocks,4,20.0,100.0,0.2,42,20,1000,100,"[""Src_IP"", ""Dst_IP""]",50062,12516,79,"[""Normal"", ""DoS"", ""MITM ARP Spoofing"", ""Mirai"", ""Scan""]","[4831, 9419, 6613, 13940, 15259]",9.797809231999963,0.01838570199993228,7.658347707000075,0.3328318359995137,0.9180042769987722,0.3833949889976793,0.37617467199788734,0.10124878500005252,1,1,2,50,25440,32840672,32866112,40964748,3487544,44452292,440,52,77318404,20.0,100.0,2.66928896,4.55618336,7.22547232,0.9575743048897412,0.9242060207904684,0.9557397198126626,0.9547566638136125,0.9024095969179167,0.04094292803970223,,,,,1.1751618727940878e-06,0.00019045199996980955,1000.0,831072.0,250.0,50.0,19586.0,40.0,4.0,gaussian,random,proportional_blocks,"[4, 9, 6, 13, 18]",0.0,38.70739283288722,,,,1.0,,,,,,,0.996694214876033,,,,0.9987080103359173,0.8871287128712871,0.9567777646920268,0.9311688311688312,0.9590570719602978,0.632768361581921,0.9825834542815675,0.9409448818897638
IoT__multiclass__SimFL__dirichlet_a1.0__M5__seed1,SimFL,IoT,multiclass,dirichlet,1.0,5,1,50,8,0.1,1.0,1.0,1.0,256,hist,,40,4.0,gaussian,random,proportional_blocks,4,20.0,100.0,0.2,42,20,1000,100,"[""Src_IP"", ""Dst_IP""]",50062,12516,79,"[""Normal"", ""DoS"", ""MITM ARP Spoofing"", ""Mirai"", ""Scan""]","[6491, 7950, 8271, 6488, 20862]",12.944077043000107,0.017470383000272705,10.844290167999588,0.3320791230021314,0.902154655002505,0.36576538500594324,0.3660583050000241,0.10677393099967958,1,1,2,50,25440,32840672,32866112,39088280,3577640,42665920,440,52,75532032,20.0,100.0,2.66928896,4.4132736,7.0825625599999995,0.9581335890060723,0.9256756409146358,0.9565225706762902,0.9502557537732319,0.9081163405692333,0.02729528535980149,,,,,1.200411553227296e-06,0.00018266500001118402,1000.0,853596.0,250.0,50.0,20248.0,40.0,4.0,gaussian,random,proportional_blocks,"[6, 7, 8, 6, 23]",0.0,38.933777116375694,,,,0.9991714995857498,,,,,,,0.996694214876033,,,,0.9961880559085133,0.8738049713193117,0.9607587433313575,0.9213554987212276,0.9727047146401985,0.6454802259887006,0.9801644895984518,0.9455380577427821
IoT__multiclass__SimFL__dirichlet_a1.0__M5__seed2,SimFL,IoT,multiclass,dirichlet,1.0,5,2,50,8,0.1,1.0,1.0,1.0,256,hist,,40,4.0,gaussian,random,proportional_blocks,4,20.0,100.0,0.2,42,20,1000,100,"[""Src_IP"", ""Dst_IP""]",50062,12516,79,"[""Normal"", ""DoS"", ""MITM ARP Spoofing"", ""Mirai"", ""Scan""]","[15612, 24312, 4162, 3256, 2720]",9.63829221900005,0.017685632999928202,7.506004160999964,0.32972123300260137,0.9426904360016124,0.3507853640066969,0.37166933600292396,0.11036115399974733,1,1,2,50,25440,32840672,32866112,37273560,3602380,40875940,440,52,73742052,20.0,100.0,2.66928896,4.2700752,6.93936416,0.975790987535954,0.9556094241576364,0.9752492884286211,0.9733614666252738,0.9397932164593401,0.033498759305210915,,,,,1.1963354906021988e-06,0.00022380299992619257,1000.0,859781.0,250.0,50.0,20430.0,40.0,4.0,gaussian,random,proportional_blocks,"[15, 24, 4, 3, 4]",0.0,38.63233090967201,,,,0.9991721854304636,,,,,,,0.9975206611570248,,,,0.9961636828644501,0.9074675324675324,0.9728897833550373,0.9911141490088858,0.966501240694789,0.78954802259887,0.9939525882922109,0.9514435695538058
IoT__multiclass__SimFL__dirichlet_a1.0__M5__seed3,SimFL,IoT,multiclass,dirichlet,1.0,5,3,50,8,0.1,1.0,1.0,1.0,256,hist,,40,4.0,gaussian,random,proportional_blocks,4,20.0,100.0,0.2,42,20,1000,100,"[""Src_IP"", ""Dst_IP""]",50062,12516,79,"[""Normal"", ""DoS"", ""MITM ARP Spoofing"", ""Mirai"", ""Scan""]","[23704, 10275, 5090, 5189, 5804]",9.694075065000106,0.01698719899968637,7.360104301999854,0.32208626000010554,1.1734108330006165,0.34531334900066213,0.3662330140045924,0.10069334400031948,1,1,2,50,25440,32840672,32866112,34020976,3538692,37559668,440,52,70425780,20.0,100.0,2.66928896,4.00477344,6.6740624,0.9733141578779163,0.9501780712290525,0.9725795195452965,0.9716780581195836,0.9315264043499931,0.04218362282878412,,,,,1.161631591561758e-06,0.00018320800018045702,1000.0,843859.0,250.0,50.0,19962.0,40.0,4.0,gaussian,random,proportional_blocks,"[23, 10, 5, 5, 7]",0.0,37.997892613159685,,,,0.9991714995857498,,,,,,,0.996694214876033,,,,0.9961290322580645,0.9043624161073825,0.9696862467563104,0.989041095890411,0.9578163771712159,0.7612994350282486,0.9943154329946783,0.94750656167979
IoT__multiclass__SimFL__dirichlet_a1.0__M5__seed4,SimFL,IoT,multiclass,dirichlet,1.0,5,4,50,8,0.1,1.0,1.0,1.0,256,hist,,40,4.0,gaussian,random,proportional_blocks,4,20.0,100.0,0.2,42,20,1000,100,"[""Src_IP"", ""Dst_IP""]",50062,12516,79,"[""Normal"", ""DoS"", ""MITM ARP Spoofing"", ""Mirai"", ""Scan""]","[8677, 2409, 9028, 10886, 19062]",11.427565931000117,0.01766187200018976,9.38814050000019,0.3105271320009706,0.8797101289992497,0.34921735499983697,0.35216357300168966,0.12096722399974169,1,1,2,50,25440,32840672,32866112,42958300,3781928,46740228,440,52,79606340,20.0,100.0,2.66928896,4.73921824,7.408507199999999,0.9637264301693832,0.9275980573638991,0.9613822775380089,0.9694297809635986,0.898234963407317,0.04838709677419355,,,,,1.121369447105244e-06,0.00028451099979065475,1000.0,904668.0,250.0,50.0,21750.0,40.0,4.0,gaussian,random,proportional_blocks,"[8, 2, 9, 10, 21]",0.0,38.52080919659622,,,,0.9991714995857498,,,,,,,0.996694214876033,,,,1.0,0.9050632911392406,0.9546140452698781,0.9883000688231246,0.9516129032258065,0.6059322033898306,0.9946782776971457,0.9422572178477691
IoT__multiclass__SimFL__iid__M10__seed0,SimFL,IoT,multiclass,iid,,10,0,50,8,0.1,1.0,1.0,1.0,256,hist,,40,4.0,gaussian,random,proportional_blocks,4,20.0,100.0,0.2,42,20,1000,100,"[""Src_IP"", ""Dst_IP""]",50062,12516,79,"[""Normal"", ""DoS"", ""MITM ARP Spoofing"", ""Mirai"", ""Scan""]","[5007, 5007, 5006, 5006, 5006, 5006, 5006, 5006, 5006, 5006]",16.668664684000078,0.03062100600004669,14.30872079400001,0.3276688379978623,0.8581939169996531,0.495274443001108,0.5313752829995337,0.10170269900004314,1,1,2,50,114480,73891512,74005992,59170364,7758234,66928598,1080,52,140934590,20.0,100.0,5.96047936,6.35428784,12.314767199999999,0.9440715883668904,0.9107601112282818,0.9429192156422482,0.9312242353118254,0.8988469049352515,0.04218362282878412,,,,,1.1097995365948168e-06,0.00019289549982204335,1000.0,821212.0,250.0,50.0,19296.0,40.0,4.0,gaussian,random,proportional_blocks,"[5, 5, 4, 4, 4, 4, 4, 4, 4, 12]",0.0,38.97877520763143,,,,0.9991714995857498,,,,,,,0.996694214876033,,,,0.9974160206718347,0.8631984585741811,0.958057129082801,0.8382780686445608,0.9578163771712159,0.632768361581921,0.9614175133043058,0.9455380577427821
IoT__multiclass__SimFL__iid__M10__seed1,SimFL,IoT,multiclass,iid,,10,1,50,8,0.1,1.0,1.0,1.0,256,hist,,40,4.0,gaussian,random,proportional_blocks,4,20.0,100.0,0.2,42,20,1000,100,"[""Src_IP"", ""Dst_IP""]",50062,12516,79,"[""Normal"", ""DoS"", ""MITM ARP Spoofing"", ""Mirai"", ""Scan""]","[5007, 5007, 5006, 5006, 5006, 5006, 5006, 5006, 5006, 5006]",18.216222948999985,0.023940513000070496,15.742779162999796,0.3245096919927164,0.8895793209999283,0.49726730099428096,0.5556439740016685,0.16748680799992144,1,1,2,50,114480,73891512,74005992,58925020,7824321,66749341,1080,52,140755333,20.0,100.0,5.96047936,6.33994728,12.30042664,0.9397571108980505,0.9042927945195837,0.9388161822009762,0.922958944450001,0.8940392739912811,0.05086848635235732,,,,,2.473020773429171e-06,0.0001866455002073053,1000.0,828555.0,250.0,50.0,19512.0,40.0,4.0,gaussian,random,proportional_blocks,"[5, 5, 4, 4, 4, 4, 4, 4, 4, 12]",0.0,39.00607468960711,,,,0.9991714995857498,,,,,,,0.996694214876033,,,,0.9986945169712794,0.8422053231939164,0.9579903147699758,0.8167330677290837,0.9491315136476427,0.6257062146892656,0.9570633768746977,0.9416010498687664
IoT__multiclass__SimFL__iid__M10__seed2,SimFL,IoT,multiclass,iid,,10,2,50,8,0.1,1.0,1.0,1.0,256,hist,,40,4.0,gaussian,random,proportional_blocks,4,20.0,100.0,0.2,42,20,1000,100,"[""Src_IP"", ""Dst_IP""]",50062,12516,79,"[""Normal"", ""DoS"", ""MITM ARP Spoofing"", ""Mirai"", ""Scan""]","[5007, 5007, 5006, 5006, 5006, 5006, 5006, 5006, 5006, 5006]",17.931159627999932,0.021355039999889414,15.596831761999965,0.3250664929987579,0.8592016040011003,0.49084637700070743,0.5153393950035934,0.1075630129998899,1,1,2,50,114480,73891512,74005992,58971176,8215497,67186673,1080,52,141192665,20.0,100.0,5.96047936,6.37493384,12.3354132,0.9423937360178971,0.9100965390567787,0.9417234147172411,0.9261582022436953,0.900831319805822,0.052109181141439205,,,,,1.1296632310602328e-06,0.00019574600037230994,1000.0,872019.0,250.0,50.0,20790.0,40.0,4.0,gaussian,random,proportional_blocks,"[5, 5, 4, 4, 4, 4, 4, 4, 4, 12]",0.0,38.98505408848583,,,,0.9991714995857498,,,,,,,0.996694214876033,,,,0.9986928104575163,0.8485401459854015,0.9601163777427567,0.8242701774470521,0.9478908188585607,0.6567796610169492,0.9579100145137881,0.9448818897637795
IoT__multiclass__SimFL__iid__M10__seed3,SimFL,IoT,multiclass,iid,,10,3,50,8,0.1,1.0,1.0,1.0,256,hist,,40,4.0,gaussian,random,proportional_blocks,4,20.0,100.0,0.2,42,20,1000,100,"[""Src_IP"", ""Dst_IP""]",50062,12516,79,"[""Normal"", ""DoS"", ""MITM ARP Spoofing"", ""Mirai"", ""Scan""]","[5007, 5007, 5006, 5006, 5006, 5006, 5006, 5006, 5006, 5006]",18.739261823000106,0.02074570800004949,16.305566444000306,0.3289847480059507,0.9431044969978757,0.49420888200302215,0.5246664769961171,0.10663885899975867,1,1,2,50,114480,73891512,74005992,59118928,8248671,67367599,1080,52,141373591,20.0,100.0,5.96047936,6.38940792,12.34988728,0.9542186001917545,0.923909523929132,0.9529259812236301,0.9504277751883377,0.9055961159897311,0.05334987593052109,,,,,1.1538239053839055e-06,0.00019498799974826397,1000.0,875705.0,250.0,50.0,20898.0,40.0,4.0,gaussian,random,proportional_blocks,"[5, 5, 4, 4, 4, 4, 4, 4, 4, 12]",0.0,38.97707509355067,,,,1.0,,,,,,,0.9958677685950413,,,,0.9960835509138382,0.9092664092664092,0.9595430747263208,0.8872458410351202,0.9466501240694789,0.6652542372881356,0.9753265602322206,0.9448818897637795
IoT__multiclass__SimFL__iid__M10__seed4,SimFL,IoT,multiclass,iid,,10,4,50,8,0.1,1.0,1.0,1.0,256,hist,,40,4.0,gaussian,random,proportional_blocks,4,20.0,100.0,0.2,42,20,1000,100,"[""Src_IP"", ""Dst_IP""]",50062,12516,79,"[""Normal"", ""DoS"", ""MITM ARP Spoofing"", ""Mirai"", ""Scan""]","[5007, 5007, 5006, 5006, 5006, 5006, 5006, 5006, 5006, 5006]",17.54805909300012,0.019352076999894052,15.283814540000094,0.31027536799638256,0.8500028709995604,0.46995575198661754,0.49746614099331055,0.10269634899987068,1,1,2,50,114480,73891512,74005992,58925240,8081928,67007168,1080,52,141013160,20.0,100.0,5.96047936,6.36057344,12.3210528,0.9464685202940236,0.9119702089863132,0.944884782250002,0.9399662554367267,0.8952465403472821,0.04962779156327544,,,,,1.2011186481163109e-06,0.0001869795000857266,1000.0,857178.0,250.0,50.0,20354.0,40.0,4.0,gaussian,random,proportional_blocks,"[5, 5, 4, 4, 4, 4, 4, 4, 4, 12]",0.0,39.02646718069594,,,,1.0,,,,,,,0.9958677685950413,,,,0.9960988296488946,0.8936605316973415,0.955892899832656,0.8541790160047421,0.9503722084367245,0.617231638418079,0.9672230285437833,0.9455380577427821
IoT__multiclass__SimFL__iid__M2__seed0,SimFL,IoT,multiclass,iid,,2,0,50,8,0.1,1.0,1.0,1.0,256,hist,,40,4.0,gaussian,random,proportional_blocks,4,20.0,100.0,0.2,42,20,1000,100,"[""Src_IP"", ""Dst_IP""]",50062,12516,79,"[""Normal"", ""DoS"", ""MITM ARP Spoofing"", ""Mirai"", ""Scan""]","[25031, 25031]",5.580427969000084,0.028690301999859003,3.6298925239998425,0.30693331500037857,0.9877505119995931,0.2516541420018257,0.2577625839983284,0.11271056400005364,1,1,2,50,2544,8210168,8212712,33547800,869784,34417584,104,52,42630296,20.0,100.0,0.69701696,3.75340672,4.45042368,0.9773889421540428,0.958615988627695,0.976815763099147,0.9780344012710532,0.9416220920583628,0.02481389578163772,,,,,1.1126237615854735e-06,0.00018980350000674662,1000.0,828970.0,250.0,50.0,19524.0,40.0,4.0,gaussian,random,proportional_blocks,"[25, 25]",0.0,39.52994287084016,,,,0.9991714995857498,,,,,,,0.996694214876033,,,,0.9987293519695044,0.9289256198347108,0.9736406619385343,0.9897048730267674,0.9751861042183623,0.7937853107344632,0.9962506047411708,0.9461942257217848
IoT__multiclass__SimFL__iid__M2__seed1,SimFL,IoT,multiclass,iid,,2,1,50,8,0.1,1.0,1.0,1.0,256,hist,,40,4.0,gaussian,random,proportional_blocks,4,20.0,100.0,0.2,42,20,1000,100,"[""Src_IP"", ""Dst_IP""]",50062,12516,79,"[""Normal"", ""DoS"", ""MITM ARP Spoofing"", ""Mirai"", ""Scan""]","[25031, 25031]",8.28572537800028,0.01690736599994125,6.2207993419997365,0.3262648109971451,1.0502119250004398,0.27266546200189623,0.28215813300266746,0.11090500299997075,1,1,2,50,2544,8210168,8212712,33774400,875234,34649634,104,52,42862346,20.0,100.0,0.69701696,3.77197072,4.46898768,0.9757110898050495,0.9567355224501185,0.9752498498580668,0.9706611998352436,0.9442349079073177,0.022332506203473945,,,,,1.2594129913377133e-06,0.0002132679999249376,1000.0,834420.0,250.0,50.0,19684.0,40.0,4.0,gaussian,random,proportional_blocks,"[25, 25]",0.0,39.56611801366306,,,,1.0,,,,,,,0.9975206611570248,,,,0.9987325728770595,0.9056,0.9757113942135969,0.9732620320855615,0.9776674937965261,0.7994350282485876,0.991170778906628,0.9553805774278216
IoT__multiclass__SimFL__iid__M2__seed2,SimFL,IoT,multiclass,iid,,2,2,50,8,0.1,1.0,1.0,1.0,256,hist,,40,4.0,gaussian,random,proportional_blocks,4,20.0,100.0,0.2,42,20,1000,100,"[""Src_IP"", ""Dst_IP""]",50062,12516,79,"[""Normal"", ""DoS"", ""MITM ARP Spoofing"", ""Mirai"", ""Scan""]","[25031, 25031]",6.156010529000014,0.022482679999939137,3.7920048839996525,0.3276331699976254,1.3087498249992677,0.2852893700032837,0.307784110000739,0.10626739600002111,1,1,2,50,2544,8210168,8212712,33683100,881496,34564596,104,52,42777308,20.0,100.0,0.69701696,3.76516768,4.46218464,0.9797059763502717,0.9636449090348134,0.9793036353167052,0.9795097773273577,0.9493542761388873,0.02109181141439206,,,,,1.112290188544121e-06,0.00018426349993205804,1000.0,840682.0,250.0,50.0,19868.0,40.0,4.0,gaussian,random,proportional_blocks,"[25, 25]",0.0,39.5446446406456,,,,1.0,,,,,,,0.9975206611570248,,,,0.9974715549936789,0.9329073482428115,0.9767524611552604,0.9904175222450377,0.9789081885856079,0.8248587570621468,0.9960087082728593,0.949475065616798
IoT__multiclass__SimFL__iid__M2__seed3,SimFL,IoT,multiclass,iid,,2,3,50,8,0.1,1.0,1.0,1.0,256,hist,,40,4.0,gaussian,random,proportional_blocks,4,20.0,100.0,0.2,42,20,1000,100,"[""Src_IP"", ""Dst_IP""]",50062,12516,79,"[""Normal"", ""DoS"", ""MITM ARP Spoofing"", ""Mirai"", ""Scan""]","[25031, 25031]",7.030991511000138,0.022585216999686963,4.9784439439999915,0.319348057996649,1.043664434997936,0.26363272500520907,0.29081502600320164,0.10710406599991984,1,1,2,50,2544,8210168,8212712,33605000,872362,34477362,104,52,42690074,20.0,100.0,0.69701696,3.75818896,4.45520592,0.9754713966123362,0.9569464097026763,0.9750778681891815,0.9697160654893994,0.9452796460914051,0.02481389578163772,,,,,1.7386263982146102e-06,0.00021121499980836234,1000.0,831548.0,250.0,50.0,19600.0,40.0,4.0,gaussian,random,proportional_blocks,"[25, 25]",0.0,39.54166833126923,,,,1.0,,,,,,,0.9983471074380166,,,,1.0,0.9025157232704403,0.976164938624717,0.9698996655518395,0.9751861042183623,0.8107344632768362,0.9906869859700048,0.9514435695538058
IoT__multiclass__SimFL__iid__M2__seed4,SimFL,IoT,multiclass,iid,,2,4,50,8,0.1,1.0,1.0,1.0,256,hist,,40,4.0,gaussian,random,proportional_blocks,4,20.0,100.0,0.2,42,20,1000,100,"[""Src_IP"", ""Dst_IP""]",50062,12516,79,"[""Normal"", ""DoS"", ""MITM ARP Spoofing"", ""Mirai"", ""Scan""]","[25031, 25031]",5.507810878999862,0.022243031000016344,3.5496814500002074,0.3000914160015782,1.0246681230019021,0.24206090299458083,0.26221065099935004,0.10171760100001848,1,1,2,50,2544,8210168,8212712,33584100,893662,34477762,104,52,42690474,20.0,100.0,0.69701696,3.75822096,4.45523792,0.9780281240012784,0.9598493881694775,0.9775682124754851,0.9760845487778294,0.9452357133114369,0.022332506203473945,,,,,1.0839646852103907e-06,0.00019530350004970387,1000.0,852848.0,250.0,50.0,20226.0,40.0,4.0,gaussian,random,proportional_blocks,"[25, 25]",0.0,39.56551875674164,,,,0.9983471074380166,,,,,,,0.9983471074380166,,,,0.9987325728770595,0.9137380191693291,0.9751184834123223,0.994486560992419,0.9776674937965261,0.807909604519774,0.9954039671020803,0.9468503937007874
IoT__multiclass__SimFL__iid__M5__seed0,SimFL,IoT,multiclass,iid,,5,0,50,8,0.1,1.0,1.0,1.0,256,hist,,40,4.0,gaussian,random,proportional_blocks,4,20.0,100.0,0.2,42,20,1000,100,"[""Src_IP"", ""Dst_IP""]",50062,12516,79,"[""Normal"", ""DoS"", ""MITM ARP Spoofing"", ""Mirai"", ""Scan""]","[10013, 10013, 10012, 10012, 10012]",10.453607512999952,0.029075849000037124,8.34642375899989,0.319606786001259,0.8678562459997465,0.4061688590018093,0.36952353199649224,0.10539292800012845,1,1,2,50,25440,32840672,32866112,53270932,3559340,56830272,440,52,89696384,20.0,100.0,2.66928896,5.54642176,8.21571072,0.9610099073186321,0.9329387000783832,0.9597319177666414,0.9587511782583908,0.9137118115118827,0.04094292803970223,,,,,2.9193351709761322e-06,0.00019278449997273128,1000.0,849021.0,250.0,50.0,20114.0,40.0,4.0,gaussian,random,proportional_blocks,"[10, 10, 9, 9, 12]",0.0,39.27279673205226,,,,1.0,,,,,,,0.996694214876033,,,,0.9987080103359173,0.9080675422138836,0.9619803387421533,0.925,0.9590570719602978,0.6836158192090396,0.9823415578132559,0.9468503937007874
IoT__multiclass__SimFL__iid__M5__seed1,SimFL,IoT,multiclass,iid,,5,1,50,8,0.1,1.0,1.0,1.0,256,hist,,40,4.0,gaussian,random,proportional_blocks,4,20.0,100.0,0.2,42,20,1000,100,"[""Src_IP"", ""Dst_IP""]",50062,12516,79,"[""Normal"", ""DoS"", ""MITM ARP Spoofing"", ""Mirai"", ""Scan""]","[10013, 10013, 10012, 10012, 10012]",11.644801875000212,0.017835282000305597,9.47925480799995,0.3299096800033112,0.9164125469997089,0.411162206003155,0.37542311100287407,0.10467662800010658,1,1,2,50,25440,32840672,32866112,53122784,3506328,56629112,440,52,89495224,20.0,100.0,2.66928896,5.53032896,8.19961792,0.9691594758708852,0.9408836937067434,0.9678078530494386,0.9692705786224683,0.9184585624766575,0.031017369727047148,,,,,1.0983388462901533e-06,0.0001919710000493069,1000.0,835768.0,250.0,50.0,19724.0,40.0,4.0,gaussian,random,proportional_blocks,"[10, 10, 9, 9, 12]",0.0,39.30110662778155,,,,0.9983457402812241,,,,,,,0.9975206611570248,,,,1.0,0.8985239852398524,0.9638667292351009,0.9856164383561644,0.9689826302729528,0.6878531073446328,0.9937106918238994,0.9442257217847769
IoT__multiclass__SimFL__iid__M5__seed2,SimFL,IoT,multiclass,iid,,5,2,50,8,0.1,1.0,1.0,1.0,256,hist,,40,4.0,gaussian,random,proportional_blocks,4,20.0,100.0,0.2,42,20,1000,100,"[""Src_IP"", ""Dst_IP""]",50062,12516,79,"[""Normal"", ""DoS"", ""MITM ARP Spoofing"", ""Mirai"", ""Scan""]","[10013, 10013, 10012, 10012, 10012]",11.11681039000041,0.018011378000210243,8.842795714999738,0.323865709004167,0.990494259998286,0.4231855860043652,0.4018307829992409,0.10629689200004577,1,1,2,50,25440,32840672,32866112,53050976,3547140,56598116,440,52,89464228,20.0,100.0,2.66928896,5.52784928,8.19713824,0.961888782358581,0.9336848449810529,0.9607421201748961,0.9566807042134409,0.9158645264779771,0.04218362282878412,,,,,1.1502923457772426e-06,0.00019939399999202578,1000.0,845971.0,250.0,50.0,20024.0,40.0,4.0,gaussian,random,proportional_blocks,"[10, 10, 9, 9, 12]",0.0,39.27951839718749,,,,0.9983443708609272,,,,,,,0.996694214876033,,,,0.9974160206718347,0.8947368421052632,0.9638282732447818,0.9290780141843972,0.9578163771712159,0.6963276836158192,0.9829462989840348,0.9455380577427821
IoT__multiclass__SimFL__iid__M5__seed3,SimFL,IoT,multiclass,iid,,5,3,50,8,0.1,1.0,1.0,1.0,256,hist,,40,4.0,gaussian,random,proportional_blocks,4,20.0,100.0,0.2,42,20,1000,100,"[""Src_IP"", ""Dst_IP""]",50062,12516,79,"[""Normal"", ""DoS"", ""MITM ARP Spoofing"", ""Mirai"", ""Scan""]","[10013, 10013, 10012, 10012, 10012]",11.626418736000232,0.018459759000052145,9.507000051999967,0.31617874600487994,0.8607277290011552,0.3922130930027379,0.3643746410048152,0.15790181000011216,1,1,2,50,25440,32840672,32866112,53127800,3683660,56811460,440,52,89677572,20.0,100.0,2.66928896,5.5449168,8.21420576,0.9630872483221476,0.9382121174462842,0.9622161773754856,0.9603613003984144,0.9207075832166435,0.05086848635235732,,,,,1.108572866715618e-06,0.00019671749964800256,1000.0,880101.0,250.0,50.0,21028.0,40.0,4.0,gaussian,random,proportional_blocks,"[10, 10, 9, 9, 12]",0.0,39.271313571171746,,,,0.9983443708609272,,,,,,,0.996694214876033,,,,1.0,0.91651865008881,0.9655377302436126,0.921405750798722,0.9491315136476427,0.7288135593220338,0.9827044025157232,0.9461942257217848
IoT__multiclass__SimFL__iid__M5__seed4,SimFL,IoT,multiclass,iid,,5,4,50,8,0.1,1.0,1.0,1.0,256,hist,,40,4.0,gaussian,random,proportional_blocks,4,20.0,100.0,0.2,42,20,1000,100,"[""Src_IP"", ""Dst_IP""]",50062,12516,79,"[""Normal"", ""DoS"", ""MITM ARP Spoofing"", ""Mirai"", ""Scan""]","[10013, 10013, 10012, 10012, 10012]",11.419163521999963,0.017347251999581204,9.248272499999985,0.3095447239979876,0.913386903997889,0.3888312699996277,0.36852621600064595,0.16404239299981782,1,1,2,50,25440,32840672,32866112,53055684,3648076,56703760,440,52,89569872,20.0,100.0,2.66928896,5.5363008,8.20558976,0.9661233620965165,0.9376433984811392,0.9649104138235743,0.9639560256113183,0.9162707945996724,0.04590570719602978,,,,,1.1058801534162394e-06,0.00020577249983944057,1000.0,871205.0,250.0,50.0,20766.0,40.0,4.0,gaussian,random,proportional_blocks,"[10, 10, 9, 9, 12]",0.0,39.31268726778794,,,,0.9991708126036484,,,,,,,0.9958677685950413,,,,0.9948253557567918,0.8884892086330936,0.9623794968257701,0.9749152542372881,0.9540942928039702,0.6977401129943502,0.9900822447992259,0.9435695538057742
